[   11324ms] [WARNING] Failed to execute 'postMessage' on 'DOMWindow': The target origin provided ('https://www.youtube.com') does not match the recipient window's origin ('https://www.google.com'). @ https://www.youtube.com/s/player/8fb635c2/www-widgetapi.vflset/www-widgetapi.js:209
[   14531ms] [LOG] NOT IE @ https://cdn11.bigcommerce.com/s-nf2wyptn54/stencil/7fb49820-3ace-013d-af50-7ec31f7f8a62/e/beaf0b70-fbb0-013e-2220-3a76370ef6be/dist/theme-bundle.main.js:1
[   14652ms] [WARNING] [Termly] Termly ResourceBlocker is not the first script on the page. You might not be blocking unapproved content. @ https://app.termly.io/resource-blocker/137de6b4-b9f5-4419-92ec-a8f7230cc12d?autoBlock=on:177
[   14684ms] [LOG] [Klaviyo / Onsite] Initializing. @ https://a.klaviyo.com/media/js/onsite/onsite.js:143
[   14684ms] [LOG] [Klaviyo / Onsite] Executing: init @ https://a.klaviyo.com/media/js/onsite/onsite.js:143
[   14684ms] [LOG] [Klaviyo / Onsite] Executing: enable @ https://a.klaviyo.com/media/js/onsite/onsite.js:143
[   15654ms] [LOG] hide-compare @ https://cdn11.bigcommerce.com/s-nf2wyptn54/stencil/7fb49820-3ace-013d-af50-7ec31f7f8a62/e/beaf0b70-fbb0-013e-2220-3a76370ef6be/dist/theme-bundle.main.js:1
[   15654ms] [LOG] hide-compare @ https://cdn11.bigcommerce.com/s-nf2wyptn54/stencil/7fb49820-3ace-013d-af50-7ec31f7f8a62/e/beaf0b70-fbb0-013e-2220-3a76370ef6be/dist/theme-bundle.main.js:1
[   15655ms] [LOG] 0 @ https://cdn11.bigcommerce.com/s-nf2wyptn54/stencil/7fb49820-3ace-013d-af50-7ec31f7f8a62/e/beaf0b70-fbb0-013e-2220-3a76370ef6be/dist/theme-bundle.main.js:1
[   18213ms] Uncaught TypeError: d.isImmediatePropagationStopped is not a function
    at g.proxy (https://a.klaviyo.com/media/js/onsite/onsite.js:47:187)
[   32077ms] Uncaught TypeError: d.isImmediatePropagationStopped is not a function
    at g.proxy (https://a.klaviyo.com/media/js/onsite/onsite.js:47:187)
[   36778ms] [ERROR] Failed to load resource: the server responded with a status of 503 () @ https://ogads-pa.clients6.google.com/$rpc/google.internal.onegoogle.asyncdata.v1.AsyncDataService/GetAsyncData:0
[   37296ms] [WARNING] Failed to execute 'postMessage' on 'DOMWindow': The target origin provided ('https://www.youtube.com') does not match the recipient window's origin ('https://www.google.com'). @ https://www.youtube.com/s/player/8fb635c2/www-widgetapi.vflset/www-widgetapi.js:209
[   66689ms] [ERROR] Failed to load resource: net::ERR_FAILED @ chrome://favicon2/?size=16&scaleFactor=1x&pageUrl=https%3A%2F%2Frecall-radar.aged-morning-c8e4.workers.dev%2F&allowGoogleServerFallback=0&forceLightMode=true&forceEmptyDefaultFavicon=1:0
[   66689ms] [ERROR] Failed to load resource: net::ERR_FAILED @ chrome://favicon2/?size=16&scaleFactor=1x&pageUrl=chrome%3A%2F%2Fchrome-urls%2F&allowGoogleServerFallback=0&forceLightMode=true&forceEmptyDefaultFavicon=1:0
[   66689ms] [ERROR] Failed to load resource: net::ERR_FAILED @ chrome://favicon2/?size=16&scaleFactor=1x&pageUrl=https%3A%2F%2Frecall-radar.aged-morning-c8e4.workers.dev%2Facura%2Fintegra&allowGoogleServerFallback=0&forceLightMode=true&forceEmptyDefaultFavicon=1:0
[   73737ms] Error: Minified React error #418; visit https://reactjs.org/docs/error-decoder.html?invariant=418 for the full message or use the non-minified dev environment for full errors and additional helpful warnings.
    at ly (https://www.cabelas.com/_next/static/chunks/framework-12a56d886f41c44d.js:1:46890)
    at https://www.cabelas.com/_next/static/chunks/framework-12a56d886f41c44d.js:1:100062
    at oI (https://www.cabelas.com/_next/static/chunks/framework-12a56d886f41c44d.js:1:106282)
    at oD (https://www.cabelas.com/_next/static/chunks/framework-12a56d886f41c44d.js:1:99230)
    at https://www.cabelas.com/_next/static/chunks/framework-12a56d886f41c44d.js:1:99037
    at oO (https://www.cabelas.com/_next/static/chunks/framework-12a56d886f41c44d.js:1:99044)
    at ox (https://www.cabelas.com/_next/static/chunks/framework-12a56d886f41c44d.js:1:94083)
    at x (https://www.cabelas.com/_next/static/chunks/framework-12a56d886f41c44d.js:1:137568)
    at MessagePort.T (https://www.cabelas.com/_next/static/chunks/framework-12a56d886f41c44d.js:1:138098)
    at Object.g [as apply] (https://www.cabelas.com/static/97bb0c85f04f9ca532b29367d04f975f11907d7fbb337b:27:123)
    at MessagePort.<anonymous> (https://www.cabelas.com/static/97bb0c85f04f9ca532b29367d04f975f11907d7fbb337b:27:358)
[   73737ms] Error: Minified React error #418; visit https://reactjs.org/docs/error-decoder.html?invariant=418 for the full message or use the non-minified dev environment for full errors and additional helpful warnings.
    at lg (https://www.cabelas.com/_next/static/chunks/framework-12a56d886f41c44d.js:1:46436)
    at i (https://www.cabelas.com/_next/static/chunks/framework-12a56d886f41c44d.js:1:121203)
    at oD (https://www.cabelas.com/_next/static/chunks/framework-12a56d886f41c44d.js:1:99170)
    at https://www.cabelas.com/_next/static/chunks/framework-12a56d886f41c44d.js:1:99037
    at oO (https://www.cabelas.com/_next/static/chunks/framework-12a56d886f41c44d.js:1:99044)
    at ox (https://www.cabelas.com/_next/static/chunks/framework-12a56d886f41c44d.js:1:94083)
    at x (https://www.cabelas.com/_next/static/chunks/framework-12a56d886f41c44d.js:1:137568)
    at MessagePort.T (https://www.cabelas.com/_next/static/chunks/framework-12a56d886f41c44d.js:1:138098)
    at Object.g [as apply] (https://www.cabelas.com/static/97bb0c85f04f9ca532b29367d04f975f11907d7fbb337b:27:123)
    at MessagePort.<anonymous> (https://www.cabelas.com/static/97bb0c85f04f9ca532b29367d04f975f11907d7fbb337b:27:358)
[   73737ms] Error: Minified React error #418; visit https://reactjs.org/docs/error-decoder.html?invariant=418 for the full message or use the non-minified dev environment for full errors and additional helpful warnings.
    at lg (https://www.cabelas.com/_next/static/chunks/framework-12a56d886f41c44d.js:1:46436)
    at i (https://www.cabelas.com/_next/static/chunks/framework-12a56d886f41c44d.js:1:121203)
    at oD (https://www.cabelas.com/_next/static/chunks/framework-12a56d886f41c44d.js:1:99170)
    at https://www.cabelas.com/_next/static/chunks/framework-12a56d886f41c44d.js:1:99037
    at oO (https://www.cabelas.com/_next/static/chunks/framework-12a56d886f41c44d.js:1:99044)
    at ox (https://www.cabelas.com/_next/static/chunks/framework-12a56d886f41c44d.js:1:94083)
    at x (https://www.cabelas.com/_next/static/chunks/framework-12a56d886f41c44d.js:1:137568)
    at MessagePort.T (https://www.cabelas.com/_next/static/chunks/framework-12a56d886f41c44d.js:1:138098)
    at Object.g [as apply] (https://www.cabelas.com/static/97bb0c85f04f9ca532b29367d04f975f11907d7fbb337b:27:123)
    at MessagePort.<anonymous> (https://www.cabelas.com/static/97bb0c85f04f9ca532b29367d04f975f11907d7fbb337b:27:358)
[   73737ms] Error: Minified React error #418; visit https://reactjs.org/docs/error-decoder.html?invariant=418 for the full message or use the non-minified dev environment for full errors and additional helpful warnings.
    at lg (https://www.cabelas.com/_next/static/chunks/framework-12a56d886f41c44d.js:1:46436)
    at i (https://www.cabelas.com/_next/static/chunks/framework-12a56d886f41c44d.js:1:121203)
    at oD (https://www.cabelas.com/_next/static/chunks/framework-12a56d886f41c44d.js:1:99170)
    at https://www.cabelas.com/_next/static/chunks/framework-12a56d886f41c44d.js:1:99037
    at oO (https://www.cabelas.com/_next/static/chunks/framework-12a56d886f41c44d.js:1:99044)
    at ox (https://www.cabelas.com/_next/static/chunks/framework-12a56d886f41c44d.js:1:94083)
    at x (https://www.cabelas.com/_next/static/chunks/framework-12a56d886f41c44d.js:1:137568)
    at MessagePort.T (https://www.cabelas.com/_next/static/chunks/framework-12a56d886f41c44d.js:1:138098)
    at Object.g [as apply] (https://www.cabelas.com/static/97bb0c85f04f9ca532b29367d04f975f11907d7fbb337b:27:123)
    at MessagePort.<anonymous> (https://www.cabelas.com/static/97bb0c85f04f9ca532b29367d04f975f11907d7fbb337b:27:358)
[   73737ms] Error: Minified React error #418; visit https://reactjs.org/docs/error-decoder.html?invariant=418 for the full message or use the non-minified dev environment for full errors and additional helpful warnings.
    at lg (https://www.cabelas.com/_next/static/chunks/framework-12a56d886f41c44d.js:1:46436)
    at i (https://www.cabelas.com/_next/static/chunks/framework-12a56d886f41c44d.js:1:121203)
    at oD (https://www.cabelas.com/_next/static/chunks/framework-12a56d886f41c44d.js:1:99170)
    at https://www.cabelas.com/_next/static/chunks/framework-12a56d886f41c44d.js:1:99037
    at oO (https://www.cabelas.com/_next/static/chunks/framework-12a56d886f41c44d.js:1:99044)
    at ox (https://www.cabelas.com/_next/static/chunks/framework-12a56d886f41c44d.js:1:94083)
    at x (https://www.cabelas.com/_next/static/chunks/framework-12a56d886f41c44d.js:1:137568)
    at MessagePort.T (https://www.cabelas.com/_next/static/chunks/framework-12a56d886f41c44d.js:1:138098)
    at Object.g [as apply] (https://www.cabelas.com/static/97bb0c85f04f9ca532b29367d04f975f11907d7fbb337b:27:123)
    at MessagePort.<anonymous> (https://www.cabelas.com/static/97bb0c85f04f9ca532b29367d04f975f11907d7fbb337b:27:358)
[   73737ms] Error: Minified React error #418; visit https://reactjs.org/docs/error-decoder.html?invariant=418 for the full message or use the non-minified dev environment for full errors and additional helpful warnings.
    at lg (https://www.cabelas.com/_next/static/chunks/framework-12a56d886f41c44d.js:1:46436)
    at i (https://www.cabelas.com/_next/static/chunks/framework-12a56d886f41c44d.js:1:121203)
    at oD (https://www.cabelas.com/_next/static/chunks/framework-12a56d886f41c44d.js:1:99170)
    at https://www.cabelas.com/_next/static/chunks/framework-12a56d886f41c44d.js:1:99037
    at oO (https://www.cabelas.com/_next/static/chunks/framework-12a56d886f41c44d.js:1:99044)
    at ox (https://www.cabelas.com/_next/static/chunks/framework-12a56d886f41c44d.js:1:94083)
    at x (https://www.cabelas.com/_next/static/chunks/framework-12a56d886f41c44d.js:1:137568)
    at MessagePort.T (https://www.cabelas.com/_next/static/chunks/framework-12a56d886f41c44d.js:1:138098)
    at Object.g [as apply] (https://www.cabelas.com/static/97bb0c85f04f9ca532b29367d04f975f11907d7fbb337b:27:123)
    at MessagePort.<anonymous> (https://www.cabelas.com/static/97bb0c85f04f9ca532b29367d04f975f11907d7fbb337b:27:358)
[   73737ms] Error: Minified React error #418; visit https://reactjs.org/docs/error-decoder.html?invariant=418 for the full message or use the non-minified dev environment for full errors and additional helpful warnings.
    at lg (https://www.cabelas.com/_next/static/chunks/framework-12a56d886f41c44d.js:1:46436)
    at i (https://www.cabelas.com/_next/static/chunks/framework-12a56d886f41c44d.js:1:121203)
    at oD (https://www.cabelas.com/_next/static/chunks/framework-12a56d886f41c44d.js:1:99170)
    at https://www.cabelas.com/_next/static/chunks/framework-12a56d886f41c44d.js:1:99037
    at oO (https://www.cabelas.com/_next/static/chunks/framework-12a56d886f41c44d.js:1:99044)
    at ox (https://www.cabelas.com/_next/static/chunks/framework-12a56d886f41c44d.js:1:94083)
    at x (https://www.cabelas.com/_next/static/chunks/framework-12a56d886f41c44d.js:1:137568)
    at MessagePort.T (https://www.cabelas.com/_next/static/chunks/framework-12a56d886f41c44d.js:1:138098)
    at Object.g [as apply] (https://www.cabelas.com/static/97bb0c85f04f9ca532b29367d04f975f11907d7fbb337b:27:123)
    at MessagePort.<anonymous> (https://www.cabelas.com/static/97bb0c85f04f9ca532b29367d04f975f11907d7fbb337b:27:358)
[   73737ms] Error: Minified React error #418; visit https://reactjs.org/docs/error-decoder.html?invariant=418 for the full message or use the non-minified dev environment for full errors and additional helpful warnings.
    at lg (https://www.cabelas.com/_next/static/chunks/framework-12a56d886f41c44d.js:1:46436)
    at i (https://www.cabelas.com/_next/static/chunks/framework-12a56d886f41c44d.js:1:121203)
    at oD (https://www.cabelas.com/_next/static/chunks/framework-12a56d886f41c44d.js:1:99170)
    at https://www.cabelas.com/_next/static/chunks/framework-12a56d886f41c44d.js:1:99037
    at oO (https://www.cabelas.com/_next/static/chunks/framework-12a56d886f41c44d.js:1:99044)
    at ox (https://www.cabelas.com/_next/static/chunks/framework-12a56d886f41c44d.js:1:94083)
    at x (https://www.cabelas.com/_next/static/chunks/framework-12a56d886f41c44d.js:1:137568)
    at MessagePort.T (https://www.cabelas.com/_next/static/chunks/framework-12a56d886f41c44d.js:1:138098)
    at Object.g [as apply] (https://www.cabelas.com/static/97bb0c85f04f9ca532b29367d04f975f11907d7fbb337b:27:123)
    at MessagePort.<anonymous> (https://www.cabelas.com/static/97bb0c85f04f9ca532b29367d04f975f11907d7fbb337b:27:358)
[   73737ms] Error: Minified React error #418; visit https://reactjs.org/docs/error-decoder.html?invariant=418 for the full message or use the non-minified dev environment for full errors and additional helpful warnings.
    at lg (https://www.cabelas.com/_next/static/chunks/framework-12a56d886f41c44d.js:1:46436)
    at i (https://www.cabelas.com/_next/static/chunks/framework-12a56d886f41c44d.js:1:121203)
    at oD (https://www.cabelas.com/_next/static/chunks/framework-12a56d886f41c44d.js:1:99170)
    at https://www.cabelas.com/_next/static/chunks/framework-12a56d886f41c44d.js:1:99037
    at oO (https://www.cabelas.com/_next/static/chunks/framework-12a56d886f41c44d.js:1:99044)
    at ox (https://www.cabelas.com/_next/static/chunks/framework-12a56d886f41c44d.js:1:94083)
    at x (https://www.cabelas.com/_next/static/chunks/framework-12a56d886f41c44d.js:1:137568)
    at MessagePort.T (https://www.cabelas.com/_next/static/chunks/framework-12a56d886f41c44d.js:1:138098)
    at Object.g [as apply] (https://www.cabelas.com/static/97bb0c85f04f9ca532b29367d04f975f11907d7fbb337b:27:123)
    at MessagePort.<anonymous> (https://www.cabelas.com/static/97bb0c85f04f9ca532b29367d04f975f11907d7fbb337b:27:358)
[   73737ms] Error: Minified React error #423; visit https://reactjs.org/docs/error-decoder.html?invariant=423 for the full message or use the non-minified dev environment for full errors and additional helpful warnings.
    at i (https://www.cabelas.com/_next/static/chunks/framework-12a56d886f41c44d.js:1:120872)
    at oD (https://www.cabelas.com/_next/static/chunks/framework-12a56d886f41c44d.js:1:99170)
    at https://www.cabelas.com/_next/static/chunks/framework-12a56d886f41c44d.js:1:99037
    at oO (https://www.cabelas.com/_next/static/chunks/framework-12a56d886f41c44d.js:1:99044)
    at oE (https://www.cabelas.com/_next/static/chunks/framework-12a56d886f41c44d.js:1:95796)
    at ox (https://www.cabelas.com/_next/static/chunks/framework-12a56d886f41c44d.js:1:94351)
    at x (https://www.cabelas.com/_next/static/chunks/framework-12a56d886f41c44d.js:1:137568)
    at MessagePort.T (https://www.cabelas.com/_next/static/chunks/framework-12a56d886f41c44d.js:1:138098)
    at Object.g [as apply] (https://www.cabelas.com/static/97bb0c85f04f9ca532b29367d04f975f11907d7fbb337b:27:123)
    at MessagePort.<anonymous> (https://www.cabelas.com/static/97bb0c85f04f9ca532b29367d04f975f11907d7fbb337b:27:358)
[   74920ms] [WARNING] The `platformUrl` (undefined) option will be deprecated in the next major version. Consider using the `organizationEndpoints` option instead. See [Organization endpoints](https://docs.coveo.com/en/mcc80216). @ https://www.cabelas.com/_next/static/chunks/pages/_app-ff68fca0029dbc7e.js:0
[   74921ms] [WARNING] The `organizationEndpoints` options was not explicitly set in the Headless engine configuration. Coveo recommends setting this option, as it has resiliency benefits and simplifies the overall configuration for multi-region deployments. See [Organization endpoints](https://docs.coveo.com/en/mcc80216). @ https://www.cabelas.com/_next/static/chunks/pages/_app-ff68fca0029dbc7e.js:0
[   80337ms] SampledOutError: Session is sampled out
[   81487ms] SampledOutError: Session is sampled out
[   86337ms] [ERROR] Failed to load resource: net::ERR_TOO_MANY_REDIRECTS @ https://match.prod.bidr.io/cookie-sync/mediawallah?dif=1&_bee_ppp=1:0
[   89140ms] [WARNING] An iframe which has both allow-scripts and allow-same-origin for its sandbox attribute can escape its sandboxing. @ https://www.cabelas.com/static/97bb0c85f04f9ca532b29367d04f975f11907d7fbb337b:23
[   91328ms] [LOG] closeSidebar started @ https://cdn.quantummetric.com/qscripts/quantum-basspro.js:120
[   91341ms] [LOG] closeSidebar animate @ https://cdn.quantummetric.com/qscripts/quantum-basspro.js:120
[  101311ms] SampledOutError: Session is sampled out
[  104223ms] SampledOutError: Session is sampled out
[  104715ms] SyntaxError: Failed to execute 'appendChild' on 'Node': Identifier 'old_breadcrumb' has already been declared
    at https://www.cabelas.com/static/97bb0c85f04f9ca532b29367d04f975f11907d7fbb337b:24:456
    at Vf.$ (https://www.cabelas.com/static/97bb0c85f04f9ca532b29367d04f975f11907d7fbb337b:274:490)
    at Object.apply (https://www.cabelas.com/static/97bb0c85f04f9ca532b29367d04f975f11907d7fbb337b:24:444)
    at s (https://www.cabelas.com/_next/static/chunks/pages/_app-ff68fca0029dbc7e.js:14:706354)
    at https://www.cabelas.com/_next/static/chunks/pages/_app-ff68fca0029dbc7e.js:14:470719
    at Array.forEach (<anonymous>)
    at https://www.cabelas.com/_next/static/chunks/pages/_app-ff68fca0029dbc7e.js:14:470700
    at uU (https://www.cabelas.com/_next/static/chunks/framework-12a56d886f41c44d.js:1:84205)
    at oV (https://www.cabelas.com/_next/static/chunks/framework-12a56d886f41c44d.js:1:113251)
    at o (https://www.cabelas.com/_next/static/chunks/framework-12a56d886f41c44d.js:1:107804)
    at x (https://www.cabelas.com/_next/static/chunks/framework-12a56d886f41c44d.js:1:137568)
    at MessagePort.T (https://www.cabelas.com/_next/static/chunks/framework-12a56d886f41c44d.js:1:138098)
    at Object.g [as apply] (https://www.cabelas.com/static/97bb0c85f04f9ca532b29367d04f975f11907d7fbb337b:27:123)
    at MessagePort.<anonymous> (https://www.cabelas.com/static/97bb0c85f04f9ca532b29367d04f975f11907d7fbb337b:27:358)
[  104788ms] SampledOutError: Session is sampled out
[  106868ms] SampledOutError: Session is sampled out
[  122433ms] SampledOutError: Session is sampled out
[  137135ms] SampledOutError: Session is sampled out
[  137884ms] SyntaxError: Failed to execute 'appendChild' on 'Node': Identifier 'old_breadcrumb' has already been declared
    at https://www.cabelas.com/static/97bb0c85f04f9ca532b29367d04f975f11907d7fbb337b:24:456
    at Vf.$ (https://www.cabelas.com/static/97bb0c85f04f9ca532b29367d04f975f11907d7fbb337b:274:490)
    at Object.apply (https://www.cabelas.com/static/97bb0c85f04f9ca532b29367d04f975f11907d7fbb337b:24:444)
    at s (https://www.cabelas.com/_next/static/chunks/pages/_app-ff68fca0029dbc7e.js:14:706354)
    at https://www.cabelas.com/_next/static/chunks/pages/_app-ff68fca0029dbc7e.js:14:470719
    at Array.forEach (<anonymous>)
    at https://www.cabelas.com/_next/static/chunks/pages/_app-ff68fca0029dbc7e.js:14:470700
    at uU (https://www.cabelas.com/_next/static/chunks/framework-12a56d886f41c44d.js:1:84205)
    at oV (https://www.cabelas.com/_next/static/chunks/framework-12a56d886f41c44d.js:1:113251)
    at o (https://www.cabelas.com/_next/static/chunks/framework-12a56d886f41c44d.js:1:107804)
    at x (https://www.cabelas.com/_next/static/chunks/framework-12a56d886f41c44d.js:1:137568)
    at MessagePort.T (https://www.cabelas.com/_next/static/chunks/framework-12a56d886f41c44d.js:1:138098)
    at Object.g [as apply] (https://www.cabelas.com/static/97bb0c85f04f9ca532b29367d04f975f11907d7fbb337b:27:123)
    at MessagePort.<anonymous> (https://www.cabelas.com/static/97bb0c85f04f9ca532b29367d04f975f11907d7fbb337b:27:358)
[  138071ms] SampledOutError: Session is sampled out
[  140767ms] SampledOutError: Session is sampled out
[  200247ms] SampledOutError: Session is sampled out
[  201178ms] [WARNING] The resource https://assets.basspro.com/image/upload/b_rgb:FFFFFF,c_pad,dpr_1.0,f_auto,h_375,q_auto,w_600/c_pad,h_375,w_600/v1/ProductImages/450/black_101950646_main?pgw=1 was preloaded using link preload but not used within a few seconds from the window's load event. Please make sure it has an appropriate `as` value and it is preloaded intentionally. @ https://www.cabelas.com/p/glock-19x-v-mos-semi-auto-pistol-with-threaded-barrel:0
[  201178ms] [WARNING] The resource https://assets.basspro.com/image/upload/b_rgb:FFFFFF,c_pad,dpr_1.0,f_auto,h_375,q_auto,w_600/c_pad,h_375,w_600/v1/ProductImages/450/fde1_101132700_main?pgw=1 was preloaded using link preload but not used within a few seconds from the window's load event. Please make sure it has an appropriate `as` value and it is preloaded intentionally. @ https://www.cabelas.com/p/glock-19x-v-mos-semi-auto-pistol-with-threaded-barrel:0
[  201178ms] [WARNING] The resource https://assets.basspro.com/image/upload/b_rgb:FFFFFF,c_pad,dpr_1.0,f_auto,h_375,q_auto,w_600/c_pad,h_375,w_600/v1/ProductImages/450/master1_101982093_main?pgw=1 was preloaded using link preload but not used within a few seconds from the window's load event. Please make sure it has an appropriate `as` value and it is preloaded intentionally. @ https://www.cabelas.com/p/glock-19x-v-mos-semi-auto-pistol-with-threaded-barrel:0
[  213301ms] [WARNING] The resource https://assets.basspro.com/image/upload/b_rgb:FFFFFF,c_pad,dpr_1.0,f_auto,h_375,q_auto,w_600/c_pad,h_375,w_600/v1/ProductImages/450/black_101950646_main?pgw=1 was preloaded using link preload but not used within a few seconds from the window's load event. Please make sure it has an appropriate `as` value and it is preloaded intentionally. @ https://www.cabelas.com/p/glock-19x-v-mos-semi-auto-pistol-with-threaded-barrel:0
[  213301ms] [WARNING] The resource https://assets.basspro.com/image/upload/b_rgb:FFFFFF,c_pad,dpr_1.0,f_auto,h_375,q_auto,w_600/c_pad,h_375,w_600/v1/ProductImages/450/fde1_101132700_main?pgw=1 was preloaded using link preload but not used within a few seconds from the window's load event. Please make sure it has an appropriate `as` value and it is preloaded intentionally. @ https://www.cabelas.com/p/glock-19x-v-mos-semi-auto-pistol-with-threaded-barrel:0
[  213301ms] [WARNING] The resource https://assets.basspro.com/image/upload/b_rgb:FFFFFF,c_pad,dpr_1.0,f_auto,h_375,q_auto,w_600/c_pad,h_375,w_600/v1/ProductImages/450/master1_101982093_main?pgw=1 was preloaded using link preload but not used within a few seconds from the window's load event. Please make sure it has an appropriate `as` value and it is preloaded intentionally. @ https://www.cabelas.com/p/glock-19x-v-mos-semi-auto-pistol-with-threaded-barrel:0
[  232215ms] SampledOutError: Session is sampled out
[  233335ms] SyntaxError: Failed to execute 'appendChild' on 'Node': Identifier 'old_breadcrumb' has already been declared
    at https://www.cabelas.com/static/97bb0c85f04f9ca532b29367d04f975f11907d7fbb337b:24:456
    at Vf.$ (https://www.cabelas.com/static/97bb0c85f04f9ca532b29367d04f975f11907d7fbb337b:274:490)
    at Object.apply (https://www.cabelas.com/static/97bb0c85f04f9ca532b29367d04f975f11907d7fbb337b:24:444)
    at s (https://www.cabelas.com/_next/static/chunks/pages/_app-ff68fca0029dbc7e.js:14:706354)
    at https://www.cabelas.com/_next/static/chunks/pages/_app-ff68fca0029dbc7e.js:14:470719
    at Array.forEach (<anonymous>)
    at https://www.cabelas.com/_next/static/chunks/pages/_app-ff68fca0029dbc7e.js:14:470700
    at uU (https://www.cabelas.com/_next/static/chunks/framework-12a56d886f41c44d.js:1:84205)
    at oV (https://www.cabelas.com/_next/static/chunks/framework-12a56d886f41c44d.js:1:113251)
    at o (https://www.cabelas.com/_next/static/chunks/framework-12a56d886f41c44d.js:1:107804)
    at x (https://www.cabelas.com/_next/static/chunks/framework-12a56d886f41c44d.js:1:137568)
    at MessagePort.T (https://www.cabelas.com/_next/static/chunks/framework-12a56d886f41c44d.js:1:138098)
    at Object.g [as apply] (https://www.cabelas.com/static/97bb0c85f04f9ca532b29367d04f975f11907d7fbb337b:27:123)
    at MessagePort.<anonymous> (https://www.cabelas.com/static/97bb0c85f04f9ca532b29367d04f975f11907d7fbb337b:27:358)
[  233455ms] SampledOutError: Session is sampled out
[  236336ms] SampledOutError: Session is sampled out
[  256927ms] SampledOutError: Session is sampled out
[  268150ms] [WARNING] The resource https://assets.basspro.com/image/upload/b_rgb:FFFFFF,c_pad,dpr_1.0,f_auto,h_375,q_auto,w_600/c_pad,h_375,w_600/v1/ProductImages/450/black_101950646_main?pgw=1 was preloaded using link preload but not used within a few seconds from the window's load event. Please make sure it has an appropriate `as` value and it is preloaded intentionally. @ https://www.cabelas.com/l/guns#firstResult=36:0
[  268150ms] [WARNING] The resource https://assets.basspro.com/image/upload/b_rgb:FFFFFF,c_pad,dpr_1.0,f_auto,h_375,q_auto,w_600/c_pad,h_375,w_600/v1/ProductImages/450/fde1_101132700_main?pgw=1 was preloaded using link preload but not used within a few seconds from the window's load event. Please make sure it has an appropriate `as` value and it is preloaded intentionally. @ https://www.cabelas.com/l/guns#firstResult=36:0
[  268150ms] [WARNING] The resource https://assets.basspro.com/image/upload/b_rgb:FFFFFF,c_pad,dpr_1.0,f_auto,h_375,q_auto,w_600/c_pad,h_375,w_600/v1/ProductImages/450/master1_101982093_main?pgw=1 was preloaded using link preload but not used within a few seconds from the window's load event. Please make sure it has an appropriate `as` value and it is preloaded intentionally. @ https://www.cabelas.com/l/guns#firstResult=36:0
[  273408ms] SampledOutError: Session is sampled out
[  274831ms] [WARNING] The resource https://assets.basspro.com/image/upload/b_rgb:FFFFFF,c_pad,dpr_1.0,f_auto,h_375,q_auto,w_600/c_pad,h_375,w_600/v1/ProductImages/450/master2_1202190501121_main?pgw=1 was preloaded using link preload but not used within a few seconds from the window's load event. Please make sure it has an appropriate `as` value and it is preloaded intentionally. @ https://www.cabelas.com/p/beretta-92fs-usa-edition-semi-auto-pistol:0
[  274831ms] [WARNING] The resource https://assets.basspro.com/image/upload/b_rgb:FFFFFF,c_pad,dpr_1.0,f_auto,h_375,q_auto,w_600/c_pad,h_375,w_600/v1/ProductImages/450/black_101950646_main?pgw=1 was preloaded using link preload but not used within a few seconds from the window's load event. Please make sure it has an appropriate `as` value and it is preloaded intentionally. @ https://www.cabelas.com/p/beretta-92fs-usa-edition-semi-auto-pistol:0
[  274831ms] [WARNING] The resource https://assets.basspro.com/image/upload/b_rgb:FFFFFF,c_pad,dpr_1.0,f_auto,h_375,q_auto,w_600/c_pad,h_375,w_600/v1/ProductImages/450/fde1_101132700_main?pgw=1 was preloaded using link preload but not used within a few seconds from the window's load event. Please make sure it has an appropriate `as` value and it is preloaded intentionally. @ https://www.cabelas.com/p/beretta-92fs-usa-edition-semi-auto-pistol:0
[  274831ms] [WARNING] The resource https://assets.basspro.com/image/upload/b_rgb:FFFFFF,c_pad,dpr_1.0,f_auto,h_375,q_auto,w_600/c_pad,h_375,w_600/v1/ProductImages/450/master1_101982093_main?pgw=1 was preloaded using link preload but not used within a few seconds from the window's load event. Please make sure it has an appropriate `as` value and it is preloaded intentionally. @ https://www.cabelas.com/p/beretta-92fs-usa-edition-semi-auto-pistol:0
[  282708ms] [WARNING] The resource https://assets.basspro.com/image/upload/b_rgb:FFFFFF,c_pad,dpr_1.0,f_auto,h_375,q_auto,w_600/c_pad,h_375,w_600/v1/ProductImages/450/master2_1202190501121_main?pgw=1 was preloaded using link preload but not used within a few seconds from the window's load event. Please make sure it has an appropriate `as` value and it is preloaded intentionally. @ https://www.cabelas.com/p/beretta-92fs-usa-edition-semi-auto-pistol:0
[  282709ms] [WARNING] The resource https://assets.basspro.com/image/upload/b_rgb:FFFFFF,c_pad,dpr_1.0,f_auto,h_375,q_auto,w_600/c_pad,h_375,w_600/v1/ProductImages/450/black_101950646_main?pgw=1 was preloaded using link preload but not used within a few seconds from the window's load event. Please make sure it has an appropriate `as` value and it is preloaded intentionally. @ https://www.cabelas.com/p/beretta-92fs-usa-edition-semi-auto-pistol:0
[  282709ms] [WARNING] The resource https://assets.basspro.com/image/upload/b_rgb:FFFFFF,c_pad,dpr_1.0,f_auto,h_375,q_auto,w_600/c_pad,h_375,w_600/v1/ProductImages/450/fde1_101132700_main?pgw=1 was preloaded using link preload but not used within a few seconds from the window's load event. Please make sure it has an appropriate `as` value and it is preloaded intentionally. @ https://www.cabelas.com/p/beretta-92fs-usa-edition-semi-auto-pistol:0
[  282709ms] [WARNING] The resource https://assets.basspro.com/image/upload/b_rgb:FFFFFF,c_pad,dpr_1.0,f_auto,h_375,q_auto,w_600/c_pad,h_375,w_600/v1/ProductImages/450/master1_101982093_main?pgw=1 was preloaded using link preload but not used within a few seconds from the window's load event. Please make sure it has an appropriate `as` value and it is preloaded intentionally. @ https://www.cabelas.com/p/beretta-92fs-usa-edition-semi-auto-pistol:0
[  289647ms] [WARNING] The resource https://assets.basspro.com/image/upload/b_rgb:FFFFFF,c_pad,dpr_1.0,f_auto,h_375,q_auto,w_600/c_pad,h_375,w_600/v1/ProductImages/450/master2_1202190501121_main?pgw=1 was preloaded using link preload but not used within a few seconds from the window's load event. Please make sure it has an appropriate `as` value and it is preloaded intentionally. @ https://www.cabelas.com/p/beretta-92fs-usa-edition-semi-auto-pistol:0
[  289647ms] [WARNING] The resource https://assets.basspro.com/image/upload/b_rgb:FFFFFF,c_pad,dpr_1.0,f_auto,h_375,q_auto,w_600/c_pad,h_375,w_600/v1/ProductImages/450/black_101950646_main?pgw=1 was preloaded using link preload but not used within a few seconds from the window's load event. Please make sure it has an appropriate `as` value and it is preloaded intentionally. @ https://www.cabelas.com/p/beretta-92fs-usa-edition-semi-auto-pistol:0
[  289647ms] [WARNING] The resource https://assets.basspro.com/image/upload/b_rgb:FFFFFF,c_pad,dpr_1.0,f_auto,h_375,q_auto,w_600/c_pad,h_375,w_600/v1/ProductImages/450/fde1_101132700_main?pgw=1 was preloaded using link preload but not used within a few seconds from the window's load event. Please make sure it has an appropriate `as` value and it is preloaded intentionally. @ https://www.cabelas.com/p/beretta-92fs-usa-edition-semi-auto-pistol:0
[  289647ms] [WARNING] The resource https://assets.basspro.com/image/upload/b_rgb:FFFFFF,c_pad,dpr_1.0,f_auto,h_375,q_auto,w_600/c_pad,h_375,w_600/v1/ProductImages/450/master1_101982093_main?pgw=1 was preloaded using link preload but not used within a few seconds from the window's load event. Please make sure it has an appropriate `as` value and it is preloaded intentionally. @ https://www.cabelas.com/p/beretta-92fs-usa-edition-semi-auto-pistol:0
[  291804ms] SampledOutError: Session is sampled out
[  294041ms] SyntaxError: Failed to execute 'appendChild' on 'Node': Identifier 'old_breadcrumb' has already been declared
    at https://www.cabelas.com/static/97bb0c85f04f9ca532b29367d04f975f11907d7fbb337b:24:456
    at Vf.$ (https://www.cabelas.com/static/97bb0c85f04f9ca532b29367d04f975f11907d7fbb337b:274:490)
    at Object.apply (https://www.cabelas.com/static/97bb0c85f04f9ca532b29367d04f975f11907d7fbb337b:24:444)
    at s (https://www.cabelas.com/_next/static/chunks/pages/_app-ff68fca0029dbc7e.js:14:706354)
    at https://www.cabelas.com/_next/static/chunks/pages/_app-ff68fca0029dbc7e.js:14:470719
    at Array.forEach (<anonymous>)
    at https://www.cabelas.com/_next/static/chunks/pages/_app-ff68fca0029dbc7e.js:14:470700
    at uU (https://www.cabelas.com/_next/static/chunks/framework-12a56d886f41c44d.js:1:84205)
    at oV (https://www.cabelas.com/_next/static/chunks/framework-12a56d886f41c44d.js:1:113251)
    at ox (https://www.cabelas.com/_next/static/chunks/framework-12a56d886f41c44d.js:1:93960)
    at x (https://www.cabelas.com/_next/static/chunks/framework-12a56d886f41c44d.js:1:137568)
    at MessagePort.T (https://www.cabelas.com/_next/static/chunks/framework-12a56d886f41c44d.js:1:138098)
    at Object.g [as apply] (https://www.cabelas.com/static/97bb0c85f04f9ca532b29367d04f975f11907d7fbb337b:27:123)
    at MessagePort.<anonymous> (https://www.cabelas.com/static/97bb0c85f04f9ca532b29367d04f975f11907d7fbb337b:27:358)
[  294299ms] SampledOutError: Session is sampled out
[  317300ms] [WARNING] The resource https://assets.basspro.com/image/upload/b_rgb:FFFFFF,c_pad,dpr_1.0,f_auto,h_375,q_auto,w_600/c_pad,h_375,w_600/v1/ProductImages/450/master2_1202190501121_main?pgw=1 was preloaded using link preload but not used within a few seconds from the window's load event. Please make sure it has an appropriate `as` value and it is preloaded intentionally. @ https://www.cabelas.com/l/guns#firstResult=36:0
[  317301ms] [WARNING] The resource https://assets.basspro.com/image/upload/b_rgb:FFFFFF,c_pad,dpr_1.0,f_auto,h_375,q_auto,w_600/c_pad,h_375,w_600/v1/ProductImages/450/black_101950646_main?pgw=1 was preloaded using link preload but not used within a few seconds from the window's load event. Please make sure it has an appropriate `as` value and it is preloaded intentionally. @ https://www.cabelas.com/l/guns#firstResult=36:0
[  317301ms] [WARNING] The resource https://assets.basspro.com/image/upload/b_rgb:FFFFFF,c_pad,dpr_1.0,f_auto,h_375,q_auto,w_600/c_pad,h_375,w_600/v1/ProductImages/450/fde1_101132700_main?pgw=1 was preloaded using link preload but not used within a few seconds from the window's load event. Please make sure it has an appropriate `as` value and it is preloaded intentionally. @ https://www.cabelas.com/l/guns#firstResult=36:0
[  317301ms] [WARNING] The resource https://assets.basspro.com/image/upload/b_rgb:FFFFFF,c_pad,dpr_1.0,f_auto,h_375,q_auto,w_600/c_pad,h_375,w_600/v1/ProductImages/450/master1_101982093_main?pgw=1 was preloaded using link preload but not used within a few seconds from the window's load event. Please make sure it has an appropriate `as` value and it is preloaded intentionally. @ https://www.cabelas.com/l/guns#firstResult=36:0
[  334259ms] SampledOutError: Session is sampled out
[  335444ms] [WARNING] The resource https://assets.basspro.com/image/upload/b_rgb:FFFFFF,c_pad,dpr_1.0,f_auto,h_375,q_auto,w_600/c_pad,h_375,w_600/v1/ProductImages/450/master2_1202190501121_main?pgw=1 was preloaded using link preload but not used within a few seconds from the window's load event. Please make sure it has an appropriate `as` value and it is preloaded intentionally. @ https://www.cabelas.com/p/glock-43-subcompact-semi-auto-pistol:0
[  335444ms] [WARNING] The resource https://assets.basspro.com/image/upload/b_rgb:FFFFFF,c_pad,dpr_1.0,f_auto,h_375,q_auto,w_600/c_pad,h_375,w_600/v1/ProductImages/450/black_101950646_main?pgw=1 was preloaded using link preload but not used within a few seconds from the window's load event. Please make sure it has an appropriate `as` value and it is preloaded intentionally. @ https://www.cabelas.com/p/glock-43-subcompact-semi-auto-pistol:0
[  335444ms] [WARNING] The resource https://assets.basspro.com/image/upload/b_rgb:FFFFFF,c_pad,dpr_1.0,f_auto,h_375,q_auto,w_600/c_pad,h_375,w_600/v1/ProductImages/450/fde1_101132700_main?pgw=1 was preloaded using link preload but not used within a few seconds from the window's load event. Please make sure it has an appropriate `as` value and it is preloaded intentionally. @ https://www.cabelas.com/p/glock-43-subcompact-semi-auto-pistol:0
[  335444ms] [WARNING] The resource https://assets.basspro.com/image/upload/b_rgb:FFFFFF,c_pad,dpr_1.0,f_auto,h_375,q_auto,w_600/c_pad,h_375,w_600/v1/ProductImages/450/master1_101982093_main?pgw=1 was preloaded using link preload but not used within a few seconds from the window's load event. Please make sure it has an appropriate `as` value and it is preloaded intentionally. @ https://www.cabelas.com/p/glock-43-subcompact-semi-auto-pistol:0
[  335444ms] [WARNING] The resource https://assets.basspro.com/image/upload/b_rgb:FFFFFF,c_pad,dpr_1.0,f_auto,h_375,q_auto,w_600/c_pad,h_375,w_600/v1/ProductImages/450/master1_2217097_main?pgw=1 was preloaded using link preload but not used within a few seconds from the window's load event. Please make sure it has an appropriate `as` value and it is preloaded intentionally. @ https://www.cabelas.com/p/glock-43-subcompact-semi-auto-pistol:0
[  336615ms] [ERROR] Failed to load resource: the server responded with a status of 404 (Not Found) @ https://b1sync.zemanta.com/usersync/liveintent/?cb=//i.liadm.com/s/35004?bidder_id%3D98254%26bidder_uuid%3D__ZUID__:0
[  341307ms] SampledOutError: Session is sampled out
[  343208ms] SampledOutError: Session is sampled out
[  343249ms] SyntaxError: Failed to execute 'appendChild' on 'Node': Identifier 'old_breadcrumb' has already been declared
    at https://www.cabelas.com/static/97bb0c85f04f9ca532b29367d04f975f11907d7fbb337b:24:456
    at Vf.$ (https://www.cabelas.com/static/97bb0c85f04f9ca532b29367d04f975f11907d7fbb337b:274:490)
    at Object.apply (https://www.cabelas.com/static/97bb0c85f04f9ca532b29367d04f975f11907d7fbb337b:24:444)
    at s (https://www.cabelas.com/_next/static/chunks/pages/_app-ff68fca0029dbc7e.js:14:706354)
    at https://www.cabelas.com/_next/static/chunks/pages/_app-ff68fca0029dbc7e.js:14:470719
    at Array.forEach (<anonymous>)
    at https://www.cabelas.com/_next/static/chunks/pages/_app-ff68fca0029dbc7e.js:14:470700
    at uU (https://www.cabelas.com/_next/static/chunks/framework-12a56d886f41c44d.js:1:84205)
    at oV (https://www.cabelas.com/_next/static/chunks/framework-12a56d886f41c44d.js:1:113251)
    at o (https://www.cabelas.com/_next/static/chunks/framework-12a56d886f41c44d.js:1:107804)
    at x (https://www.cabelas.com/_next/static/chunks/framework-12a56d886f41c44d.js:1:137568)
    at MessagePort.T (https://www.cabelas.com/_next/static/chunks/framework-12a56d886f41c44d.js:1:138098)
    at Object.g [as apply] (https://www.cabelas.com/static/97bb0c85f04f9ca532b29367d04f975f11907d7fbb337b:27:123)
    at MessagePort.<anonymous> (https://www.cabelas.com/static/97bb0c85f04f9ca532b29367d04f975f11907d7fbb337b:27:358)
[  353159ms] SampledOutError: Session is sampled out
[  354610ms] [WARNING] The resource https://assets.basspro.com/image/upload/b_rgb:FFFFFF,c_pad,dpr_1.0,f_auto,h_375,q_auto,w_600/c_pad,h_375,w_600/v1/ProductImages/450/master2_1202190501121_main?pgw=1 was preloaded using link preload but not used within a few seconds from the window's load event. Please make sure it has an appropriate `as` value and it is preloaded intentionally. @ https://www.cabelas.com/p/colt-python-double-action-single-action-revolver:0
[  354610ms] [WARNING] The resource https://assets.basspro.com/image/upload/b_rgb:FFFFFF,c_pad,dpr_1.0,f_auto,h_375,q_auto,w_600/c_pad,h_375,w_600/v1/ProductImages/450/black_101950646_main?pgw=1 was preloaded using link preload but not used within a few seconds from the window's load event. Please make sure it has an appropriate `as` value and it is preloaded intentionally. @ https://www.cabelas.com/p/colt-python-double-action-single-action-revolver:0
[  354610ms] [WARNING] The resource https://assets.basspro.com/image/upload/b_rgb:FFFFFF,c_pad,dpr_1.0,f_auto,h_375,q_auto,w_600/c_pad,h_375,w_600/v1/ProductImages/450/fde1_101132700_main?pgw=1 was preloaded using link preload but not used within a few seconds from the window's load event. Please make sure it has an appropriate `as` value and it is preloaded intentionally. @ https://www.cabelas.com/p/colt-python-double-action-single-action-revolver:0
[  354610ms] [WARNING] The resource https://assets.basspro.com/image/upload/b_rgb:FFFFFF,c_pad,dpr_1.0,f_auto,h_375,q_auto,w_600/c_pad,h_375,w_600/v1/ProductImages/450/master1_101982093_main?pgw=1 was preloaded using link preload but not used within a few seconds from the window's load event. Please make sure it has an appropriate `as` value and it is preloaded intentionally. @ https://www.cabelas.com/p/colt-python-double-action-single-action-revolver:0
[  354610ms] [WARNING] The resource https://assets.basspro.com/image/upload/b_rgb:FFFFFF,c_pad,dpr_1.0,f_auto,h_375,q_auto,w_600/c_pad,h_375,w_600/v1/ProductImages/450/master1_100782726_main?pgw=1 was preloaded using link preload but not used within a few seconds from the window's load event. Please make sure it has an appropriate `as` value and it is preloaded intentionally. @ https://www.cabelas.com/p/colt-python-double-action-single-action-revolver:0
[  354610ms] [WARNING] The resource https://assets.basspro.com/image/upload/b_rgb:FFFFFF,c_pad,dpr_1.0,f_auto,h_375,q_auto,w_600/c_pad,h_375,w_600/v1/ProductImages/450/master1_2217097_main?pgw=1 was preloaded using link preload but not used within a few seconds from the window's load event. Please make sure it has an appropriate `as` value and it is preloaded intentionally. @ https://www.cabelas.com/p/colt-python-double-action-single-action-revolver:0
[  371850ms] [WARNING] Original asset size does not allow for extra zoom levels. [asset width: 1000px] @ https://cdn.quantummetric.com/qscripts/quantum-basspro.js:120
[  375843ms] SampledOutError: Session is sampled out
[  377791ms] SampledOutError: Session is sampled out
[  377897ms] SyntaxError: Failed to execute 'appendChild' on 'Node': Identifier 'old_breadcrumb' has already been declared
    at https://www.cabelas.com/static/97bb0c85f04f9ca532b29367d04f975f11907d7fbb337b:24:456
    at Vf.$ (https://www.cabelas.com/static/97bb0c85f04f9ca532b29367d04f975f11907d7fbb337b:274:490)
    at Object.apply (https://www.cabelas.com/static/97bb0c85f04f9ca532b29367d04f975f11907d7fbb337b:24:444)
    at s (https://www.cabelas.com/_next/static/chunks/pages/_app-ff68fca0029dbc7e.js:14:706354)
    at https://www.cabelas.com/_next/static/chunks/pages/_app-ff68fca0029dbc7e.js:14:470719
    at Array.forEach (<anonymous>)
    at https://www.cabelas.com/_next/static/chunks/pages/_app-ff68fca0029dbc7e.js:14:470700
    at uU (https://www.cabelas.com/_next/static/chunks/framework-12a56d886f41c44d.js:1:84205)
    at oV (https://www.cabelas.com/_next/static/chunks/framework-12a56d886f41c44d.js:1:113251)
    at oP (https://www.cabelas.com/_next/static/chunks/framework-12a56d886f41c44d.js:1:96070)
    at r8 (https://www.cabelas.com/_next/static/chunks/framework-12a56d886f41c44d.js:1:44910)
    at https://www.cabelas.com/_next/static/chunks/framework-12a56d886f41c44d.js:1:93696
    at Object.g [as apply] (https://www.cabelas.com/static/97bb0c85f04f9ca532b29367d04f975f11907d7fbb337b:38:178)
[  401611ms] [WARNING] The resource https://assets.basspro.com/image/upload/b_rgb:FFFFFF,c_pad,dpr_1.0,f_auto,h_375,q_auto,w_600/c_pad,h_375,w_600/v1/ProductImages/450/master2_1202190501121_main?pgw=1 was preloaded using link preload but not used within a few seconds from the window's load event. Please make sure it has an appropriate `as` value and it is preloaded intentionally. @ https://www.cabelas.com/l/guns#firstResult=36:0
[  401611ms] [WARNING] The resource https://assets.basspro.com/image/upload/b_rgb:FFFFFF,c_pad,dpr_1.0,f_auto,h_375,q_auto,w_600/c_pad,h_375,w_600/v1/ProductImages/450/black_101950646_main?pgw=1 was preloaded using link preload but not used within a few seconds from the window's load event. Please make sure it has an appropriate `as` value and it is preloaded intentionally. @ https://www.cabelas.com/l/guns#firstResult=36:0
[  401611ms] [WARNING] The resource https://assets.basspro.com/image/upload/b_rgb:FFFFFF,c_pad,dpr_1.0,f_auto,h_375,q_auto,w_600/c_pad,h_375,w_600/v1/ProductImages/450/fde1_101132700_main?pgw=1 was preloaded using link preload but not used within a few seconds from the window's load event. Please make sure it has an appropriate `as` value and it is preloaded intentionally. @ https://www.cabelas.com/l/guns#firstResult=36:0
[  401611ms] [WARNING] The resource https://assets.basspro.com/image/upload/b_rgb:FFFFFF,c_pad,dpr_1.0,f_auto,h_375,q_auto,w_600/c_pad,h_375,w_600/v1/ProductImages/450/master1_101982093_main?pgw=1 was preloaded using link preload but not used within a few seconds from the window's load event. Please make sure it has an appropriate `as` value and it is preloaded intentionally. @ https://www.cabelas.com/l/guns#firstResult=36:0
[  401611ms] [WARNING] The resource https://assets.basspro.com/image/upload/b_rgb:FFFFFF,c_pad,dpr_1.0,f_auto,h_375,q_auto,w_600/c_pad,h_375,w_600/v1/ProductImages/450/master1_100782726_main?pgw=1 was preloaded using link preload but not used within a few seconds from the window's load event. Please make sure it has an appropriate `as` value and it is preloaded intentionally. @ https://www.cabelas.com/l/guns#firstResult=36:0
[  401611ms] [WARNING] The resource https://assets.basspro.com/image/upload/b_rgb:FFFFFF,c_pad,dpr_1.0,f_auto,h_375,q_auto,w_600/c_pad,h_375,w_600/v1/ProductImages/450/master1_2217097_main?pgw=1 was preloaded using link preload but not used within a few seconds from the window's load event. Please make sure it has an appropriate `as` value and it is preloaded intentionally. @ https://www.cabelas.com/l/guns#firstResult=36:0
[  420412ms] SampledOutError: Session is sampled out
[  421005ms] [ERROR] Failed to load resource: the server responded with a status of 400 () @ https://assets.basspro.com/image/list/fn_select:jq:first(.%5B%5D%7Cselect(.public_id%20%7C%20endswith(%22main%22)))/4944504.json?$Prod_PLPThumb$:0
[  421042ms] [ERROR] Failed to load resource: the server responded with a status of 400 () @ https://assets.basspro.com/image/list/fn_select:jq:first(.%5B%5D%7Cselect(.public_id%20%7C%20endswith(%22main%22)))/4944504.json?$Prod_PLPThumb$:0
[  421096ms] [ERROR] Failed to load resource: the server responded with a status of 404 () @ https://assets.basspro.com/image/list/fn_select:jq:first(.%5B%5D%7Cselect(.public_id%20%7C%20endswith(%22main%22)))/4963526.json?$Prod_PLPThumb$:0
[  421583ms] [WARNING] The resource https://assets.basspro.com/image/upload/b_rgb:FFFFFF,c_pad,dpr_1.0,f_auto,h_375,q_auto,w_600/c_pad,h_375,w_600/v1/ProductImages/450/master2_1202190501121_main?pgw=1 was preloaded using link preload but not used within a few seconds from the window's load event. Please make sure it has an appropriate `as` value and it is preloaded intentionally. @ https://www.cabelas.com/l/used-centerfire-pistol:0
[  421583ms] [WARNING] The resource https://assets.basspro.com/image/upload/b_rgb:FFFFFF,c_pad,dpr_1.0,f_auto,h_375,q_auto,w_600/c_pad,h_375,w_600/v1/ProductImages/450/black_101950646_main?pgw=1 was preloaded using link preload but not used within a few seconds from the window's load event. Please make sure it has an appropriate `as` value and it is preloaded intentionally. @ https://www.cabelas.com/l/used-centerfire-pistol:0
[  421583ms] [WARNING] The resource https://assets.basspro.com/image/upload/b_rgb:FFFFFF,c_pad,dpr_1.0,f_auto,h_375,q_auto,w_600/c_pad,h_375,w_600/v1/ProductImages/450/fde1_101132700_main?pgw=1 was preloaded using link preload but not used within a few seconds from the window's load event. Please make sure it has an appropriate `as` value and it is preloaded intentionally. @ https://www.cabelas.com/l/used-centerfire-pistol:0
[  421583ms] [WARNING] The resource https://assets.basspro.com/image/upload/b_rgb:FFFFFF,c_pad,dpr_1.0,f_auto,h_375,q_auto,w_600/c_pad,h_375,w_600/v1/ProductImages/450/master1_101982093_main?pgw=1 was preloaded using link preload but not used within a few seconds from the window's load event. Please make sure it has an appropriate `as` value and it is preloaded intentionally. @ https://www.cabelas.com/l/used-centerfire-pistol:0
[  421583ms] [WARNING] The resource https://assets.basspro.com/image/upload/b_rgb:FFFFFF,c_pad,dpr_1.0,f_auto,h_375,q_auto,w_600/c_pad,h_375,w_600/v1/ProductImages/450/master1_100782726_main?pgw=1 was preloaded using link preload but not used within a few seconds from the window's load event. Please make sure it has an appropriate `as` value and it is preloaded intentionally. @ https://www.cabelas.com/l/used-centerfire-pistol:0
[  421583ms] [WARNING] The resource https://assets.basspro.com/image/upload/b_rgb:FFFFFF,c_pad,dpr_1.0,f_auto,h_375,q_auto,w_600/c_pad,h_375,w_600/v1/ProductImages/450/master1_2217097_main?pgw=1 was preloaded using link preload but not used within a few seconds from the window's load event. Please make sure it has an appropriate `as` value and it is preloaded intentionally. @ https://www.cabelas.com/l/used-centerfire-pistol:0
[  421822ms] SampledOutError: Session is sampled out
[  421886ms] [ERROR] Failed to load resource: the server responded with a status of 400 () @ https://assets.basspro.com/image/list/fn_select:jq:first(.%5B%5D%7Cselect(.public_id%20%7C%20endswith(%22main%22)))/4944504.json?$Prod_PLPThumb$:0
[  430363ms] [WARNING] The resource https://assets.basspro.com/image/upload/b_rgb:FFFFFF,c_pad,dpr_1.0,f_auto,h_375,q_auto,w_600/c_pad,h_375,w_600/v1/ProductImages/450/master2_1202190501121_main?pgw=1 was preloaded using link preload but not used within a few seconds from the window's load event. Please make sure it has an appropriate `as` value and it is preloaded intentionally. @ https://www.cabelas.com/l/used-centerfire-pistol:0
[  430364ms] [WARNING] The resource https://assets.basspro.com/image/upload/b_rgb:FFFFFF,c_pad,dpr_1.0,f_auto,h_375,q_auto,w_600/c_pad,h_375,w_600/v1/ProductImages/450/black_101950646_main?pgw=1 was preloaded using link preload but not used within a few seconds from the window's load event. Please make sure it has an appropriate `as` value and it is preloaded intentionally. @ https://www.cabelas.com/l/used-centerfire-pistol:0
[  430364ms] [WARNING] The resource https://assets.basspro.com/image/upload/b_rgb:FFFFFF,c_pad,dpr_1.0,f_auto,h_375,q_auto,w_600/c_pad,h_375,w_600/v1/ProductImages/450/fde1_101132700_main?pgw=1 was preloaded using link preload but not used within a few seconds from the window's load event. Please make sure it has an appropriate `as` value and it is preloaded intentionally. @ https://www.cabelas.com/l/used-centerfire-pistol:0
[  430364ms] [WARNING] The resource https://assets.basspro.com/image/upload/b_rgb:FFFFFF,c_pad,dpr_1.0,f_auto,h_375,q_auto,w_600/c_pad,h_375,w_600/v1/ProductImages/450/master1_101982093_main?pgw=1 was preloaded using link preload but not used within a few seconds from the window's load event. Please make sure it has an appropriate `as` value and it is preloaded intentionally. @ https://www.cabelas.com/l/used-centerfire-pistol:0
[  430364ms] [WARNING] The resource https://assets.basspro.com/image/upload/b_rgb:FFFFFF,c_pad,dpr_1.0,f_auto,h_375,q_auto,w_600/c_pad,h_375,w_600/v1/ProductImages/450/master1_100782726_main?pgw=1 was preloaded using link preload but not used within a few seconds from the window's load event. Please make sure it has an appropriate `as` value and it is preloaded intentionally. @ https://www.cabelas.com/l/used-centerfire-pistol:0
[  430364ms] [WARNING] The resource https://assets.basspro.com/image/upload/b_rgb:FFFFFF,c_pad,dpr_1.0,f_auto,h_375,q_auto,w_600/c_pad,h_375,w_600/v1/ProductImages/450/master1_2217097_main?pgw=1 was preloaded using link preload but not used within a few seconds from the window's load event. Please make sure it has an appropriate `as` value and it is preloaded intentionally. @ https://www.cabelas.com/l/used-centerfire-pistol:0
[  454874ms] [WARNING] The resource https://assets.basspro.com/image/upload/b_rgb:FFFFFF,c_pad,dpr_1.0,f_auto,h_375,q_auto,w_600/c_pad,h_375,w_600/v1/ProductImages/450/master2_1202190501121_main?pgw=1 was preloaded using link preload but not used within a few seconds from the window's load event. Please make sure it has an appropriate `as` value and it is preloaded intentionally. @ https://www.cabelas.com/l/used-centerfire-pistol:0
[  454874ms] [WARNING] The resource https://assets.basspro.com/image/upload/b_rgb:FFFFFF,c_pad,dpr_1.0,f_auto,h_375,q_auto,w_600/c_pad,h_375,w_600/v1/ProductImages/450/black_101950646_main?pgw=1 was preloaded using link preload but not used within a few seconds from the window's load event. Please make sure it has an appropriate `as` value and it is preloaded intentionally. @ https://www.cabelas.com/l/used-centerfire-pistol:0
[  454874ms] [WARNING] The resource https://assets.basspro.com/image/upload/b_rgb:FFFFFF,c_pad,dpr_1.0,f_auto,h_375,q_auto,w_600/c_pad,h_375,w_600/v1/ProductImages/450/fde1_101132700_main?pgw=1 was preloaded using link preload but not used within a few seconds from the window's load event. Please make sure it has an appropriate `as` value and it is preloaded intentionally. @ https://www.cabelas.com/l/used-centerfire-pistol:0
[  454874ms] [WARNING] The resource https://assets.basspro.com/image/upload/b_rgb:FFFFFF,c_pad,dpr_1.0,f_auto,h_375,q_auto,w_600/c_pad,h_375,w_600/v1/ProductImages/450/master1_101982093_main?pgw=1 was preloaded using link preload but not used within a few seconds from the window's load event. Please make sure it has an appropriate `as` value and it is preloaded intentionally. @ https://www.cabelas.com/l/used-centerfire-pistol:0
[  454874ms] [WARNING] The resource https://assets.basspro.com/image/upload/b_rgb:FFFFFF,c_pad,dpr_1.0,f_auto,h_375,q_auto,w_600/c_pad,h_375,w_600/v1/ProductImages/450/master1_100782726_main?pgw=1 was preloaded using link preload but not used within a few seconds from the window's load event. Please make sure it has an appropriate `as` value and it is preloaded intentionally. @ https://www.cabelas.com/l/used-centerfire-pistol:0
[  454874ms] [WARNING] The resource https://assets.basspro.com/image/upload/b_rgb:FFFFFF,c_pad,dpr_1.0,f_auto,h_375,q_auto,w_600/c_pad,h_375,w_600/v1/ProductImages/450/master1_2217097_main?pgw=1 was preloaded using link preload but not used within a few seconds from the window's load event. Please make sure it has an appropriate `as` value and it is preloaded intentionally. @ https://www.cabelas.com/l/used-centerfire-pistol:0
[  469749ms] [WARNING] The resource https://assets.basspro.com/image/upload/b_rgb:FFFFFF,c_pad,dpr_1.0,f_auto,h_375,q_auto,w_600/c_pad,h_375,w_600/v1/ProductImages/450/master2_1202190501121_main?pgw=1 was preloaded using link preload but not used within a few seconds from the window's load event. Please make sure it has an appropriate `as` value and it is preloaded intentionally. @ https://www.cabelas.com/l/used-centerfire-pistol:0
[  469749ms] [WARNING] The resource https://assets.basspro.com/image/upload/b_rgb:FFFFFF,c_pad,dpr_1.0,f_auto,h_375,q_auto,w_600/c_pad,h_375,w_600/v1/ProductImages/450/black_101950646_main?pgw=1 was preloaded using link preload but not used within a few seconds from the window's load event. Please make sure it has an appropriate `as` value and it is preloaded intentionally. @ https://www.cabelas.com/l/used-centerfire-pistol:0
[  469749ms] [WARNING] The resource https://assets.basspro.com/image/upload/b_rgb:FFFFFF,c_pad,dpr_1.0,f_auto,h_375,q_auto,w_600/c_pad,h_375,w_600/v1/ProductImages/450/fde1_101132700_main?pgw=1 was preloaded using link preload but not used within a few seconds from the window's load event. Please make sure it has an appropriate `as` value and it is preloaded intentionally. @ https://www.cabelas.com/l/used-centerfire-pistol:0
[  469749ms] [WARNING] The resource https://assets.basspro.com/image/upload/b_rgb:FFFFFF,c_pad,dpr_1.0,f_auto,h_375,q_auto,w_600/c_pad,h_375,w_600/v1/ProductImages/450/master1_101982093_main?pgw=1 was preloaded using link preload but not used within a few seconds from the window's load event. Please make sure it has an appropriate `as` value and it is preloaded intentionally. @ https://www.cabelas.com/l/used-centerfire-pistol:0
[  469749ms] [WARNING] The resource https://assets.basspro.com/image/upload/b_rgb:FFFFFF,c_pad,dpr_1.0,f_auto,h_375,q_auto,w_600/c_pad,h_375,w_600/v1/ProductImages/450/master1_100782726_main?pgw=1 was preloaded using link preload but not used within a few seconds from the window's load event. Please make sure it has an appropriate `as` value and it is preloaded intentionally. @ https://www.cabelas.com/l/used-centerfire-pistol:0
[  469749ms] [WARNING] The resource https://assets.basspro.com/image/upload/b_rgb:FFFFFF,c_pad,dpr_1.0,f_auto,h_375,q_auto,w_600/c_pad,h_375,w_600/v1/ProductImages/450/master1_2217097_main?pgw=1 was preloaded using link preload but not used within a few seconds from the window's load event. Please make sure it has an appropriate `as` value and it is preloaded intentionally. @ https://www.cabelas.com/l/used-centerfire-pistol:0
[  482876ms] [WARNING] The resource https://assets.basspro.com/image/upload/b_rgb:FFFFFF,c_pad,dpr_1.0,f_auto,h_375,q_auto,w_600/c_pad,h_375,w_600/v1/ProductImages/450/master2_1202190501121_main?pgw=1 was preloaded using link preload but not used within a few seconds from the window's load event. Please make sure it has an appropriate `as` value and it is preloaded intentionally. @ https://www.cabelas.com/l/used-centerfire-pistol:0
[  482876ms] [WARNING] The resource https://assets.basspro.com/image/upload/b_rgb:FFFFFF,c_pad,dpr_1.0,f_auto,h_375,q_auto,w_600/c_pad,h_375,w_600/v1/ProductImages/450/black_101950646_main?pgw=1 was preloaded using link preload but not used within a few seconds from the window's load event. Please make sure it has an appropriate `as` value and it is preloaded intentionally. @ https://www.cabelas.com/l/used-centerfire-pistol:0
[  482876ms] [WARNING] The resource https://assets.basspro.com/image/upload/b_rgb:FFFFFF,c_pad,dpr_1.0,f_auto,h_375,q_auto,w_600/c_pad,h_375,w_600/v1/ProductImages/450/fde1_101132700_main?pgw=1 was preloaded using link preload but not used within a few seconds from the window's load event. Please make sure it has an appropriate `as` value and it is preloaded intentionally. @ https://www.cabelas.com/l/used-centerfire-pistol:0
[  482876ms] [WARNING] The resource https://assets.basspro.com/image/upload/b_rgb:FFFFFF,c_pad,dpr_1.0,f_auto,h_375,q_auto,w_600/c_pad,h_375,w_600/v1/ProductImages/450/master1_101982093_main?pgw=1 was preloaded using link preload but not used within a few seconds from the window's load event. Please make sure it has an appropriate `as` value and it is preloaded intentionally. @ https://www.cabelas.com/l/used-centerfire-pistol:0
[  482876ms] [WARNING] The resource https://assets.basspro.com/image/upload/b_rgb:FFFFFF,c_pad,dpr_1.0,f_auto,h_375,q_auto,w_600/c_pad,h_375,w_600/v1/ProductImages/450/master1_100782726_main?pgw=1 was preloaded using link preload but not used within a few seconds from the window's load event. Please make sure it has an appropriate `as` value and it is preloaded intentionally. @ https://www.cabelas.com/l/used-centerfire-pistol:0
[  482876ms] [WARNING] The resource https://assets.basspro.com/image/upload/b_rgb:FFFFFF,c_pad,dpr_1.0,f_auto,h_375,q_auto,w_600/c_pad,h_375,w_600/v1/ProductImages/450/master1_2217097_main?pgw=1 was preloaded using link preload but not used within a few seconds from the window's load event. Please make sure it has an appropriate `as` value and it is preloaded intentionally. @ https://www.cabelas.com/l/used-centerfire-pistol:0
[  488240ms] SampledOutError: Session is sampled out
[  488282ms] [WARNING] Mixed Content: The page at 'https://www.cabelas.com/p/102044502' was loaded over HTTPS, but requested an insecure element 'http://a.mktgcdn.com/p/_kuc5xLguyhgscjmSk9sBKp8uVPncVmiToiC18nvAaQ/919x546.jpg'. This request was automatically upgraded to HTTPS, For more information see https://blog.chromium.org/2019/10/no-more-mixed-messages-about-https.html @ https://www.cabelas.com/p/102044502:0
[  488286ms] [WARNING] Mixed Content: The page at 'https://www.cabelas.com/p/102044502' was loaded over HTTPS, but requested an insecure element 'http://a.mktgcdn.com/p/_kuc5xLguyhgscjmSk9sBKp8uVPncVmiToiC18nvAaQ/919x546.jpg'. This request was automatically upgraded to HTTPS, For more information see https://blog.chromium.org/2019/10/no-more-mixed-messages-about-https.html @ https://www.cabelas.com/p/102044502:0
[  491717ms] SampledOutError: Session is sampled out
[  493685ms] SampledOutError: Session is sampled out
[  494552ms] [ERROR] Failed to load resource: the server responded with a status of 400 () @ https://assets.basspro.com/image/list/fn_select:jq:first(.%5B%5D%7Cselect(.public_id%20%7C%20endswith(%22main%22)))/4944504.json?$Prod_PLPThumb$:0
[  494727ms] [ERROR] Failed to load resource: the server responded with a status of 400 () @ https://assets.basspro.com/image/list/fn_select:jq:first(.%5B%5D%7Cselect(.public_id%20%7C%20endswith(%22main%22)))/4944504.json?$Prod_PLPThumb$:0
[  494956ms] SampledOutError: Session is sampled out
[  495281ms] [ERROR] Failed to load resource: the server responded with a status of 400 () @ https://assets.basspro.com/image/list/fn_select:jq:first(.%5B%5D%7Cselect(.public_id%20%7C%20endswith(%22main%22)))/4944504.json?$Prod_PLPThumb$:0
[  507057ms] [WARNING] The resource https://assets.basspro.com/image/upload/b_rgb:FFFFFF,c_pad,dpr_1.0,f_auto,h_375,q_auto,w_600/c_pad,h_375,w_600/v1/ProductImages/450/master2_1202190501121_main?pgw=1 was preloaded using link preload but not used within a few seconds from the window's load event. Please make sure it has an appropriate `as` value and it is preloaded intentionally. @ https://www.cabelas.com/l/used-centerfire-pistol:0
[  507057ms] [WARNING] The resource https://assets.basspro.com/image/upload/b_rgb:FFFFFF,c_pad,dpr_1.0,f_auto,h_375,q_auto,w_600/c_pad,h_375,w_600/v1/ProductImages/450/black_101950646_main?pgw=1 was preloaded using link preload but not used within a few seconds from the window's load event. Please make sure it has an appropriate `as` value and it is preloaded intentionally. @ https://www.cabelas.com/l/used-centerfire-pistol:0
[  507058ms] [WARNING] The resource https://assets.basspro.com/image/upload/b_rgb:FFFFFF,c_pad,dpr_1.0,f_auto,h_375,q_auto,w_600/c_pad,h_375,w_600/v1/ProductImages/450/fde1_101132700_main?pgw=1 was preloaded using link preload but not used within a few seconds from the window's load event. Please make sure it has an appropriate `as` value and it is preloaded intentionally. @ https://www.cabelas.com/l/used-centerfire-pistol:0
[  507058ms] [WARNING] The resource https://assets.basspro.com/image/upload/b_rgb:FFFFFF,c_pad,dpr_1.0,f_auto,h_375,q_auto,w_600/c_pad,h_375,w_600/v1/ProductImages/450/master1_101982093_main?pgw=1 was preloaded using link preload but not used within a few seconds from the window's load event. Please make sure it has an appropriate `as` value and it is preloaded intentionally. @ https://www.cabelas.com/l/used-centerfire-pistol:0
[  507058ms] [WARNING] The resource https://assets.basspro.com/image/upload/b_rgb:FFFFFF,c_pad,dpr_1.0,f_auto,h_375,q_auto,w_600/c_pad,h_375,w_600/v1/ProductImages/UsedGuns/usedgun_102044502_main?pgw=1 was preloaded using link preload but not used within a few seconds from the window's load event. Please make sure it has an appropriate `as` value and it is preloaded intentionally. @ https://www.cabelas.com/l/used-centerfire-pistol:0
[  507058ms] [WARNING] The resource https://assets.basspro.com/image/upload/b_rgb:FFFFFF,c_pad,dpr_1.0,f_auto,h_375,q_auto,w_600/c_pad,h_375,w_600/v1/ProductImages/450/master1_100782726_main?pgw=1 was preloaded using link preload but not used within a few seconds from the window's load event. Please make sure it has an appropriate `as` value and it is preloaded intentionally. @ https://www.cabelas.com/l/used-centerfire-pistol:0
[  507058ms] [WARNING] The resource https://assets.basspro.com/image/upload/b_rgb:FFFFFF,c_pad,dpr_1.0,f_auto,h_375,q_auto,w_600/c_pad,h_375,w_600/v1/ProductImages/450/master1_2217097_main?pgw=1 was preloaded using link preload but not used within a few seconds from the window's load event. Please make sure it has an appropriate `as` value and it is preloaded intentionally. @ https://www.cabelas.com/l/used-centerfire-pistol:0
[  512029ms] [WARNING] The resource https://assets.basspro.com/image/upload/b_rgb:FFFFFF,c_pad,dpr_1.0,f_auto,h_375,q_auto,w_600/c_pad,h_375,w_600/v1/ProductImages/450/master2_1202190501121_main?pgw=1 was preloaded using link preload but not used within a few seconds from the window's load event. Please make sure it has an appropriate `as` value and it is preloaded intentionally. @ https://www.cabelas.com/l/used-centerfire-pistol:0
[  512029ms] [WARNING] The resource https://assets.basspro.com/image/upload/b_rgb:FFFFFF,c_pad,dpr_1.0,f_auto,h_375,q_auto,w_600/c_pad,h_375,w_600/v1/ProductImages/450/black_101950646_main?pgw=1 was preloaded using link preload but not used within a few seconds from the window's load event. Please make sure it has an appropriate `as` value and it is preloaded intentionally. @ https://www.cabelas.com/l/used-centerfire-pistol:0
[  512029ms] [WARNING] The resource https://assets.basspro.com/image/upload/b_rgb:FFFFFF,c_pad,dpr_1.0,f_auto,h_375,q_auto,w_600/c_pad,h_375,w_600/v1/ProductImages/450/fde1_101132700_main?pgw=1 was preloaded using link preload but not used within a few seconds from the window's load event. Please make sure it has an appropriate `as` value and it is preloaded intentionally. @ https://www.cabelas.com/l/used-centerfire-pistol:0
[  512029ms] [WARNING] The resource https://assets.basspro.com/image/upload/b_rgb:FFFFFF,c_pad,dpr_1.0,f_auto,h_375,q_auto,w_600/c_pad,h_375,w_600/v1/ProductImages/450/master1_101982093_main?pgw=1 was preloaded using link preload but not used within a few seconds from the window's load event. Please make sure it has an appropriate `as` value and it is preloaded intentionally. @ https://www.cabelas.com/l/used-centerfire-pistol:0
[  512029ms] [WARNING] The resource https://assets.basspro.com/image/upload/b_rgb:FFFFFF,c_pad,dpr_1.0,f_auto,h_375,q_auto,w_600/c_pad,h_375,w_600/v1/ProductImages/UsedGuns/usedgun_102044502_main?pgw=1 was preloaded using link preload but not used within a few seconds from the window's load event. Please make sure it has an appropriate `as` value and it is preloaded intentionally. @ https://www.cabelas.com/l/used-centerfire-pistol:0
[  512029ms] [WARNING] The resource https://assets.basspro.com/image/upload/b_rgb:FFFFFF,c_pad,dpr_1.0,f_auto,h_375,q_auto,w_600/c_pad,h_375,w_600/v1/ProductImages/450/master1_100782726_main?pgw=1 was preloaded using link preload but not used within a few seconds from the window's load event. Please make sure it has an appropriate `as` value and it is preloaded intentionally. @ https://www.cabelas.com/l/used-centerfire-pistol:0
[  512029ms] [WARNING] The resource https://assets.basspro.com/image/upload/b_rgb:FFFFFF,c_pad,dpr_1.0,f_auto,h_375,q_auto,w_600/c_pad,h_375,w_600/v1/ProductImages/450/master1_2217097_main?pgw=1 was preloaded using link preload but not used within a few seconds from the window's load event. Please make sure it has an appropriate `as` value and it is preloaded intentionally. @ https://www.cabelas.com/l/used-centerfire-pistol:0
[  522493ms] [WARNING] Mixed Content: The page at 'https://www.cabelas.com/p/102033120' was loaded over HTTPS, but requested an insecure element 'http://a.mktgcdn.com/p/_kuc5xLguyhgscjmSk9sBKp8uVPncVmiToiC18nvAaQ/919x546.jpg'. This request was automatically upgraded to HTTPS, For more information see https://blog.chromium.org/2019/10/no-more-mixed-messages-about-https.html @ https://www.cabelas.com/p/102033120:0
[  522498ms] [WARNING] Mixed Content: The page at 'https://www.cabelas.com/p/102033120' was loaded over HTTPS, but requested an insecure element 'http://a.mktgcdn.com/p/_kuc5xLguyhgscjmSk9sBKp8uVPncVmiToiC18nvAaQ/919x546.jpg'. This request was automatically upgraded to HTTPS, For more information see https://blog.chromium.org/2019/10/no-more-mixed-messages-about-https.html @ https://www.cabelas.com/p/102033120:0
[  522926ms] SampledOutError: Session is sampled out
[  532640ms] [WARNING] The resource https://assets.basspro.com/image/upload/b_rgb:FFFFFF,c_pad,dpr_1.0,f_auto,h_375,q_auto,w_600/c_pad,h_375,w_600/v1/ProductImages/450/black_101950646_main?pgw=1 was preloaded using link preload but not used within a few seconds from the window's load event. Please make sure it has an appropriate `as` value and it is preloaded intentionally. @ https://www.cabelas.com/p/102033120:0
[  532640ms] [WARNING] The resource https://assets.basspro.com/image/upload/b_rgb:FFFFFF,c_pad,dpr_1.0,f_auto,h_375,q_auto,w_600/c_pad,h_375,w_600/v1/ProductImages/450/fde1_101132700_main?pgw=1 was preloaded using link preload but not used within a few seconds from the window's load event. Please make sure it has an appropriate `as` value and it is preloaded intentionally. @ https://www.cabelas.com/p/102033120:0
[  532640ms] [WARNING] The resource https://assets.basspro.com/image/upload/b_rgb:FFFFFF,c_pad,dpr_1.0,f_auto,h_375,q_auto,w_600/c_pad,h_375,w_600/v1/ProductImages/450/master1_101982093_main?pgw=1 was preloaded using link preload but not used within a few seconds from the window's load event. Please make sure it has an appropriate `as` value and it is preloaded intentionally. @ https://www.cabelas.com/p/102033120:0
[  532640ms] [WARNING] The resource https://assets.basspro.com/image/upload/b_rgb:FFFFFF,c_pad,dpr_1.0,f_auto,h_375,q_auto,w_600/c_pad,h_375,w_600/v1/ProductImages/UsedGuns/usedgun_102033120_main?pgw=1 was preloaded using link preload but not used within a few seconds from the window's load event. Please make sure it has an appropriate `as` value and it is preloaded intentionally. @ https://www.cabelas.com/p/102033120:0
[  532640ms] [WARNING] The resource https://assets.basspro.com/image/upload/b_rgb:FFFFFF,c_pad,dpr_1.0,f_auto,h_375,q_auto,w_600/c_pad,h_375,w_600/v1/ProductImages/450/master1_2217097_main?pgw=1 was preloaded using link preload but not used within a few seconds from the window's load event. Please make sure it has an appropriate `as` value and it is preloaded intentionally. @ https://www.cabelas.com/p/102033120:0
[  532640ms] [WARNING] The resource https://assets.basspro.com/image/upload/b_rgb:FFFFFF,c_pad,dpr_1.0,f_auto,h_375,q_auto,w_600/c_pad,h_375,w_600/v1/ProductImages/450/master2_1202190501121_main?pgw=1 was preloaded using link preload but not used within a few seconds from the window's load event. Please make sure it has an appropriate `as` value and it is preloaded intentionally. @ https://www.cabelas.com/p/102033120:0
[  532640ms] [WARNING] The resource https://assets.basspro.com/image/upload/b_rgb:FFFFFF,c_pad,dpr_1.0,f_auto,h_375,q_auto,w_600/c_pad,h_375,w_600/v1/ProductImages/UsedGuns/usedgun_102044502_main?pgw=1 was preloaded using link preload but not used within a few seconds from the window's load event. Please make sure it has an appropriate `as` value and it is preloaded intentionally. @ https://www.cabelas.com/p/102033120:0
[  532640ms] [WARNING] The resource https://assets.basspro.com/image/upload/b_rgb:FFFFFF,c_pad,dpr_1.0,f_auto,h_375,q_auto,w_600/c_pad,h_375,w_600/v1/ProductImages/450/master1_100782726_main?pgw=1 was preloaded using link preload but not used within a few seconds from the window's load event. Please make sure it has an appropriate `as` value and it is preloaded intentionally. @ https://www.cabelas.com/p/102033120:0
[  547089ms] [WARNING] The resource https://assets.basspro.com/image/upload/b_rgb:FFFFFF,c_pad,dpr_1.0,f_auto,h_375,q_auto,w_600/c_pad,h_375,w_600/v1/ProductImages/450/black_101950646_main?pgw=1 was preloaded using link preload but not used within a few seconds from the window's load event. Please make sure it has an appropriate `as` value and it is preloaded intentionally. @ https://www.cabelas.com/p/102033120:0
[  547089ms] [WARNING] The resource https://assets.basspro.com/image/upload/b_rgb:FFFFFF,c_pad,dpr_1.0,f_auto,h_375,q_auto,w_600/c_pad,h_375,w_600/v1/ProductImages/450/fde1_101132700_main?pgw=1 was preloaded using link preload but not used within a few seconds from the window's load event. Please make sure it has an appropriate `as` value and it is preloaded intentionally. @ https://www.cabelas.com/p/102033120:0
[  547089ms] [WARNING] The resource https://assets.basspro.com/image/upload/b_rgb:FFFFFF,c_pad,dpr_1.0,f_auto,h_375,q_auto,w_600/c_pad,h_375,w_600/v1/ProductImages/450/master1_101982093_main?pgw=1 was preloaded using link preload but not used within a few seconds from the window's load event. Please make sure it has an appropriate `as` value and it is preloaded intentionally. @ https://www.cabelas.com/p/102033120:0
[  547089ms] [WARNING] The resource https://assets.basspro.com/image/upload/b_rgb:FFFFFF,c_pad,dpr_1.0,f_auto,h_375,q_auto,w_600/c_pad,h_375,w_600/v1/ProductImages/UsedGuns/usedgun_102033120_main?pgw=1 was preloaded using link preload but not used within a few seconds from the window's load event. Please make sure it has an appropriate `as` value and it is preloaded intentionally. @ https://www.cabelas.com/p/102033120:0
[  547089ms] [WARNING] The resource https://assets.basspro.com/image/upload/b_rgb:FFFFFF,c_pad,dpr_1.0,f_auto,h_375,q_auto,w_600/c_pad,h_375,w_600/v1/ProductImages/450/master1_2217097_main?pgw=1 was preloaded using link preload but not used within a few seconds from the window's load event. Please make sure it has an appropriate `as` value and it is preloaded intentionally. @ https://www.cabelas.com/p/102033120:0
[  547089ms] [WARNING] The resource https://assets.basspro.com/image/upload/b_rgb:FFFFFF,c_pad,dpr_1.0,f_auto,h_375,q_auto,w_600/c_pad,h_375,w_600/v1/ProductImages/450/master2_1202190501121_main?pgw=1 was preloaded using link preload but not used within a few seconds from the window's load event. Please make sure it has an appropriate `as` value and it is preloaded intentionally. @ https://www.cabelas.com/p/102033120:0
[  547089ms] [WARNING] The resource https://assets.basspro.com/image/upload/b_rgb:FFFFFF,c_pad,dpr_1.0,f_auto,h_375,q_auto,w_600/c_pad,h_375,w_600/v1/ProductImages/UsedGuns/usedgun_102044502_main?pgw=1 was preloaded using link preload but not used within a few seconds from the window's load event. Please make sure it has an appropriate `as` value and it is preloaded intentionally. @ https://www.cabelas.com/p/102033120:0
[  547089ms] [WARNING] The resource https://assets.basspro.com/image/upload/b_rgb:FFFFFF,c_pad,dpr_1.0,f_auto,h_375,q_auto,w_600/c_pad,h_375,w_600/v1/ProductImages/450/master1_100782726_main?pgw=1 was preloaded using link preload but not used within a few seconds from the window's load event. Please make sure it has an appropriate `as` value and it is preloaded intentionally. @ https://www.cabelas.com/p/102033120:0
[  550156ms] [WARNING] The resource https://assets.basspro.com/image/upload/b_rgb:FFFFFF,c_pad,dpr_1.0,f_auto,h_375,q_auto,w_600/c_pad,h_375,w_600/v1/ProductImages/450/black_101950646_main?pgw=1 was preloaded using link preload but not used within a few seconds from the window's load event. Please make sure it has an appropriate `as` value and it is preloaded intentionally. @ https://www.cabelas.com/p/102033120:0
[  550156ms] [WARNING] The resource https://assets.basspro.com/image/upload/b_rgb:FFFFFF,c_pad,dpr_1.0,f_auto,h_375,q_auto,w_600/c_pad,h_375,w_600/v1/ProductImages/450/fde1_101132700_main?pgw=1 was preloaded using link preload but not used within a few seconds from the window's load event. Please make sure it has an appropriate `as` value and it is preloaded intentionally. @ https://www.cabelas.com/p/102033120:0
[  550156ms] [WARNING] The resource https://assets.basspro.com/image/upload/b_rgb:FFFFFF,c_pad,dpr_1.0,f_auto,h_375,q_auto,w_600/c_pad,h_375,w_600/v1/ProductImages/450/master1_101982093_main?pgw=1 was preloaded using link preload but not used within a few seconds from the window's load event. Please make sure it has an appropriate `as` value and it is preloaded intentionally. @ https://www.cabelas.com/p/102033120:0
[  550156ms] [WARNING] The resource https://assets.basspro.com/image/upload/b_rgb:FFFFFF,c_pad,dpr_1.0,f_auto,h_375,q_auto,w_600/c_pad,h_375,w_600/v1/ProductImages/UsedGuns/usedgun_102033120_main?pgw=1 was preloaded using link preload but not used within a few seconds from the window's load event. Please make sure it has an appropriate `as` value and it is preloaded intentionally. @ https://www.cabelas.com/p/102033120:0
[  550156ms] [WARNING] The resource https://assets.basspro.com/image/upload/b_rgb:FFFFFF,c_pad,dpr_1.0,f_auto,h_375,q_auto,w_600/c_pad,h_375,w_600/v1/ProductImages/450/master1_2217097_main?pgw=1 was preloaded using link preload but not used within a few seconds from the window's load event. Please make sure it has an appropriate `as` value and it is preloaded intentionally. @ https://www.cabelas.com/p/102033120:0
[  550156ms] [WARNING] The resource https://assets.basspro.com/image/upload/b_rgb:FFFFFF,c_pad,dpr_1.0,f_auto,h_375,q_auto,w_600/c_pad,h_375,w_600/v1/ProductImages/450/master2_1202190501121_main?pgw=1 was preloaded using link preload but not used within a few seconds from the window's load event. Please make sure it has an appropriate `as` value and it is preloaded intentionally. @ https://www.cabelas.com/p/102033120:0
[  550156ms] [WARNING] The resource https://assets.basspro.com/image/upload/b_rgb:FFFFFF,c_pad,dpr_1.0,f_auto,h_375,q_auto,w_600/c_pad,h_375,w_600/v1/ProductImages/UsedGuns/usedgun_102044502_main?pgw=1 was preloaded using link preload but not used within a few seconds from the window's load event. Please make sure it has an appropriate `as` value and it is preloaded intentionally. @ https://www.cabelas.com/p/102033120:0
[  550156ms] [WARNING] The resource https://assets.basspro.com/image/upload/b_rgb:FFFFFF,c_pad,dpr_1.0,f_auto,h_375,q_auto,w_600/c_pad,h_375,w_600/v1/ProductImages/450/master1_100782726_main?pgw=1 was preloaded using link preload but not used within a few seconds from the window's load event. Please make sure it has an appropriate `as` value and it is preloaded intentionally. @ https://www.cabelas.com/p/102033120:0
[  557598ms] [WARNING] The resource https://assets.basspro.com/image/upload/b_rgb:FFFFFF,c_pad,dpr_1.0,f_auto,h_375,q_auto,w_600/c_pad,h_375,w_600/v1/ProductImages/450/black_101950646_main?pgw=1 was preloaded using link preload but not used within a few seconds from the window's load event. Please make sure it has an appropriate `as` value and it is preloaded intentionally. @ https://www.cabelas.com/p/102033120:0
[  557598ms] [WARNING] The resource https://assets.basspro.com/image/upload/b_rgb:FFFFFF,c_pad,dpr_1.0,f_auto,h_375,q_auto,w_600/c_pad,h_375,w_600/v1/ProductImages/450/fde1_101132700_main?pgw=1 was preloaded using link preload but not used within a few seconds from the window's load event. Please make sure it has an appropriate `as` value and it is preloaded intentionally. @ https://www.cabelas.com/p/102033120:0
[  557598ms] [WARNING] The resource https://assets.basspro.com/image/upload/b_rgb:FFFFFF,c_pad,dpr_1.0,f_auto,h_375,q_auto,w_600/c_pad,h_375,w_600/v1/ProductImages/450/master1_101982093_main?pgw=1 was preloaded using link preload but not used within a few seconds from the window's load event. Please make sure it has an appropriate `as` value and it is preloaded intentionally. @ https://www.cabelas.com/p/102033120:0
[  557598ms] [WARNING] The resource https://assets.basspro.com/image/upload/b_rgb:FFFFFF,c_pad,dpr_1.0,f_auto,h_375,q_auto,w_600/c_pad,h_375,w_600/v1/ProductImages/UsedGuns/usedgun_102033120_main?pgw=1 was preloaded using link preload but not used within a few seconds from the window's load event. Please make sure it has an appropriate `as` value and it is preloaded intentionally. @ https://www.cabelas.com/p/102033120:0
[  557598ms] [WARNING] The resource https://assets.basspro.com/image/upload/b_rgb:FFFFFF,c_pad,dpr_1.0,f_auto,h_375,q_auto,w_600/c_pad,h_375,w_600/v1/ProductImages/450/master1_2217097_main?pgw=1 was preloaded using link preload but not used within a few seconds from the window's load event. Please make sure it has an appropriate `as` value and it is preloaded intentionally. @ https://www.cabelas.com/p/102033120:0
[  557598ms] [WARNING] The resource https://assets.basspro.com/image/upload/b_rgb:FFFFFF,c_pad,dpr_1.0,f_auto,h_375,q_auto,w_600/c_pad,h_375,w_600/v1/ProductImages/450/master2_1202190501121_main?pgw=1 was preloaded using link preload but not used within a few seconds from the window's load event. Please make sure it has an appropriate `as` value and it is preloaded intentionally. @ https://www.cabelas.com/p/102033120:0
[  557598ms] [WARNING] The resource https://assets.basspro.com/image/upload/b_rgb:FFFFFF,c_pad,dpr_1.0,f_auto,h_375,q_auto,w_600/c_pad,h_375,w_600/v1/ProductImages/UsedGuns/usedgun_102044502_main?pgw=1 was preloaded using link preload but not used within a few seconds from the window's load event. Please make sure it has an appropriate `as` value and it is preloaded intentionally. @ https://www.cabelas.com/p/102033120:0
[  557598ms] [WARNING] The resource https://assets.basspro.com/image/upload/b_rgb:FFFFFF,c_pad,dpr_1.0,f_auto,h_375,q_auto,w_600/c_pad,h_375,w_600/v1/ProductImages/450/master1_100782726_main?pgw=1 was preloaded using link preload but not used within a few seconds from the window's load event. Please make sure it has an appropriate `as` value and it is preloaded intentionally. @ https://www.cabelas.com/p/102033120:0
[  563719ms] SampledOutError: Session is sampled out
[  565867ms] SampledOutError: Session is sampled out
[  566756ms] [ERROR] Failed to load resource: the server responded with a status of 400 () @ https://assets.basspro.com/image/list/fn_select:jq:first(.%5B%5D%7Cselect(.public_id%20%7C%20endswith(%22main%22)))/4944504.json?$Prod_PLPThumb$:0
[  567195ms] [ERROR] Failed to load resource: the server responded with a status of 400 () @ https://assets.basspro.com/image/list/fn_select:jq:first(.%5B%5D%7Cselect(.public_id%20%7C%20endswith(%22main%22)))/4944504.json?$Prod_PLPThumb$:0
[  567205ms] SampledOutError: Session is sampled out
[  578264ms] SampledOutError: Session is sampled out
[  585801ms] [WARNING] The resource https://assets.basspro.com/image/upload/b_rgb:FFFFFF,c_pad,dpr_1.0,f_auto,h_375,q_auto,w_600/c_pad,h_375,w_600/v1/ProductImages/450/black_101950646_main?pgw=1 was preloaded using link preload but not used within a few seconds from the window's load event. Please make sure it has an appropriate `as` value and it is preloaded intentionally. @ https://www.cabelas.com/l/used-centerfire-pistol#firstResult=36:0
[  585801ms] [WARNING] The resource https://assets.basspro.com/image/upload/b_rgb:FFFFFF,c_pad,dpr_1.0,f_auto,h_375,q_auto,w_600/c_pad,h_375,w_600/v1/ProductImages/450/fde1_101132700_main?pgw=1 was preloaded using link preload but not used within a few seconds from the window's load event. Please make sure it has an appropriate `as` value and it is preloaded intentionally. @ https://www.cabelas.com/l/used-centerfire-pistol#firstResult=36:0
[  585801ms] [WARNING] The resource https://assets.basspro.com/image/upload/b_rgb:FFFFFF,c_pad,dpr_1.0,f_auto,h_375,q_auto,w_600/c_pad,h_375,w_600/v1/ProductImages/450/master1_101982093_main?pgw=1 was preloaded using link preload but not used within a few seconds from the window's load event. Please make sure it has an appropriate `as` value and it is preloaded intentionally. @ https://www.cabelas.com/l/used-centerfire-pistol#firstResult=36:0
[  585801ms] [WARNING] The resource https://assets.basspro.com/image/upload/b_rgb:FFFFFF,c_pad,dpr_1.0,f_auto,h_375,q_auto,w_600/c_pad,h_375,w_600/v1/ProductImages/UsedGuns/usedgun_102033120_main?pgw=1 was preloaded using link preload but not used within a few seconds from the window's load event. Please make sure it has an appropriate `as` value and it is preloaded intentionally. @ https://www.cabelas.com/l/used-centerfire-pistol#firstResult=36:0
[  585801ms] [WARNING] The resource https://assets.basspro.com/image/upload/b_rgb:FFFFFF,c_pad,dpr_1.0,f_auto,h_375,q_auto,w_600/c_pad,h_375,w_600/v1/ProductImages/450/master1_2217097_main?pgw=1 was preloaded using link preload but not used within a few seconds from the window's load event. Please make sure it has an appropriate `as` value and it is preloaded intentionally. @ https://www.cabelas.com/l/used-centerfire-pistol#firstResult=36:0
[  585801ms] [WARNING] The resource https://assets.basspro.com/image/upload/b_rgb:FFFFFF,c_pad,dpr_1.0,f_auto,h_375,q_auto,w_600/c_pad,h_375,w_600/v1/ProductImages/450/master2_1202190501121_main?pgw=1 was preloaded using link preload but not used within a few seconds from the window's load event. Please make sure it has an appropriate `as` value and it is preloaded intentionally. @ https://www.cabelas.com/l/used-centerfire-pistol#firstResult=36:0
[  585801ms] [WARNING] The resource https://assets.basspro.com/image/upload/b_rgb:FFFFFF,c_pad,dpr_1.0,f_auto,h_375,q_auto,w_600/c_pad,h_375,w_600/v1/ProductImages/UsedGuns/usedgun_102044502_main?pgw=1 was preloaded using link preload but not used within a few seconds from the window's load event. Please make sure it has an appropriate `as` value and it is preloaded intentionally. @ https://www.cabelas.com/l/used-centerfire-pistol#firstResult=36:0
[  585801ms] [WARNING] The resource https://assets.basspro.com/image/upload/b_rgb:FFFFFF,c_pad,dpr_1.0,f_auto,h_375,q_auto,w_600/c_pad,h_375,w_600/v1/ProductImages/450/master1_100782726_main?pgw=1 was preloaded using link preload but not used within a few seconds from the window's load event. Please make sure it has an appropriate `as` value and it is preloaded intentionally. @ https://www.cabelas.com/l/used-centerfire-pistol#firstResult=36:0
[  596288ms] [WARNING] The resource https://assets.basspro.com/image/upload/b_rgb:FFFFFF,c_pad,dpr_1.0,f_auto,h_375,q_auto,w_600/c_pad,h_375,w_600/v1/ProductImages/450/black_101950646_main?pgw=1 was preloaded using link preload but not used within a few seconds from the window's load event. Please make sure it has an appropriate `as` value and it is preloaded intentionally. @ https://www.cabelas.com/l/used-centerfire-pistol#firstResult=36:0
[  596288ms] [WARNING] The resource https://assets.basspro.com/image/upload/b_rgb:FFFFFF,c_pad,dpr_1.0,f_auto,h_375,q_auto,w_600/c_pad,h_375,w_600/v1/ProductImages/450/fde1_101132700_main?pgw=1 was preloaded using link preload but not used within a few seconds from the window's load event. Please make sure it has an appropriate `as` value and it is preloaded intentionally. @ https://www.cabelas.com/l/used-centerfire-pistol#firstResult=36:0
[  596288ms] [WARNING] The resource https://assets.basspro.com/image/upload/b_rgb:FFFFFF,c_pad,dpr_1.0,f_auto,h_375,q_auto,w_600/c_pad,h_375,w_600/v1/ProductImages/450/master1_101982093_main?pgw=1 was preloaded using link preload but not used within a few seconds from the window's load event. Please make sure it has an appropriate `as` value and it is preloaded intentionally. @ https://www.cabelas.com/l/used-centerfire-pistol#firstResult=36:0
[  596288ms] [WARNING] The resource https://assets.basspro.com/image/upload/b_rgb:FFFFFF,c_pad,dpr_1.0,f_auto,h_375,q_auto,w_600/c_pad,h_375,w_600/v1/ProductImages/UsedGuns/usedgun_102033120_main?pgw=1 was preloaded using link preload but not used within a few seconds from the window's load event. Please make sure it has an appropriate `as` value and it is preloaded intentionally. @ https://www.cabelas.com/l/used-centerfire-pistol#firstResult=36:0
[  596288ms] [WARNING] The resource https://assets.basspro.com/image/upload/b_rgb:FFFFFF,c_pad,dpr_1.0,f_auto,h_375,q_auto,w_600/c_pad,h_375,w_600/v1/ProductImages/450/master1_2217097_main?pgw=1 was preloaded using link preload but not used within a few seconds from the window's load event. Please make sure it has an appropriate `as` value and it is preloaded intentionally. @ https://www.cabelas.com/l/used-centerfire-pistol#firstResult=36:0
[  596288ms] [WARNING] The resource https://assets.basspro.com/image/upload/b_rgb:FFFFFF,c_pad,dpr_1.0,f_auto,h_375,q_auto,w_600/c_pad,h_375,w_600/v1/ProductImages/450/master2_1202190501121_main?pgw=1 was preloaded using link preload but not used within a few seconds from the window's load event. Please make sure it has an appropriate `as` value and it is preloaded intentionally. @ https://www.cabelas.com/l/used-centerfire-pistol#firstResult=36:0
[  596288ms] [WARNING] The resource https://assets.basspro.com/image/upload/b_rgb:FFFFFF,c_pad,dpr_1.0,f_auto,h_375,q_auto,w_600/c_pad,h_375,w_600/v1/ProductImages/UsedGuns/usedgun_102044502_main?pgw=1 was preloaded using link preload but not used within a few seconds from the window's load event. Please make sure it has an appropriate `as` value and it is preloaded intentionally. @ https://www.cabelas.com/l/used-centerfire-pistol#firstResult=36:0
[  596288ms] [WARNING] The resource https://assets.basspro.com/image/upload/b_rgb:FFFFFF,c_pad,dpr_1.0,f_auto,h_375,q_auto,w_600/c_pad,h_375,w_600/v1/ProductImages/450/master1_100782726_main?pgw=1 was preloaded using link preload but not used within a few seconds from the window's load event. Please make sure it has an appropriate `as` value and it is preloaded intentionally. @ https://www.cabelas.com/l/used-centerfire-pistol#firstResult=36:0
[  603342ms] [WARNING] The resource https://assets.basspro.com/image/upload/b_rgb:FFFFFF,c_pad,dpr_1.0,f_auto,h_375,q_auto,w_600/c_pad,h_375,w_600/v1/ProductImages/450/black_101950646_main?pgw=1 was preloaded using link preload but not used within a few seconds from the window's load event. Please make sure it has an appropriate `as` value and it is preloaded intentionally. @ https://www.cabelas.com/l/used-centerfire-pistol#firstResult=36:0
[  603342ms] [WARNING] The resource https://assets.basspro.com/image/upload/b_rgb:FFFFFF,c_pad,dpr_1.0,f_auto,h_375,q_auto,w_600/c_pad,h_375,w_600/v1/ProductImages/450/fde1_101132700_main?pgw=1 was preloaded using link preload but not used within a few seconds from the window's load event. Please make sure it has an appropriate `as` value and it is preloaded intentionally. @ https://www.cabelas.com/l/used-centerfire-pistol#firstResult=36:0
[  603342ms] [WARNING] The resource https://assets.basspro.com/image/upload/b_rgb:FFFFFF,c_pad,dpr_1.0,f_auto,h_375,q_auto,w_600/c_pad,h_375,w_600/v1/ProductImages/450/master1_101982093_main?pgw=1 was preloaded using link preload but not used within a few seconds from the window's load event. Please make sure it has an appropriate `as` value and it is preloaded intentionally. @ https://www.cabelas.com/l/used-centerfire-pistol#firstResult=36:0
[  603342ms] [WARNING] The resource https://assets.basspro.com/image/upload/b_rgb:FFFFFF,c_pad,dpr_1.0,f_auto,h_375,q_auto,w_600/c_pad,h_375,w_600/v1/ProductImages/UsedGuns/usedgun_102033120_main?pgw=1 was preloaded using link preload but not used within a few seconds from the window's load event. Please make sure it has an appropriate `as` value and it is preloaded intentionally. @ https://www.cabelas.com/l/used-centerfire-pistol#firstResult=36:0
[  603342ms] [WARNING] The resource https://assets.basspro.com/image/upload/b_rgb:FFFFFF,c_pad,dpr_1.0,f_auto,h_375,q_auto,w_600/c_pad,h_375,w_600/v1/ProductImages/450/master1_2217097_main?pgw=1 was preloaded using link preload but not used within a few seconds from the window's load event. Please make sure it has an appropriate `as` value and it is preloaded intentionally. @ https://www.cabelas.com/l/used-centerfire-pistol#firstResult=36:0
[  603342ms] [WARNING] The resource https://assets.basspro.com/image/upload/b_rgb:FFFFFF,c_pad,dpr_1.0,f_auto,h_375,q_auto,w_600/c_pad,h_375,w_600/v1/ProductImages/450/master2_1202190501121_main?pgw=1 was preloaded using link preload but not used within a few seconds from the window's load event. Please make sure it has an appropriate `as` value and it is preloaded intentionally. @ https://www.cabelas.com/l/used-centerfire-pistol#firstResult=36:0
[  603342ms] [WARNING] The resource https://assets.basspro.com/image/upload/b_rgb:FFFFFF,c_pad,dpr_1.0,f_auto,h_375,q_auto,w_600/c_pad,h_375,w_600/v1/ProductImages/UsedGuns/usedgun_102044502_main?pgw=1 was preloaded using link preload but not used within a few seconds from the window's load event. Please make sure it has an appropriate `as` value and it is preloaded intentionally. @ https://www.cabelas.com/l/used-centerfire-pistol#firstResult=36:0
[  603342ms] [WARNING] The resource https://assets.basspro.com/image/upload/b_rgb:FFFFFF,c_pad,dpr_1.0,f_auto,h_375,q_auto,w_600/c_pad,h_375,w_600/v1/ProductImages/450/master1_100782726_main?pgw=1 was preloaded using link preload but not used within a few seconds from the window's load event. Please make sure it has an appropriate `as` value and it is preloaded intentionally. @ https://www.cabelas.com/l/used-centerfire-pistol#firstResult=36:0
[  610261ms] [WARNING] The resource https://assets.basspro.com/image/upload/b_rgb:FFFFFF,c_pad,dpr_1.0,f_auto,h_375,q_auto,w_600/c_pad,h_375,w_600/v1/ProductImages/450/black_101950646_main?pgw=1 was preloaded using link preload but not used within a few seconds from the window's load event. Please make sure it has an appropriate `as` value and it is preloaded intentionally. @ https://www.cabelas.com/l/used-centerfire-pistol#firstResult=36:0
[  610262ms] [WARNING] The resource https://assets.basspro.com/image/upload/b_rgb:FFFFFF,c_pad,dpr_1.0,f_auto,h_375,q_auto,w_600/c_pad,h_375,w_600/v1/ProductImages/450/fde1_101132700_main?pgw=1 was preloaded using link preload but not used within a few seconds from the window's load event. Please make sure it has an appropriate `as` value and it is preloaded intentionally. @ https://www.cabelas.com/l/used-centerfire-pistol#firstResult=36:0
[  610262ms] [WARNING] The resource https://assets.basspro.com/image/upload/b_rgb:FFFFFF,c_pad,dpr_1.0,f_auto,h_375,q_auto,w_600/c_pad,h_375,w_600/v1/ProductImages/450/master1_101982093_main?pgw=1 was preloaded using link preload but not used within a few seconds from the window's load event. Please make sure it has an appropriate `as` value and it is preloaded intentionally. @ https://www.cabelas.com/l/used-centerfire-pistol#firstResult=36:0
[  610262ms] [WARNING] The resource https://assets.basspro.com/image/upload/b_rgb:FFFFFF,c_pad,dpr_1.0,f_auto,h_375,q_auto,w_600/c_pad,h_375,w_600/v1/ProductImages/UsedGuns/usedgun_102033120_main?pgw=1 was preloaded using link preload but not used within a few seconds from the window's load event. Please make sure it has an appropriate `as` value and it is preloaded intentionally. @ https://www.cabelas.com/l/used-centerfire-pistol#firstResult=36:0
[  610262ms] [WARNING] The resource https://assets.basspro.com/image/upload/b_rgb:FFFFFF,c_pad,dpr_1.0,f_auto,h_375,q_auto,w_600/c_pad,h_375,w_600/v1/ProductImages/450/master1_2217097_main?pgw=1 was preloaded using link preload but not used within a few seconds from the window's load event. Please make sure it has an appropriate `as` value and it is preloaded intentionally. @ https://www.cabelas.com/l/used-centerfire-pistol#firstResult=36:0
[  610262ms] [WARNING] The resource https://assets.basspro.com/image/upload/b_rgb:FFFFFF,c_pad,dpr_1.0,f_auto,h_375,q_auto,w_600/c_pad,h_375,w_600/v1/ProductImages/450/master2_1202190501121_main?pgw=1 was preloaded using link preload but not used within a few seconds from the window's load event. Please make sure it has an appropriate `as` value and it is preloaded intentionally. @ https://www.cabelas.com/l/used-centerfire-pistol#firstResult=36:0
[  610262ms] [WARNING] The resource https://assets.basspro.com/image/upload/b_rgb:FFFFFF,c_pad,dpr_1.0,f_auto,h_375,q_auto,w_600/c_pad,h_375,w_600/v1/ProductImages/UsedGuns/usedgun_102044502_main?pgw=1 was preloaded using link preload but not used within a few seconds from the window's load event. Please make sure it has an appropriate `as` value and it is preloaded intentionally. @ https://www.cabelas.com/l/used-centerfire-pistol#firstResult=36:0
[  610262ms] [WARNING] The resource https://assets.basspro.com/image/upload/b_rgb:FFFFFF,c_pad,dpr_1.0,f_auto,h_375,q_auto,w_600/c_pad,h_375,w_600/v1/ProductImages/450/master1_100782726_main?pgw=1 was preloaded using link preload but not used within a few seconds from the window's load event. Please make sure it has an appropriate `as` value and it is preloaded intentionally. @ https://www.cabelas.com/l/used-centerfire-pistol#firstResult=36:0
[  631239ms] [WARNING] The resource https://assets.basspro.com/image/upload/b_rgb:FFFFFF,c_pad,dpr_1.0,f_auto,h_375,q_auto,w_600/c_pad,h_375,w_600/v1/ProductImages/450/black_101950646_main?pgw=1 was preloaded using link preload but not used within a few seconds from the window's load event. Please make sure it has an appropriate `as` value and it is preloaded intentionally. @ https://www.cabelas.com/l/used-centerfire-pistol#firstResult=36:0
[  631239ms] [WARNING] The resource https://assets.basspro.com/image/upload/b_rgb:FFFFFF,c_pad,dpr_1.0,f_auto,h_375,q_auto,w_600/c_pad,h_375,w_600/v1/ProductImages/450/fde1_101132700_main?pgw=1 was preloaded using link preload but not used within a few seconds from the window's load event. Please make sure it has an appropriate `as` value and it is preloaded intentionally. @ https://www.cabelas.com/l/used-centerfire-pistol#firstResult=36:0
[  631239ms] [WARNING] The resource https://assets.basspro.com/image/upload/b_rgb:FFFFFF,c_pad,dpr_1.0,f_auto,h_375,q_auto,w_600/c_pad,h_375,w_600/v1/ProductImages/450/master1_101982093_main?pgw=1 was preloaded using link preload but not used within a few seconds from the window's load event. Please make sure it has an appropriate `as` value and it is preloaded intentionally. @ https://www.cabelas.com/l/used-centerfire-pistol#firstResult=36:0
[  631239ms] [WARNING] The resource https://assets.basspro.com/image/upload/b_rgb:FFFFFF,c_pad,dpr_1.0,f_auto,h_375,q_auto,w_600/c_pad,h_375,w_600/v1/ProductImages/UsedGuns/usedgun_102033120_main?pgw=1 was preloaded using link preload but not used within a few seconds from the window's load event. Please make sure it has an appropriate `as` value and it is preloaded intentionally. @ https://www.cabelas.com/l/used-centerfire-pistol#firstResult=36:0
[  631239ms] [WARNING] The resource https://assets.basspro.com/image/upload/b_rgb:FFFFFF,c_pad,dpr_1.0,f_auto,h_375,q_auto,w_600/c_pad,h_375,w_600/v1/ProductImages/450/master1_2217097_main?pgw=1 was preloaded using link preload but not used within a few seconds from the window's load event. Please make sure it has an appropriate `as` value and it is preloaded intentionally. @ https://www.cabelas.com/l/used-centerfire-pistol#firstResult=36:0
[  631239ms] [WARNING] The resource https://assets.basspro.com/image/upload/b_rgb:FFFFFF,c_pad,dpr_1.0,f_auto,h_375,q_auto,w_600/c_pad,h_375,w_600/v1/ProductImages/450/master2_1202190501121_main?pgw=1 was preloaded using link preload but not used within a few seconds from the window's load event. Please make sure it has an appropriate `as` value and it is preloaded intentionally. @ https://www.cabelas.com/l/used-centerfire-pistol#firstResult=36:0
[  631239ms] [WARNING] The resource https://assets.basspro.com/image/upload/b_rgb:FFFFFF,c_pad,dpr_1.0,f_auto,h_375,q_auto,w_600/c_pad,h_375,w_600/v1/ProductImages/UsedGuns/usedgun_102044502_main?pgw=1 was preloaded using link preload but not used within a few seconds from the window's load event. Please make sure it has an appropriate `as` value and it is preloaded intentionally. @ https://www.cabelas.com/l/used-centerfire-pistol#firstResult=36:0
[  631239ms] [WARNING] The resource https://assets.basspro.com/image/upload/b_rgb:FFFFFF,c_pad,dpr_1.0,f_auto,h_375,q_auto,w_600/c_pad,h_375,w_600/v1/ProductImages/450/master1_100782726_main?pgw=1 was preloaded using link preload but not used within a few seconds from the window's load event. Please make sure it has an appropriate `as` value and it is preloaded intentionally. @ https://www.cabelas.com/l/used-centerfire-pistol#firstResult=36:0
[  640183ms] SampledOutError: Session is sampled out
[  652274ms] SampledOutError: Session is sampled out
[  654640ms] SampledOutError: Session is sampled out
[  667873ms] [WARNING] The resource https://assets.basspro.com/image/upload/b_rgb:FFFFFF,c_pad,dpr_1.0,f_auto,h_375,q_auto,w_600/c_pad,h_375,w_600/v1/ProductImages/450/black_101950646_main?pgw=1 was preloaded using link preload but not used within a few seconds from the window's load event. Please make sure it has an appropriate `as` value and it is preloaded intentionally. @ https://www.cabelas.com/l/used-centerfire-pistol#firstResult=36:0
[  667873ms] [WARNING] The resource https://assets.basspro.com/image/upload/b_rgb:FFFFFF,c_pad,dpr_1.0,f_auto,h_375,q_auto,w_600/c_pad,h_375,w_600/v1/ProductImages/UsedGuns/usedgun_102031878_main?pgw=1 was preloaded using link preload but not used within a few seconds from the window's load event. Please make sure it has an appropriate `as` value and it is preloaded intentionally. @ https://www.cabelas.com/l/used-centerfire-pistol#firstResult=36:0
[  667873ms] [WARNING] The resource https://assets.basspro.com/image/upload/b_rgb:FFFFFF,c_pad,dpr_1.0,f_auto,h_375,q_auto,w_600/c_pad,h_375,w_600/v1/ProductImages/450/fde1_101132700_main?pgw=1 was preloaded using link preload but not used within a few seconds from the window's load event. Please make sure it has an appropriate `as` value and it is preloaded intentionally. @ https://www.cabelas.com/l/used-centerfire-pistol#firstResult=36:0
[  667873ms] [WARNING] The resource https://assets.basspro.com/image/upload/b_rgb:FFFFFF,c_pad,dpr_1.0,f_auto,h_375,q_auto,w_600/c_pad,h_375,w_600/v1/ProductImages/450/master1_101982093_main?pgw=1 was preloaded using link preload but not used within a few seconds from the window's load event. Please make sure it has an appropriate `as` value and it is preloaded intentionally. @ https://www.cabelas.com/l/used-centerfire-pistol#firstResult=36:0
[  667873ms] [WARNING] The resource https://assets.basspro.com/image/upload/b_rgb:FFFFFF,c_pad,dpr_1.0,f_auto,h_375,q_auto,w_600/c_pad,h_375,w_600/v1/ProductImages/UsedGuns/usedgun_102033120_main?pgw=1 was preloaded using link preload but not used within a few seconds from the window's load event. Please make sure it has an appropriate `as` value and it is preloaded intentionally. @ https://www.cabelas.com/l/used-centerfire-pistol#firstResult=36:0
[  667873ms] [WARNING] The resource https://assets.basspro.com/image/upload/b_rgb:FFFFFF,c_pad,dpr_1.0,f_auto,h_375,q_auto,w_600/c_pad,h_375,w_600/v1/ProductImages/450/master1_2217097_main?pgw=1 was preloaded using link preload but not used within a few seconds from the window's load event. Please make sure it has an appropriate `as` value and it is preloaded intentionally. @ https://www.cabelas.com/l/used-centerfire-pistol#firstResult=36:0
[  667873ms] [WARNING] The resource https://assets.basspro.com/image/upload/b_rgb:FFFFFF,c_pad,dpr_1.0,f_auto,h_375,q_auto,w_600/c_pad,h_375,w_600/v1/ProductImages/450/master2_1202190501121_main?pgw=1 was preloaded using link preload but not used within a few seconds from the window's load event. Please make sure it has an appropriate `as` value and it is preloaded intentionally. @ https://www.cabelas.com/l/used-centerfire-pistol#firstResult=36:0
[  667873ms] [WARNING] The resource https://assets.basspro.com/image/upload/b_rgb:FFFFFF,c_pad,dpr_1.0,f_auto,h_375,q_auto,w_600/c_pad,h_375,w_600/v1/ProductImages/UsedGuns/usedgun_102044502_main?pgw=1 was preloaded using link preload but not used within a few seconds from the window's load event. Please make sure it has an appropriate `as` value and it is preloaded intentionally. @ https://www.cabelas.com/l/used-centerfire-pistol#firstResult=36:0
[  667873ms] [WARNING] The resource https://assets.basspro.com/image/upload/b_rgb:FFFFFF,c_pad,dpr_1.0,f_auto,h_375,q_auto,w_600/c_pad,h_375,w_600/v1/ProductImages/450/master1_100782726_main?pgw=1 was preloaded using link preload but not used within a few seconds from the window's load event. Please make sure it has an appropriate `as` value and it is preloaded intentionally. @ https://www.cabelas.com/l/used-centerfire-pistol#firstResult=36:0
[  672061ms] [WARNING] Mixed Content: The page at 'https://www.cabelas.com/p/102037476' was loaded over HTTPS, but requested an insecure element 'http://a.mktgcdn.com/p/akjtLTS-Gg8SS0croemyQIldARTNaHRtSb-duQq0bEI/571x339.jpg'. This request was automatically upgraded to HTTPS, For more information see https://blog.chromium.org/2019/10/no-more-mixed-messages-about-https.html @ https://www.cabelas.com/p/102037476:0
[  672475ms] SampledOutError: Session is sampled out
[  684367ms] SampledOutError: Session is sampled out
[  686645ms] SampledOutError: Session is sampled out
[  693338ms] SampledOutError: Session is sampled out
[  694491ms] [ERROR] Failed to load resource: the server responded with a status of 404 () @ https://assets.basspro.com/image/list/fn_select:jq:first(.%5B%5D%7Cselect(.public_id%20%7C%20endswith(%22main%22)))/4954196.json?$Prod_PLPThumb$:0
[  710587ms] [WARNING] The resource https://assets.basspro.com/image/upload/b_rgb:FFFFFF,c_pad,dpr_1.0,f_auto,h_375,q_auto,w_600/c_pad,h_375,w_600/v1/ProductImages/450/black_101950646_main?pgw=1 was preloaded using link preload but not used within a few seconds from the window's load event. Please make sure it has an appropriate `as` value and it is preloaded intentionally. @ https://www.cabelas.com/l/used-centerfire-pistol#firstResult=72:0
[  710587ms] [WARNING] The resource https://assets.basspro.com/image/upload/b_rgb:FFFFFF,c_pad,dpr_1.0,f_auto,h_375,q_auto,w_600/c_pad,h_375,w_600/v1/ProductImages/UsedGuns/usedgun_102037476_main?pgw=1 was preloaded using link preload but not used within a few seconds from the window's load event. Please make sure it has an appropriate `as` value and it is preloaded intentionally. @ https://www.cabelas.com/l/used-centerfire-pistol#firstResult=72:0
[  710587ms] [WARNING] The resource https://assets.basspro.com/image/upload/b_rgb:FFFFFF,c_pad,dpr_1.0,f_auto,h_375,q_auto,w_600/c_pad,h_375,w_600/v1/ProductImages/UsedGuns/usedgun_102031878_main?pgw=1 was preloaded using link preload but not used within a few seconds from the window's load event. Please make sure it has an appropriate `as` value and it is preloaded intentionally. @ https://www.cabelas.com/l/used-centerfire-pistol#firstResult=72:0
[  710587ms] [WARNING] The resource https://assets.basspro.com/image/upload/b_rgb:FFFFFF,c_pad,dpr_1.0,f_auto,h_375,q_auto,w_600/c_pad,h_375,w_600/v1/ProductImages/450/fde1_101132700_main?pgw=1 was preloaded using link preload but not used within a few seconds from the window's load event. Please make sure it has an appropriate `as` value and it is preloaded intentionally. @ https://www.cabelas.com/l/used-centerfire-pistol#firstResult=72:0
[  710587ms] [WARNING] The resource https://assets.basspro.com/image/upload/b_rgb:FFFFFF,c_pad,dpr_1.0,f_auto,h_375,q_auto,w_600/c_pad,h_375,w_600/v1/ProductImages/450/master1_101982093_main?pgw=1 was preloaded using link preload but not used within a few seconds from the window's load event. Please make sure it has an appropriate `as` value and it is preloaded intentionally. @ https://www.cabelas.com/l/used-centerfire-pistol#firstResult=72:0
[  710587ms] [WARNING] The resource https://assets.basspro.com/image/upload/b_rgb:FFFFFF,c_pad,dpr_1.0,f_auto,h_375,q_auto,w_600/c_pad,h_375,w_600/v1/ProductImages/UsedGuns/usedgun_102033120_main?pgw=1 was preloaded using link preload but not used within a few seconds from the window's load event. Please make sure it has an appropriate `as` value and it is preloaded intentionally. @ https://www.cabelas.com/l/used-centerfire-pistol#firstResult=72:0
[  710587ms] [WARNING] The resource https://assets.basspro.com/image/upload/b_rgb:FFFFFF,c_pad,dpr_1.0,f_auto,h_375,q_auto,w_600/c_pad,h_375,w_600/v1/ProductImages/450/master1_2217097_main?pgw=1 was preloaded using link preload but not used within a few seconds from the window's load event. Please make sure it has an appropriate `as` value and it is preloaded intentionally. @ https://www.cabelas.com/l/used-centerfire-pistol#firstResult=72:0
[  710587ms] [WARNING] The resource https://assets.basspro.com/image/upload/b_rgb:FFFFFF,c_pad,dpr_1.0,f_auto,h_375,q_auto,w_600/c_pad,h_375,w_600/v1/ProductImages/450/master2_1202190501121_main?pgw=1 was preloaded using link preload but not used within a few seconds from the window's load event. Please make sure it has an appropriate `as` value and it is preloaded intentionally. @ https://www.cabelas.com/l/used-centerfire-pistol#firstResult=72:0
[  710587ms] [WARNING] The resource https://assets.basspro.com/image/upload/b_rgb:FFFFFF,c_pad,dpr_1.0,f_auto,h_375,q_auto,w_600/c_pad,h_375,w_600/v1/ProductImages/UsedGuns/usedgun_102044502_main?pgw=1 was preloaded using link preload but not used within a few seconds from the window's load event. Please make sure it has an appropriate `as` value and it is preloaded intentionally. @ https://www.cabelas.com/l/used-centerfire-pistol#firstResult=72:0
[  710587ms] [WARNING] The resource https://assets.basspro.com/image/upload/b_rgb:FFFFFF,c_pad,dpr_1.0,f_auto,h_375,q_auto,w_600/c_pad,h_375,w_600/v1/ProductImages/450/master1_100782726_main?pgw=1 was preloaded using link preload but not used within a few seconds from the window's load event. Please make sure it has an appropriate `as` value and it is preloaded intentionally. @ https://www.cabelas.com/l/used-centerfire-pistol#firstResult=72:0
[  716276ms] [WARNING] Mixed Content: The page at 'https://www.cabelas.com/p/101951572' was loaded over HTTPS, but requested an insecure element 'http://a.mktgcdn.com/p/akjtLTS-Gg8SS0croemyQIldARTNaHRtSb-duQq0bEI/571x339.jpg'. This request was automatically upgraded to HTTPS, For more information see https://blog.chromium.org/2019/10/no-more-mixed-messages-about-https.html @ https://www.cabelas.com/p/101951572:0
[  716278ms] [WARNING] Mixed Content: The page at 'https://www.cabelas.com/p/101951572' was loaded over HTTPS, but requested an insecure element 'http://a.mktgcdn.com/p/akjtLTS-Gg8SS0croemyQIldARTNaHRtSb-duQq0bEI/571x339.jpg'. This request was automatically upgraded to HTTPS, For more information see https://blog.chromium.org/2019/10/no-more-mixed-messages-about-https.html @ https://www.cabelas.com/p/101951572:0
[  716697ms] SampledOutError: Session is sampled out
[  735234ms] SampledOutError: Session is sampled out
[  737211ms] [ERROR] Failed to load resource: the server responded with a status of 404 () @ https://assets.basspro.com/image/list/fn_select:jq:first(.%5B%5D%7Cselect(.public_id%20%7C%20endswith(%22main%22)))/4954196.json?$Prod_PLPThumb$:0
[  737562ms] SampledOutError: Session is sampled out
[  749065ms] [WARNING] The resource https://assets.basspro.com/image/upload/b_rgb:FFFFFF,c_pad,dpr_1.0,f_auto,h_375,q_auto,w_600/c_pad,h_375,w_600/v1/ProductImages/450/black_101950646_main?pgw=1 was preloaded using link preload but not used within a few seconds from the window's load event. Please make sure it has an appropriate `as` value and it is preloaded intentionally. @ https://www.cabelas.com/l/used-centerfire-pistol#firstResult=72:0
[  749065ms] [WARNING] The resource https://assets.basspro.com/image/upload/b_rgb:FFFFFF,c_pad,dpr_1.0,f_auto,h_375,q_auto,w_600/c_pad,h_375,w_600/v1/ProductImages/UsedGuns/usedgun_102037476_main?pgw=1 was preloaded using link preload but not used within a few seconds from the window's load event. Please make sure it has an appropriate `as` value and it is preloaded intentionally. @ https://www.cabelas.com/l/used-centerfire-pistol#firstResult=72:0
[  749065ms] [WARNING] The resource https://assets.basspro.com/image/upload/b_rgb:FFFFFF,c_pad,dpr_1.0,f_auto,h_375,q_auto,w_600/c_pad,h_375,w_600/v1/ProductImages/UsedGuns/usedgun_102031878_main?pgw=1 was preloaded using link preload but not used within a few seconds from the window's load event. Please make sure it has an appropriate `as` value and it is preloaded intentionally. @ https://www.cabelas.com/l/used-centerfire-pistol#firstResult=72:0
[  749065ms] [WARNING] The resource https://assets.basspro.com/image/upload/b_rgb:FFFFFF,c_pad,dpr_1.0,f_auto,h_375,q_auto,w_600/c_pad,h_375,w_600/v1/ProductImages/450/fde1_101132700_main?pgw=1 was preloaded using link preload but not used within a few seconds from the window's load event. Please make sure it has an appropriate `as` value and it is preloaded intentionally. @ https://www.cabelas.com/l/used-centerfire-pistol#firstResult=72:0
[  749065ms] [WARNING] The resource https://assets.basspro.com/image/upload/b_rgb:FFFFFF,c_pad,dpr_1.0,f_auto,h_375,q_auto,w_600/c_pad,h_375,w_600/v1/ProductImages/450/master1_101982093_main?pgw=1 was preloaded using link preload but not used within a few seconds from the window's load event. Please make sure it has an appropriate `as` value and it is preloaded intentionally. @ https://www.cabelas.com/l/used-centerfire-pistol#firstResult=72:0
[  749065ms] [WARNING] The resource https://assets.basspro.com/image/upload/b_rgb:FFFFFF,c_pad,dpr_1.0,f_auto,h_375,q_auto,w_600/c_pad,h_375,w_600/v1/ProductImages/UsedGuns/usedgun_102033120_main?pgw=1 was preloaded using link preload but not used within a few seconds from the window's load event. Please make sure it has an appropriate `as` value and it is preloaded intentionally. @ https://www.cabelas.com/l/used-centerfire-pistol#firstResult=72:0
[  749065ms] [WARNING] The resource https://assets.basspro.com/image/upload/b_rgb:FFFFFF,c_pad,dpr_1.0,f_auto,h_375,q_auto,w_600/c_pad,h_375,w_600/v1/ProductImages/450/master1_2217097_main?pgw=1 was preloaded using link preload but not used within a few seconds from the window's load event. Please make sure it has an appropriate `as` value and it is preloaded intentionally. @ https://www.cabelas.com/l/used-centerfire-pistol#firstResult=72:0
[  749065ms] [WARNING] The resource https://assets.basspro.com/image/upload/b_rgb:FFFFFF,c_pad,dpr_1.0,f_auto,h_375,q_auto,w_600/c_pad,h_375,w_600/v1/ProductImages/450/master2_1202190501121_main?pgw=1 was preloaded using link preload but not used within a few seconds from the window's load event. Please make sure it has an appropriate `as` value and it is preloaded intentionally. @ https://www.cabelas.com/l/used-centerfire-pistol#firstResult=72:0
[  749065ms] [WARNING] The resource https://assets.basspro.com/image/upload/b_rgb:FFFFFF,c_pad,dpr_1.0,f_auto,h_375,q_auto,w_600/c_pad,h_375,w_600/v1/ProductImages/UsedGuns/usedgun_102044502_main?pgw=1 was preloaded using link preload but not used within a few seconds from the window's load event. Please make sure it has an appropriate `as` value and it is preloaded intentionally. @ https://www.cabelas.com/l/used-centerfire-pistol#firstResult=72:0
[  749065ms] [WARNING] The resource https://assets.basspro.com/image/upload/b_rgb:FFFFFF,c_pad,dpr_1.0,f_auto,h_375,q_auto,w_600/c_pad,h_375,w_600/v1/ProductImages/UsedGuns/usedgun_101951572_main?pgw=1 was preloaded using link preload but not used within a few seconds from the window's load event. Please make sure it has an appropriate `as` value and it is preloaded intentionally. @ https://www.cabelas.com/l/used-centerfire-pistol#firstResult=72:0
[  749065ms] [WARNING] The resource https://assets.basspro.com/image/upload/b_rgb:FFFFFF,c_pad,dpr_1.0,f_auto,h_375,q_auto,w_600/c_pad,h_375,w_600/v1/ProductImages/450/master1_100782726_main?pgw=1 was preloaded using link preload but not used within a few seconds from the window's load event. Please make sure it has an appropriate `as` value and it is preloaded intentionally. @ https://www.cabelas.com/l/used-centerfire-pistol#firstResult=72:0
[  795241ms] SampledOutError: Session is sampled out
[  802672ms] SampledOutError: Session is sampled out
[  814820ms] SampledOutError: Session is sampled out
[  817547ms] SampledOutError: Session is sampled out
[  831351ms] [WARNING] The resource https://assets.basspro.com/image/upload/b_rgb:FFFFFF,c_pad,dpr_1.0,f_auto,h_375,q_auto,w_600/c_pad,h_375,w_600/v1/ProductImages/450/black_101950646_main?pgw=1 was preloaded using link preload but not used within a few seconds from the window's load event. Please make sure it has an appropriate `as` value and it is preloaded intentionally. @ https://www.cabelas.com/l/used-centerfire-pistol#firstResult=108:0
[  831351ms] [WARNING] The resource https://assets.basspro.com/image/upload/b_rgb:FFFFFF,c_pad,dpr_1.0,f_auto,h_375,q_auto,w_600/c_pad,h_375,w_600/v1/ProductImages/UsedGuns/usedgun_102037476_main?pgw=1 was preloaded using link preload but not used within a few seconds from the window's load event. Please make sure it has an appropriate `as` value and it is preloaded intentionally. @ https://www.cabelas.com/l/used-centerfire-pistol#firstResult=108:0
[  831351ms] [WARNING] The resource https://assets.basspro.com/image/upload/b_rgb:FFFFFF,c_pad,dpr_1.0,f_auto,h_375,q_auto,w_600/c_pad,h_375,w_600/v1/ProductImages/UsedGuns/usedgun_102031878_main?pgw=1 was preloaded using link preload but not used within a few seconds from the window's load event. Please make sure it has an appropriate `as` value and it is preloaded intentionally. @ https://www.cabelas.com/l/used-centerfire-pistol#firstResult=108:0
[  831351ms] [WARNING] The resource https://assets.basspro.com/image/upload/b_rgb:FFFFFF,c_pad,dpr_1.0,f_auto,h_375,q_auto,w_600/c_pad,h_375,w_600/v1/ProductImages/450/fde1_101132700_main?pgw=1 was preloaded using link preload but not used within a few seconds from the window's load event. Please make sure it has an appropriate `as` value and it is preloaded intentionally. @ https://www.cabelas.com/l/used-centerfire-pistol#firstResult=108:0
[  831351ms] [WARNING] The resource https://assets.basspro.com/image/upload/b_rgb:FFFFFF,c_pad,dpr_1.0,f_auto,h_375,q_auto,w_600/c_pad,h_375,w_600/v1/ProductImages/450/master1_101982093_main?pgw=1 was preloaded using link preload but not used within a few seconds from the window's load event. Please make sure it has an appropriate `as` value and it is preloaded intentionally. @ https://www.cabelas.com/l/used-centerfire-pistol#firstResult=108:0
[  831351ms] [WARNING] The resource https://assets.basspro.com/image/upload/b_rgb:FFFFFF,c_pad,dpr_1.0,f_auto,h_375,q_auto,w_600/c_pad,h_375,w_600/v1/ProductImages/UsedGuns/usedgun_102033120_main?pgw=1 was preloaded using link preload but not used within a few seconds from the window's load event. Please make sure it has an appropriate `as` value and it is preloaded intentionally. @ https://www.cabelas.com/l/used-centerfire-pistol#firstResult=108:0
[  831351ms] [WARNING] The resource https://assets.basspro.com/image/upload/b_rgb:FFFFFF,c_pad,dpr_1.0,f_auto,h_375,q_auto,w_600/c_pad,h_375,w_600/v1/ProductImages/UsedGuns/usedgun_102032578_main?pgw=1 was preloaded using link preload but not used within a few seconds from the window's load event. Please make sure it has an appropriate `as` value and it is preloaded intentionally. @ https://www.cabelas.com/l/used-centerfire-pistol#firstResult=108:0
[  831351ms] [WARNING] The resource https://assets.basspro.com/image/upload/b_rgb:FFFFFF,c_pad,dpr_1.0,f_auto,h_375,q_auto,w_600/c_pad,h_375,w_600/v1/ProductImages/450/master1_2217097_main?pgw=1 was preloaded using link preload but not used within a few seconds from the window's load event. Please make sure it has an appropriate `as` value and it is preloaded intentionally. @ https://www.cabelas.com/l/used-centerfire-pistol#firstResult=108:0
[  831351ms] [WARNING] The resource https://assets.basspro.com/image/upload/b_rgb:FFFFFF,c_pad,dpr_1.0,f_auto,h_375,q_auto,w_600/c_pad,h_375,w_600/v1/ProductImages/450/master2_1202190501121_main?pgw=1 was preloaded using link preload but not used within a few seconds from the window's load event. Please make sure it has an appropriate `as` value and it is preloaded intentionally. @ https://www.cabelas.com/l/used-centerfire-pistol#firstResult=108:0
[  831351ms] [WARNING] The resource https://assets.basspro.com/image/upload/b_rgb:FFFFFF,c_pad,dpr_1.0,f_auto,h_375,q_auto,w_600/c_pad,h_375,w_600/v1/ProductImages/UsedGuns/usedgun_102044502_main?pgw=1 was preloaded using link preload but not used within a few seconds from the window's load event. Please make sure it has an appropriate `as` value and it is preloaded intentionally. @ https://www.cabelas.com/l/used-centerfire-pistol#firstResult=108:0
[  831351ms] [WARNING] The resource https://assets.basspro.com/image/upload/b_rgb:FFFFFF,c_pad,dpr_1.0,f_auto,h_375,q_auto,w_600/c_pad,h_375,w_600/v1/ProductImages/UsedGuns/usedgun_101951572_main?pgw=1 was preloaded using link preload but not used within a few seconds from the window's load event. Please make sure it has an appropriate `as` value and it is preloaded intentionally. @ https://www.cabelas.com/l/used-centerfire-pistol#firstResult=108:0
[  831351ms] [WARNING] The resource https://assets.basspro.com/image/upload/b_rgb:FFFFFF,c_pad,dpr_1.0,f_auto,h_375,q_auto,w_600/c_pad,h_375,w_600/v1/ProductImages/450/master1_100782726_main?pgw=1 was preloaded using link preload but not used within a few seconds from the window's load event. Please make sure it has an appropriate `as` value and it is preloaded intentionally. @ https://www.cabelas.com/l/used-centerfire-pistol#firstResult=108:0
[  834753ms] [WARNING] The resource https://assets.basspro.com/image/upload/b_rgb:FFFFFF,c_pad,dpr_1.0,f_auto,h_375,q_auto,w_600/c_pad,h_375,w_600/v1/ProductImages/450/black_101950646_main?pgw=1 was preloaded using link preload but not used within a few seconds from the window's load event. Please make sure it has an appropriate `as` value and it is preloaded intentionally. @ https://www.cabelas.com/l/used-centerfire-pistol#firstResult=108:0
[  834753ms] [WARNING] The resource https://assets.basspro.com/image/upload/b_rgb:FFFFFF,c_pad,dpr_1.0,f_auto,h_375,q_auto,w_600/c_pad,h_375,w_600/v1/ProductImages/UsedGuns/usedgun_102037476_main?pgw=1 was preloaded using link preload but not used within a few seconds from the window's load event. Please make sure it has an appropriate `as` value and it is preloaded intentionally. @ https://www.cabelas.com/l/used-centerfire-pistol#firstResult=108:0
[  834753ms] [WARNING] The resource https://assets.basspro.com/image/upload/b_rgb:FFFFFF,c_pad,dpr_1.0,f_auto,h_375,q_auto,w_600/c_pad,h_375,w_600/v1/ProductImages/UsedGuns/usedgun_102031878_main?pgw=1 was preloaded using link preload but not used within a few seconds from the window's load event. Please make sure it has an appropriate `as` value and it is preloaded intentionally. @ https://www.cabelas.com/l/used-centerfire-pistol#firstResult=108:0
[  834753ms] [WARNING] The resource https://assets.basspro.com/image/upload/b_rgb:FFFFFF,c_pad,dpr_1.0,f_auto,h_375,q_auto,w_600/c_pad,h_375,w_600/v1/ProductImages/450/fde1_101132700_main?pgw=1 was preloaded using link preload but not used within a few seconds from the window's load event. Please make sure it has an appropriate `as` value and it is preloaded intentionally. @ https://www.cabelas.com/l/used-centerfire-pistol#firstResult=108:0
[  834753ms] [WARNING] The resource https://assets.basspro.com/image/upload/b_rgb:FFFFFF,c_pad,dpr_1.0,f_auto,h_375,q_auto,w_600/c_pad,h_375,w_600/v1/ProductImages/450/master1_101982093_main?pgw=1 was preloaded using link preload but not used within a few seconds from the window's load event. Please make sure it has an appropriate `as` value and it is preloaded intentionally. @ https://www.cabelas.com/l/used-centerfire-pistol#firstResult=108:0
[  834753ms] [WARNING] The resource https://assets.basspro.com/image/upload/b_rgb:FFFFFF,c_pad,dpr_1.0,f_auto,h_375,q_auto,w_600/c_pad,h_375,w_600/v1/ProductImages/UsedGuns/usedgun_102033120_main?pgw=1 was preloaded using link preload but not used within a few seconds from the window's load event. Please make sure it has an appropriate `as` value and it is preloaded intentionally. @ https://www.cabelas.com/l/used-centerfire-pistol#firstResult=108:0
[  834754ms] [WARNING] The resource https://assets.basspro.com/image/upload/b_rgb:FFFFFF,c_pad,dpr_1.0,f_auto,h_375,q_auto,w_600/c_pad,h_375,w_600/v1/ProductImages/UsedGuns/usedgun_102032578_main?pgw=1 was preloaded using link preload but not used within a few seconds from the window's load event. Please make sure it has an appropriate `as` value and it is preloaded intentionally. @ https://www.cabelas.com/l/used-centerfire-pistol#firstResult=108:0
[  834754ms] [WARNING] The resource https://assets.basspro.com/image/upload/b_rgb:FFFFFF,c_pad,dpr_1.0,f_auto,h_375,q_auto,w_600/c_pad,h_375,w_600/v1/ProductImages/450/master1_2217097_main?pgw=1 was preloaded using link preload but not used within a few seconds from the window's load event. Please make sure it has an appropriate `as` value and it is preloaded intentionally. @ https://www.cabelas.com/l/used-centerfire-pistol#firstResult=108:0
[  834754ms] [WARNING] The resource https://assets.basspro.com/image/upload/b_rgb:FFFFFF,c_pad,dpr_1.0,f_auto,h_375,q_auto,w_600/c_pad,h_375,w_600/v1/ProductImages/450/master2_1202190501121_main?pgw=1 was preloaded using link preload but not used within a few seconds from the window's load event. Please make sure it has an appropriate `as` value and it is preloaded intentionally. @ https://www.cabelas.com/l/used-centerfire-pistol#firstResult=108:0
[  834754ms] [WARNING] The resource https://assets.basspro.com/image/upload/b_rgb:FFFFFF,c_pad,dpr_1.0,f_auto,h_375,q_auto,w_600/c_pad,h_375,w_600/v1/ProductImages/UsedGuns/usedgun_102044502_main?pgw=1 was preloaded using link preload but not used within a few seconds from the window's load event. Please make sure it has an appropriate `as` value and it is preloaded intentionally. @ https://www.cabelas.com/l/used-centerfire-pistol#firstResult=108:0
[  834754ms] [WARNING] The resource https://assets.basspro.com/image/upload/b_rgb:FFFFFF,c_pad,dpr_1.0,f_auto,h_375,q_auto,w_600/c_pad,h_375,w_600/v1/ProductImages/UsedGuns/usedgun_101951572_main?pgw=1 was preloaded using link preload but not used within a few seconds from the window's load event. Please make sure it has an appropriate `as` value and it is preloaded intentionally. @ https://www.cabelas.com/l/used-centerfire-pistol#firstResult=108:0
[  834754ms] [WARNING] The resource https://assets.basspro.com/image/upload/b_rgb:FFFFFF,c_pad,dpr_1.0,f_auto,h_375,q_auto,w_600/c_pad,h_375,w_600/v1/ProductImages/450/master1_100782726_main?pgw=1 was preloaded using link preload but not used within a few seconds from the window's load event. Please make sure it has an appropriate `as` value and it is preloaded intentionally. @ https://www.cabelas.com/l/used-centerfire-pistol#firstResult=108:0
[  841341ms] [WARNING] The resource https://assets.basspro.com/image/upload/b_rgb:FFFFFF,c_pad,dpr_1.0,f_auto,h_375,q_auto,w_600/c_pad,h_375,w_600/v1/ProductImages/450/black_101950646_main?pgw=1 was preloaded using link preload but not used within a few seconds from the window's load event. Please make sure it has an appropriate `as` value and it is preloaded intentionally. @ https://www.cabelas.com/l/used-centerfire-pistol#firstResult=108:0
[  841341ms] [WARNING] The resource https://assets.basspro.com/image/upload/b_rgb:FFFFFF,c_pad,dpr_1.0,f_auto,h_375,q_auto,w_600/c_pad,h_375,w_600/v1/ProductImages/UsedGuns/usedgun_102037476_main?pgw=1 was preloaded using link preload but not used within a few seconds from the window's load event. Please make sure it has an appropriate `as` value and it is preloaded intentionally. @ https://www.cabelas.com/l/used-centerfire-pistol#firstResult=108:0
[  841341ms] [WARNING] The resource https://assets.basspro.com/image/upload/b_rgb:FFFFFF,c_pad,dpr_1.0,f_auto,h_375,q_auto,w_600/c_pad,h_375,w_600/v1/ProductImages/UsedGuns/usedgun_102031878_main?pgw=1 was preloaded using link preload but not used within a few seconds from the window's load event. Please make sure it has an appropriate `as` value and it is preloaded intentionally. @ https://www.cabelas.com/l/used-centerfire-pistol#firstResult=108:0
[  841341ms] [WARNING] The resource https://assets.basspro.com/image/upload/b_rgb:FFFFFF,c_pad,dpr_1.0,f_auto,h_375,q_auto,w_600/c_pad,h_375,w_600/v1/ProductImages/450/fde1_101132700_main?pgw=1 was preloaded using link preload but not used within a few seconds from the window's load event. Please make sure it has an appropriate `as` value and it is preloaded intentionally. @ https://www.cabelas.com/l/used-centerfire-pistol#firstResult=108:0
[  841341ms] [WARNING] The resource https://assets.basspro.com/image/upload/b_rgb:FFFFFF,c_pad,dpr_1.0,f_auto,h_375,q_auto,w_600/c_pad,h_375,w_600/v1/ProductImages/450/master1_101982093_main?pgw=1 was preloaded using link preload but not used within a few seconds from the window's load event. Please make sure it has an appropriate `as` value and it is preloaded intentionally. @ https://www.cabelas.com/l/used-centerfire-pistol#firstResult=108:0
[  841341ms] [WARNING] The resource https://assets.basspro.com/image/upload/b_rgb:FFFFFF,c_pad,dpr_1.0,f_auto,h_375,q_auto,w_600/c_pad,h_375,w_600/v1/ProductImages/UsedGuns/usedgun_102033120_main?pgw=1 was preloaded using link preload but not used within a few seconds from the window's load event. Please make sure it has an appropriate `as` value and it is preloaded intentionally. @ https://www.cabelas.com/l/used-centerfire-pistol#firstResult=108:0
[  841341ms] [WARNING] The resource https://assets.basspro.com/image/upload/b_rgb:FFFFFF,c_pad,dpr_1.0,f_auto,h_375,q_auto,w_600/c_pad,h_375,w_600/v1/ProductImages/UsedGuns/usedgun_102032578_main?pgw=1 was preloaded using link preload but not used within a few seconds from the window's load event. Please make sure it has an appropriate `as` value and it is preloaded intentionally. @ https://www.cabelas.com/l/used-centerfire-pistol#firstResult=108:0
[  841341ms] [WARNING] The resource https://assets.basspro.com/image/upload/b_rgb:FFFFFF,c_pad,dpr_1.0,f_auto,h_375,q_auto,w_600/c_pad,h_375,w_600/v1/ProductImages/450/master1_2217097_main?pgw=1 was preloaded using link preload but not used within a few seconds from the window's load event. Please make sure it has an appropriate `as` value and it is preloaded intentionally. @ https://www.cabelas.com/l/used-centerfire-pistol#firstResult=108:0
[  841341ms] [WARNING] The resource https://assets.basspro.com/image/upload/b_rgb:FFFFFF,c_pad,dpr_1.0,f_auto,h_375,q_auto,w_600/c_pad,h_375,w_600/v1/ProductImages/450/master2_1202190501121_main?pgw=1 was preloaded using link preload but not used within a few seconds from the window's load event. Please make sure it has an appropriate `as` value and it is preloaded intentionally. @ https://www.cabelas.com/l/used-centerfire-pistol#firstResult=108:0
[  841341ms] [WARNING] The resource https://assets.basspro.com/image/upload/b_rgb:FFFFFF,c_pad,dpr_1.0,f_auto,h_375,q_auto,w_600/c_pad,h_375,w_600/v1/ProductImages/UsedGuns/usedgun_102044502_main?pgw=1 was preloaded using link preload but not used within a few seconds from the window's load event. Please make sure it has an appropriate `as` value and it is preloaded intentionally. @ https://www.cabelas.com/l/used-centerfire-pistol#firstResult=108:0
[  841341ms] [WARNING] The resource https://assets.basspro.com/image/upload/b_rgb:FFFFFF,c_pad,dpr_1.0,f_auto,h_375,q_auto,w_600/c_pad,h_375,w_600/v1/ProductImages/UsedGuns/usedgun_101951572_main?pgw=1 was preloaded using link preload but not used within a few seconds from the window's load event. Please make sure it has an appropriate `as` value and it is preloaded intentionally. @ https://www.cabelas.com/l/used-centerfire-pistol#firstResult=108:0
[  841341ms] [WARNING] The resource https://assets.basspro.com/image/upload/b_rgb:FFFFFF,c_pad,dpr_1.0,f_auto,h_375,q_auto,w_600/c_pad,h_375,w_600/v1/ProductImages/450/master1_100782726_main?pgw=1 was preloaded using link preload but not used within a few seconds from the window's load event. Please make sure it has an appropriate `as` value and it is preloaded intentionally. @ https://www.cabelas.com/l/used-centerfire-pistol#firstResult=108:0
[  848349ms] [WARNING] The resource https://assets.basspro.com/image/upload/b_rgb:FFFFFF,c_pad,dpr_1.0,f_auto,h_375,q_auto,w_600/c_pad,h_375,w_600/v1/ProductImages/450/black_101950646_main?pgw=1 was preloaded using link preload but not used within a few seconds from the window's load event. Please make sure it has an appropriate `as` value and it is preloaded intentionally. @ https://www.cabelas.com/l/used-centerfire-pistol#firstResult=108:0
[  848349ms] [WARNING] The resource https://assets.basspro.com/image/upload/b_rgb:FFFFFF,c_pad,dpr_1.0,f_auto,h_375,q_auto,w_600/c_pad,h_375,w_600/v1/ProductImages/UsedGuns/usedgun_102037476_main?pgw=1 was preloaded using link preload but not used within a few seconds from the window's load event. Please make sure it has an appropriate `as` value and it is preloaded intentionally. @ https://www.cabelas.com/l/used-centerfire-pistol#firstResult=108:0
[  848349ms] [WARNING] The resource https://assets.basspro.com/image/upload/b_rgb:FFFFFF,c_pad,dpr_1.0,f_auto,h_375,q_auto,w_600/c_pad,h_375,w_600/v1/ProductImages/UsedGuns/usedgun_102031878_main?pgw=1 was preloaded using link preload but not used within a few seconds from the window's load event. Please make sure it has an appropriate `as` value and it is preloaded intentionally. @ https://www.cabelas.com/l/used-centerfire-pistol#firstResult=108:0
[  848349ms] [WARNING] The resource https://assets.basspro.com/image/upload/b_rgb:FFFFFF,c_pad,dpr_1.0,f_auto,h_375,q_auto,w_600/c_pad,h_375,w_600/v1/ProductImages/450/fde1_101132700_main?pgw=1 was preloaded using link preload but not used within a few seconds from the window's load event. Please make sure it has an appropriate `as` value and it is preloaded intentionally. @ https://www.cabelas.com/l/used-centerfire-pistol#firstResult=108:0
[  848349ms] [WARNING] The resource https://assets.basspro.com/image/upload/b_rgb:FFFFFF,c_pad,dpr_1.0,f_auto,h_375,q_auto,w_600/c_pad,h_375,w_600/v1/ProductImages/450/master1_101982093_main?pgw=1 was preloaded using link preload but not used within a few seconds from the window's load event. Please make sure it has an appropriate `as` value and it is preloaded intentionally. @ https://www.cabelas.com/l/used-centerfire-pistol#firstResult=108:0
[  848349ms] [WARNING] The resource https://assets.basspro.com/image/upload/b_rgb:FFFFFF,c_pad,dpr_1.0,f_auto,h_375,q_auto,w_600/c_pad,h_375,w_600/v1/ProductImages/UsedGuns/usedgun_102033120_main?pgw=1 was preloaded using link preload but not used within a few seconds from the window's load event. Please make sure it has an appropriate `as` value and it is preloaded intentionally. @ https://www.cabelas.com/l/used-centerfire-pistol#firstResult=108:0
[  848349ms] [WARNING] The resource https://assets.basspro.com/image/upload/b_rgb:FFFFFF,c_pad,dpr_1.0,f_auto,h_375,q_auto,w_600/c_pad,h_375,w_600/v1/ProductImages/UsedGuns/usedgun_102032578_main?pgw=1 was preloaded using link preload but not used within a few seconds from the window's load event. Please make sure it has an appropriate `as` value and it is preloaded intentionally. @ https://www.cabelas.com/l/used-centerfire-pistol#firstResult=108:0
[  848349ms] [WARNING] The resource https://assets.basspro.com/image/upload/b_rgb:FFFFFF,c_pad,dpr_1.0,f_auto,h_375,q_auto,w_600/c_pad,h_375,w_600/v1/ProductImages/450/master1_2217097_main?pgw=1 was preloaded using link preload but not used within a few seconds from the window's load event. Please make sure it has an appropriate `as` value and it is preloaded intentionally. @ https://www.cabelas.com/l/used-centerfire-pistol#firstResult=108:0
[  848349ms] [WARNING] The resource https://assets.basspro.com/image/upload/b_rgb:FFFFFF,c_pad,dpr_1.0,f_auto,h_375,q_auto,w_600/c_pad,h_375,w_600/v1/ProductImages/450/master2_1202190501121_main?pgw=1 was preloaded using link preload but not used within a few seconds from the window's load event. Please make sure it has an appropriate `as` value and it is preloaded intentionally. @ https://www.cabelas.com/l/used-centerfire-pistol#firstResult=108:0
[  848349ms] [WARNING] The resource https://assets.basspro.com/image/upload/b_rgb:FFFFFF,c_pad,dpr_1.0,f_auto,h_375,q_auto,w_600/c_pad,h_375,w_600/v1/ProductImages/UsedGuns/usedgun_102044502_main?pgw=1 was preloaded using link preload but not used within a few seconds from the window's load event. Please make sure it has an appropriate `as` value and it is preloaded intentionally. @ https://www.cabelas.com/l/used-centerfire-pistol#firstResult=108:0
[  848349ms] [WARNING] The resource https://assets.basspro.com/image/upload/b_rgb:FFFFFF,c_pad,dpr_1.0,f_auto,h_375,q_auto,w_600/c_pad,h_375,w_600/v1/ProductImages/UsedGuns/usedgun_101951572_main?pgw=1 was preloaded using link preload but not used within a few seconds from the window's load event. Please make sure it has an appropriate `as` value and it is preloaded intentionally. @ https://www.cabelas.com/l/used-centerfire-pistol#firstResult=108:0
[  848349ms] [WARNING] The resource https://assets.basspro.com/image/upload/b_rgb:FFFFFF,c_pad,dpr_1.0,f_auto,h_375,q_auto,w_600/c_pad,h_375,w_600/v1/ProductImages/450/master1_100782726_main?pgw=1 was preloaded using link preload but not used within a few seconds from the window's load event. Please make sure it has an appropriate `as` value and it is preloaded intentionally. @ https://www.cabelas.com/l/used-centerfire-pistol#firstResult=108:0
[  851861ms] [WARNING] The resource https://assets.basspro.com/image/upload/b_rgb:FFFFFF,c_pad,dpr_1.0,f_auto,h_375,q_auto,w_600/c_pad,h_375,w_600/v1/ProductImages/450/black_101950646_main?pgw=1 was preloaded using link preload but not used within a few seconds from the window's load event. Please make sure it has an appropriate `as` value and it is preloaded intentionally. @ https://www.cabelas.com/l/used-centerfire-pistol#firstResult=108:0
[  851861ms] [WARNING] The resource https://assets.basspro.com/image/upload/b_rgb:FFFFFF,c_pad,dpr_1.0,f_auto,h_375,q_auto,w_600/c_pad,h_375,w_600/v1/ProductImages/UsedGuns/usedgun_102037476_main?pgw=1 was preloaded using link preload but not used within a few seconds from the window's load event. Please make sure it has an appropriate `as` value and it is preloaded intentionally. @ https://www.cabelas.com/l/used-centerfire-pistol#firstResult=108:0
[  851861ms] [WARNING] The resource https://assets.basspro.com/image/upload/b_rgb:FFFFFF,c_pad,dpr_1.0,f_auto,h_375,q_auto,w_600/c_pad,h_375,w_600/v1/ProductImages/UsedGuns/usedgun_102031878_main?pgw=1 was preloaded using link preload but not used within a few seconds from the window's load event. Please make sure it has an appropriate `as` value and it is preloaded intentionally. @ https://www.cabelas.com/l/used-centerfire-pistol#firstResult=108:0
[  851861ms] [WARNING] The resource https://assets.basspro.com/image/upload/b_rgb:FFFFFF,c_pad,dpr_1.0,f_auto,h_375,q_auto,w_600/c_pad,h_375,w_600/v1/ProductImages/450/fde1_101132700_main?pgw=1 was preloaded using link preload but not used within a few seconds from the window's load event. Please make sure it has an appropriate `as` value and it is preloaded intentionally. @ https://www.cabelas.com/l/used-centerfire-pistol#firstResult=108:0
[  851861ms] [WARNING] The resource https://assets.basspro.com/image/upload/b_rgb:FFFFFF,c_pad,dpr_1.0,f_auto,h_375,q_auto,w_600/c_pad,h_375,w_600/v1/ProductImages/450/master1_101982093_main?pgw=1 was preloaded using link preload but not used within a few seconds from the window's load event. Please make sure it has an appropriate `as` value and it is preloaded intentionally. @ https://www.cabelas.com/l/used-centerfire-pistol#firstResult=108:0
[  851861ms] [WARNING] The resource https://assets.basspro.com/image/upload/b_rgb:FFFFFF,c_pad,dpr_1.0,f_auto,h_375,q_auto,w_600/c_pad,h_375,w_600/v1/ProductImages/UsedGuns/usedgun_102033120_main?pgw=1 was preloaded using link preload but not used within a few seconds from the window's load event. Please make sure it has an appropriate `as` value and it is preloaded intentionally. @ https://www.cabelas.com/l/used-centerfire-pistol#firstResult=108:0
[  851861ms] [WARNING] The resource https://assets.basspro.com/image/upload/b_rgb:FFFFFF,c_pad,dpr_1.0,f_auto,h_375,q_auto,w_600/c_pad,h_375,w_600/v1/ProductImages/UsedGuns/usedgun_102032578_main?pgw=1 was preloaded using link preload but not used within a few seconds from the window's load event. Please make sure it has an appropriate `as` value and it is preloaded intentionally. @ https://www.cabelas.com/l/used-centerfire-pistol#firstResult=108:0
[  851861ms] [WARNING] The resource https://assets.basspro.com/image/upload/b_rgb:FFFFFF,c_pad,dpr_1.0,f_auto,h_375,q_auto,w_600/c_pad,h_375,w_600/v1/ProductImages/450/master1_2217097_main?pgw=1 was preloaded using link preload but not used within a few seconds from the window's load event. Please make sure it has an appropriate `as` value and it is preloaded intentionally. @ https://www.cabelas.com/l/used-centerfire-pistol#firstResult=108:0
[  851861ms] [WARNING] The resource https://assets.basspro.com/image/upload/b_rgb:FFFFFF,c_pad,dpr_1.0,f_auto,h_375,q_auto,w_600/c_pad,h_375,w_600/v1/ProductImages/450/master2_1202190501121_main?pgw=1 was preloaded using link preload but not used within a few seconds from the window's load event. Please make sure it has an appropriate `as` value and it is preloaded intentionally. @ https://www.cabelas.com/l/used-centerfire-pistol#firstResult=108:0
[  851861ms] [WARNING] The resource https://assets.basspro.com/image/upload/b_rgb:FFFFFF,c_pad,dpr_1.0,f_auto,h_375,q_auto,w_600/c_pad,h_375,w_600/v1/ProductImages/UsedGuns/usedgun_102044502_main?pgw=1 was preloaded using link preload but not used within a few seconds from the window's load event. Please make sure it has an appropriate `as` value and it is preloaded intentionally. @ https://www.cabelas.com/l/used-centerfire-pistol#firstResult=108:0
[  851861ms] [WARNING] The resource https://assets.basspro.com/image/upload/b_rgb:FFFFFF,c_pad,dpr_1.0,f_auto,h_375,q_auto,w_600/c_pad,h_375,w_600/v1/ProductImages/UsedGuns/usedgun_101951572_main?pgw=1 was preloaded using link preload but not used within a few seconds from the window's load event. Please make sure it has an appropriate `as` value and it is preloaded intentionally. @ https://www.cabelas.com/l/used-centerfire-pistol#firstResult=108:0
[  851861ms] [WARNING] The resource https://assets.basspro.com/image/upload/b_rgb:FFFFFF,c_pad,dpr_1.0,f_auto,h_375,q_auto,w_600/c_pad,h_375,w_600/v1/ProductImages/450/master1_100782726_main?pgw=1 was preloaded using link preload but not used within a few seconds from the window's load event. Please make sure it has an appropriate `as` value and it is preloaded intentionally. @ https://www.cabelas.com/l/used-centerfire-pistol#firstResult=108:0
[  869350ms] [WARNING] The resource https://assets.basspro.com/image/upload/b_rgb:FFFFFF,c_pad,dpr_1.0,f_auto,h_375,q_auto,w_600/c_pad,h_375,w_600/v1/ProductImages/450/black_101950646_main?pgw=1 was preloaded using link preload but not used within a few seconds from the window's load event. Please make sure it has an appropriate `as` value and it is preloaded intentionally. @ https://www.cabelas.com/l/used-centerfire-pistol#firstResult=108:0
[  869350ms] [WARNING] The resource https://assets.basspro.com/image/upload/b_rgb:FFFFFF,c_pad,dpr_1.0,f_auto,h_375,q_auto,w_600/c_pad,h_375,w_600/v1/ProductImages/UsedGuns/usedgun_102037476_main?pgw=1 was preloaded using link preload but not used within a few seconds from the window's load event. Please make sure it has an appropriate `as` value and it is preloaded intentionally. @ https://www.cabelas.com/l/used-centerfire-pistol#firstResult=108:0
[  869350ms] [WARNING] The resource https://assets.basspro.com/image/upload/b_rgb:FFFFFF,c_pad,dpr_1.0,f_auto,h_375,q_auto,w_600/c_pad,h_375,w_600/v1/ProductImages/UsedGuns/usedgun_102031878_main?pgw=1 was preloaded using link preload but not used within a few seconds from the window's load event. Please make sure it has an appropriate `as` value and it is preloaded intentionally. @ https://www.cabelas.com/l/used-centerfire-pistol#firstResult=108:0
[  869350ms] [WARNING] The resource https://assets.basspro.com/image/upload/b_rgb:FFFFFF,c_pad,dpr_1.0,f_auto,h_375,q_auto,w_600/c_pad,h_375,w_600/v1/ProductImages/450/fde1_101132700_main?pgw=1 was preloaded using link preload but not used within a few seconds from the window's load event. Please make sure it has an appropriate `as` value and it is preloaded intentionally. @ https://www.cabelas.com/l/used-centerfire-pistol#firstResult=108:0
[  869350ms] [WARNING] The resource https://assets.basspro.com/image/upload/b_rgb:FFFFFF,c_pad,dpr_1.0,f_auto,h_375,q_auto,w_600/c_pad,h_375,w_600/v1/ProductImages/450/master1_101982093_main?pgw=1 was preloaded using link preload but not used within a few seconds from the window's load event. Please make sure it has an appropriate `as` value and it is preloaded intentionally. @ https://www.cabelas.com/l/used-centerfire-pistol#firstResult=108:0
[  869350ms] [WARNING] The resource https://assets.basspro.com/image/upload/b_rgb:FFFFFF,c_pad,dpr_1.0,f_auto,h_375,q_auto,w_600/c_pad,h_375,w_600/v1/ProductImages/UsedGuns/usedgun_102033120_main?pgw=1 was preloaded using link preload but not used within a few seconds from the window's load event. Please make sure it has an appropriate `as` value and it is preloaded intentionally. @ https://www.cabelas.com/l/used-centerfire-pistol#firstResult=108:0
[  869350ms] [WARNING] The resource https://assets.basspro.com/image/upload/b_rgb:FFFFFF,c_pad,dpr_1.0,f_auto,h_375,q_auto,w_600/c_pad,h_375,w_600/v1/ProductImages/UsedGuns/usedgun_102032578_main?pgw=1 was preloaded using link preload but not used within a few seconds from the window's load event. Please make sure it has an appropriate `as` value and it is preloaded intentionally. @ https://www.cabelas.com/l/used-centerfire-pistol#firstResult=108:0
[  869350ms] [WARNING] The resource https://assets.basspro.com/image/upload/b_rgb:FFFFFF,c_pad,dpr_1.0,f_auto,h_375,q_auto,w_600/c_pad,h_375,w_600/v1/ProductImages/450/master1_2217097_main?pgw=1 was preloaded using link preload but not used within a few seconds from the window's load event. Please make sure it has an appropriate `as` value and it is preloaded intentionally. @ https://www.cabelas.com/l/used-centerfire-pistol#firstResult=108:0
[  869350ms] [WARNING] The resource https://assets.basspro.com/image/upload/b_rgb:FFFFFF,c_pad,dpr_1.0,f_auto,h_375,q_auto,w_600/c_pad,h_375,w_600/v1/ProductImages/450/master2_1202190501121_main?pgw=1 was preloaded using link preload but not used within a few seconds from the window's load event. Please make sure it has an appropriate `as` value and it is preloaded intentionally. @ https://www.cabelas.com/l/used-centerfire-pistol#firstResult=108:0
[  869350ms] [WARNING] The resource https://assets.basspro.com/image/upload/b_rgb:FFFFFF,c_pad,dpr_1.0,f_auto,h_375,q_auto,w_600/c_pad,h_375,w_600/v1/ProductImages/UsedGuns/usedgun_102044502_main?pgw=1 was preloaded using link preload but not used within a few seconds from the window's load event. Please make sure it has an appropriate `as` value and it is preloaded intentionally. @ https://www.cabelas.com/l/used-centerfire-pistol#firstResult=108:0
[  869350ms] [WARNING] The resource https://assets.basspro.com/image/upload/b_rgb:FFFFFF,c_pad,dpr_1.0,f_auto,h_375,q_auto,w_600/c_pad,h_375,w_600/v1/ProductImages/UsedGuns/usedgun_101951572_main?pgw=1 was preloaded using link preload but not used within a few seconds from the window's load event. Please make sure it has an appropriate `as` value and it is preloaded intentionally. @ https://www.cabelas.com/l/used-centerfire-pistol#firstResult=108:0
[  869350ms] [WARNING] The resource https://assets.basspro.com/image/upload/b_rgb:FFFFFF,c_pad,dpr_1.0,f_auto,h_375,q_auto,w_600/c_pad,h_375,w_600/v1/ProductImages/450/master1_100782726_main?pgw=1 was preloaded using link preload but not used within a few seconds from the window's load event. Please make sure it has an appropriate `as` value and it is preloaded intentionally. @ https://www.cabelas.com/l/used-centerfire-pistol#firstResult=108:0
[  886863ms] [WARNING] The resource https://assets.basspro.com/image/upload/b_rgb:FFFFFF,c_pad,dpr_1.0,f_auto,h_375,q_auto,w_600/c_pad,h_375,w_600/v1/ProductImages/450/black_101950646_main?pgw=1 was preloaded using link preload but not used within a few seconds from the window's load event. Please make sure it has an appropriate `as` value and it is preloaded intentionally. @ https://www.cabelas.com/l/used-centerfire-pistol#firstResult=108:0
[  886863ms] [WARNING] The resource https://assets.basspro.com/image/upload/b_rgb:FFFFFF,c_pad,dpr_1.0,f_auto,h_375,q_auto,w_600/c_pad,h_375,w_600/v1/ProductImages/UsedGuns/usedgun_102037476_main?pgw=1 was preloaded using link preload but not used within a few seconds from the window's load event. Please make sure it has an appropriate `as` value and it is preloaded intentionally. @ https://www.cabelas.com/l/used-centerfire-pistol#firstResult=108:0
[  886864ms] [WARNING] The resource https://assets.basspro.com/image/upload/b_rgb:FFFFFF,c_pad,dpr_1.0,f_auto,h_375,q_auto,w_600/c_pad,h_375,w_600/v1/ProductImages/UsedGuns/usedgun_102031878_main?pgw=1 was preloaded using link preload but not used within a few seconds from the window's load event. Please make sure it has an appropriate `as` value and it is preloaded intentionally. @ https://www.cabelas.com/l/used-centerfire-pistol#firstResult=108:0
[  886864ms] [WARNING] The resource https://assets.basspro.com/image/upload/b_rgb:FFFFFF,c_pad,dpr_1.0,f_auto,h_375,q_auto,w_600/c_pad,h_375,w_600/v1/ProductImages/450/fde1_101132700_main?pgw=1 was preloaded using link preload but not used within a few seconds from the window's load event. Please make sure it has an appropriate `as` value and it is preloaded intentionally. @ https://www.cabelas.com/l/used-centerfire-pistol#firstResult=108:0
[  886864ms] [WARNING] The resource https://assets.basspro.com/image/upload/b_rgb:FFFFFF,c_pad,dpr_1.0,f_auto,h_375,q_auto,w_600/c_pad,h_375,w_600/v1/ProductImages/450/master1_101982093_main?pgw=1 was preloaded using link preload but not used within a few seconds from the window's load event. Please make sure it has an appropriate `as` value and it is preloaded intentionally. @ https://www.cabelas.com/l/used-centerfire-pistol#firstResult=108:0
[  886864ms] [WARNING] The resource https://assets.basspro.com/image/upload/b_rgb:FFFFFF,c_pad,dpr_1.0,f_auto,h_375,q_auto,w_600/c_pad,h_375,w_600/v1/ProductImages/UsedGuns/usedgun_102033120_main?pgw=1 was preloaded using link preload but not used within a few seconds from the window's load event. Please make sure it has an appropriate `as` value and it is preloaded intentionally. @ https://www.cabelas.com/l/used-centerfire-pistol#firstResult=108:0
[  886864ms] [WARNING] The resource https://assets.basspro.com/image/upload/b_rgb:FFFFFF,c_pad,dpr_1.0,f_auto,h_375,q_auto,w_600/c_pad,h_375,w_600/v1/ProductImages/UsedGuns/usedgun_102032578_main?pgw=1 was preloaded using link preload but not used within a few seconds from the window's load event. Please make sure it has an appropriate `as` value and it is preloaded intentionally. @ https://www.cabelas.com/l/used-centerfire-pistol#firstResult=108:0
[  886864ms] [WARNING] The resource https://assets.basspro.com/image/upload/b_rgb:FFFFFF,c_pad,dpr_1.0,f_auto,h_375,q_auto,w_600/c_pad,h_375,w_600/v1/ProductImages/450/master1_2217097_main?pgw=1 was preloaded using link preload but not used within a few seconds from the window's load event. Please make sure it has an appropriate `as` value and it is preloaded intentionally. @ https://www.cabelas.com/l/used-centerfire-pistol#firstResult=108:0
[  886864ms] [WARNING] The resource https://assets.basspro.com/image/upload/b_rgb:FFFFFF,c_pad,dpr_1.0,f_auto,h_375,q_auto,w_600/c_pad,h_375,w_600/v1/ProductImages/450/master2_1202190501121_main?pgw=1 was preloaded using link preload but not used within a few seconds from the window's load event. Please make sure it has an appropriate `as` value and it is preloaded intentionally. @ https://www.cabelas.com/l/used-centerfire-pistol#firstResult=108:0
[  886864ms] [WARNING] The resource https://assets.basspro.com/image/upload/b_rgb:FFFFFF,c_pad,dpr_1.0,f_auto,h_375,q_auto,w_600/c_pad,h_375,w_600/v1/ProductImages/UsedGuns/usedgun_102044502_main?pgw=1 was preloaded using link preload but not used within a few seconds from the window's load event. Please make sure it has an appropriate `as` value and it is preloaded intentionally. @ https://www.cabelas.com/l/used-centerfire-pistol#firstResult=108:0
[  886864ms] [WARNING] The resource https://assets.basspro.com/image/upload/b_rgb:FFFFFF,c_pad,dpr_1.0,f_auto,h_375,q_auto,w_600/c_pad,h_375,w_600/v1/ProductImages/UsedGuns/usedgun_101951572_main?pgw=1 was preloaded using link preload but not used within a few seconds from the window's load event. Please make sure it has an appropriate `as` value and it is preloaded intentionally. @ https://www.cabelas.com/l/used-centerfire-pistol#firstResult=108:0
[  886864ms] [WARNING] The resource https://assets.basspro.com/image/upload/b_rgb:FFFFFF,c_pad,dpr_1.0,f_auto,h_375,q_auto,w_600/c_pad,h_375,w_600/v1/ProductImages/450/master1_100782726_main?pgw=1 was preloaded using link preload but not used within a few seconds from the window's load event. Please make sure it has an appropriate `as` value and it is preloaded intentionally. @ https://www.cabelas.com/l/used-centerfire-pistol#firstResult=108:0
[  892563ms] SampledOutError: Session is sampled out
[  894269ms] [ERROR] Failed to load resource: net::ERR_NAME_NOT_RESOLVED @ https://s.thebrighttag.com/csx?tp=1YJNAYe:0
[  914176ms] SampledOutError: Session is sampled out
[  914948ms] [WARNING] The resource https://assets.basspro.com/image/upload/b_rgb:FFFFFF,c_pad,dpr_1.0,f_auto,h_375,q_auto,w_600/c_pad,h_375,w_600/v1/ProductImages/450/black_101950646_main?pgw=1 was preloaded using link preload but not used within a few seconds from the window's load event. Please make sure it has an appropriate `as` value and it is preloaded intentionally. @ https://www.cabelas.com/p/102042786:0
[  914948ms] [WARNING] The resource https://assets.basspro.com/image/upload/b_rgb:FFFFFF,c_pad,dpr_1.0,f_auto,h_375,q_auto,w_600/c_pad,h_375,w_600/v1/ProductImages/UsedGuns/usedgun_102037476_main?pgw=1 was preloaded using link preload but not used within a few seconds from the window's load event. Please make sure it has an appropriate `as` value and it is preloaded intentionally. @ https://www.cabelas.com/p/102042786:0
[  914948ms] [WARNING] The resource https://assets.basspro.com/image/upload/b_rgb:FFFFFF,c_pad,dpr_1.0,f_auto,h_375,q_auto,w_600/c_pad,h_375,w_600/v1/ProductImages/UsedGuns/usedgun_102031878_main?pgw=1 was preloaded using link preload but not used within a few seconds from the window's load event. Please make sure it has an appropriate `as` value and it is preloaded intentionally. @ https://www.cabelas.com/p/102042786:0
[  914948ms] [WARNING] The resource https://assets.basspro.com/image/upload/b_rgb:FFFFFF,c_pad,dpr_1.0,f_auto,h_375,q_auto,w_600/c_pad,h_375,w_600/v1/ProductImages/450/fde1_101132700_main?pgw=1 was preloaded using link preload but not used within a few seconds from the window's load event. Please make sure it has an appropriate `as` value and it is preloaded intentionally. @ https://www.cabelas.com/p/102042786:0
[  914948ms] [WARNING] The resource https://assets.basspro.com/image/upload/b_rgb:FFFFFF,c_pad,dpr_1.0,f_auto,h_375,q_auto,w_600/c_pad,h_375,w_600/v1/ProductImages/450/master1_101982093_main?pgw=1 was preloaded using link preload but not used within a few seconds from the window's load event. Please make sure it has an appropriate `as` value and it is preloaded intentionally. @ https://www.cabelas.com/p/102042786:0
[  914948ms] [WARNING] The resource https://assets.basspro.com/image/upload/b_rgb:FFFFFF,c_pad,dpr_1.0,f_auto,h_375,q_auto,w_600/c_pad,h_375,w_600/v1/ProductImages/UsedGuns/usedgun_102033120_main?pgw=1 was preloaded using link preload but not used within a few seconds from the window's load event. Please make sure it has an appropriate `as` value and it is preloaded intentionally. @ https://www.cabelas.com/p/102042786:0
[  914948ms] [WARNING] The resource https://assets.basspro.com/image/upload/b_rgb:FFFFFF,c_pad,dpr_1.0,f_auto,h_375,q_auto,w_600/c_pad,h_375,w_600/v1/ProductImages/UsedGuns/usedgun_102032578_main?pgw=1 was preloaded using link preload but not used within a few seconds from the window's load event. Please make sure it has an appropriate `as` value and it is preloaded intentionally. @ https://www.cabelas.com/p/102042786:0
[  914948ms] [WARNING] The resource https://assets.basspro.com/image/upload/b_rgb:FFFFFF,c_pad,dpr_1.0,f_auto,h_375,q_auto,w_600/c_pad,h_375,w_600/v1/ProductImages/450/master1_2217097_main?pgw=1 was preloaded using link preload but not used within a few seconds from the window's load event. Please make sure it has an appropriate `as` value and it is preloaded intentionally. @ https://www.cabelas.com/p/102042786:0
[  914948ms] [WARNING] The resource https://assets.basspro.com/image/upload/b_rgb:FFFFFF,c_pad,dpr_1.0,f_auto,h_375,q_auto,w_600/c_pad,h_375,w_600/v1/ProductImages/450/master2_1202190501121_main?pgw=1 was preloaded using link preload but not used within a few seconds from the window's load event. Please make sure it has an appropriate `as` value and it is preloaded intentionally. @ https://www.cabelas.com/p/102042786:0
[  914948ms] [WARNING] The resource https://assets.basspro.com/image/upload/b_rgb:FFFFFF,c_pad,dpr_1.0,f_auto,h_375,q_auto,w_600/c_pad,h_375,w_600/v1/ProductImages/UsedGuns/usedgun_102042786_main?pgw=1 was preloaded using link preload but not used within a few seconds from the window's load event. Please make sure it has an appropriate `as` value and it is preloaded intentionally. @ https://www.cabelas.com/p/102042786:0
[  914948ms] [WARNING] The resource https://assets.basspro.com/image/upload/b_rgb:FFFFFF,c_pad,dpr_1.0,f_auto,h_375,q_auto,w_600/c_pad,h_375,w_600/v1/ProductImages/UsedGuns/usedgun_102044502_main?pgw=1 was preloaded using link preload but not used within a few seconds from the window's load event. Please make sure it has an appropriate `as` value and it is preloaded intentionally. @ https://www.cabelas.com/p/102042786:0
[  914948ms] [WARNING] The resource https://assets.basspro.com/image/upload/b_rgb:FFFFFF,c_pad,dpr_1.0,f_auto,h_375,q_auto,w_600/c_pad,h_375,w_600/v1/ProductImages/UsedGuns/usedgun_101951572_main?pgw=1 was preloaded using link preload but not used within a few seconds from the window's load event. Please make sure it has an appropriate `as` value and it is preloaded intentionally. @ https://www.cabelas.com/p/102042786:0
[  914948ms] [WARNING] The resource https://assets.basspro.com/image/upload/b_rgb:FFFFFF,c_pad,dpr_1.0,f_auto,h_375,q_auto,w_600/c_pad,h_375,w_600/v1/ProductImages/450/master1_100782726_main?pgw=1 was preloaded using link preload but not used within a few seconds from the window's load event. Please make sure it has an appropriate `as` value and it is preloaded intentionally. @ https://www.cabelas.com/p/102042786:0
[  932447ms] [WARNING] The resource https://assets.basspro.com/image/upload/b_rgb:FFFFFF,c_pad,dpr_1.0,f_auto,h_375,q_auto,w_600/c_pad,h_375,w_600/v1/ProductImages/450/black_101950646_main?pgw=1 was preloaded using link preload but not used within a few seconds from the window's load event. Please make sure it has an appropriate `as` value and it is preloaded intentionally. @ https://www.cabelas.com/p/102042786:0
[  932447ms] [WARNING] The resource https://assets.basspro.com/image/upload/b_rgb:FFFFFF,c_pad,dpr_1.0,f_auto,h_375,q_auto,w_600/c_pad,h_375,w_600/v1/ProductImages/UsedGuns/usedgun_102037476_main?pgw=1 was preloaded using link preload but not used within a few seconds from the window's load event. Please make sure it has an appropriate `as` value and it is preloaded intentionally. @ https://www.cabelas.com/p/102042786:0
[  932447ms] [WARNING] The resource https://assets.basspro.com/image/upload/b_rgb:FFFFFF,c_pad,dpr_1.0,f_auto,h_375,q_auto,w_600/c_pad,h_375,w_600/v1/ProductImages/UsedGuns/usedgun_102031878_main?pgw=1 was preloaded using link preload but not used within a few seconds from the window's load event. Please make sure it has an appropriate `as` value and it is preloaded intentionally. @ https://www.cabelas.com/p/102042786:0
[  932447ms] [WARNING] The resource https://assets.basspro.com/image/upload/b_rgb:FFFFFF,c_pad,dpr_1.0,f_auto,h_375,q_auto,w_600/c_pad,h_375,w_600/v1/ProductImages/450/fde1_101132700_main?pgw=1 was preloaded using link preload but not used within a few seconds from the window's load event. Please make sure it has an appropriate `as` value and it is preloaded intentionally. @ https://www.cabelas.com/p/102042786:0
[  932447ms] [WARNING] The resource https://assets.basspro.com/image/upload/b_rgb:FFFFFF,c_pad,dpr_1.0,f_auto,h_375,q_auto,w_600/c_pad,h_375,w_600/v1/ProductImages/450/master1_101982093_main?pgw=1 was preloaded using link preload but not used within a few seconds from the window's load event. Please make sure it has an appropriate `as` value and it is preloaded intentionally. @ https://www.cabelas.com/p/102042786:0
[  932447ms] [WARNING] The resource https://assets.basspro.com/image/upload/b_rgb:FFFFFF,c_pad,dpr_1.0,f_auto,h_375,q_auto,w_600/c_pad,h_375,w_600/v1/ProductImages/UsedGuns/usedgun_102033120_main?pgw=1 was preloaded using link preload but not used within a few seconds from the window's load event. Please make sure it has an appropriate `as` value and it is preloaded intentionally. @ https://www.cabelas.com/p/102042786:0
[  932447ms] [WARNING] The resource https://assets.basspro.com/image/upload/b_rgb:FFFFFF,c_pad,dpr_1.0,f_auto,h_375,q_auto,w_600/c_pad,h_375,w_600/v1/ProductImages/UsedGuns/usedgun_102032578_main?pgw=1 was preloaded using link preload but not used within a few seconds from the window's load event. Please make sure it has an appropriate `as` value and it is preloaded intentionally. @ https://www.cabelas.com/p/102042786:0
[  932447ms] [WARNING] The resource https://assets.basspro.com/image/upload/b_rgb:FFFFFF,c_pad,dpr_1.0,f_auto,h_375,q_auto,w_600/c_pad,h_375,w_600/v1/ProductImages/450/master1_2217097_main?pgw=1 was preloaded using link preload but not used within a few seconds from the window's load event. Please make sure it has an appropriate `as` value and it is preloaded intentionally. @ https://www.cabelas.com/p/102042786:0
[  932447ms] [WARNING] The resource https://assets.basspro.com/image/upload/b_rgb:FFFFFF,c_pad,dpr_1.0,f_auto,h_375,q_auto,w_600/c_pad,h_375,w_600/v1/ProductImages/450/master2_1202190501121_main?pgw=1 was preloaded using link preload but not used within a few seconds from the window's load event. Please make sure it has an appropriate `as` value and it is preloaded intentionally. @ https://www.cabelas.com/p/102042786:0
[  932447ms] [WARNING] The resource https://assets.basspro.com/image/upload/b_rgb:FFFFFF,c_pad,dpr_1.0,f_auto,h_375,q_auto,w_600/c_pad,h_375,w_600/v1/ProductImages/UsedGuns/usedgun_102042786_main?pgw=1 was preloaded using link preload but not used within a few seconds from the window's load event. Please make sure it has an appropriate `as` value and it is preloaded intentionally. @ https://www.cabelas.com/p/102042786:0
[  932447ms] [WARNING] The resource https://assets.basspro.com/image/upload/b_rgb:FFFFFF,c_pad,dpr_1.0,f_auto,h_375,q_auto,w_600/c_pad,h_375,w_600/v1/ProductImages/UsedGuns/usedgun_102044502_main?pgw=1 was preloaded using link preload but not used within a few seconds from the window's load event. Please make sure it has an appropriate `as` value and it is preloaded intentionally. @ https://www.cabelas.com/p/102042786:0
[  932447ms] [WARNING] The resource https://assets.basspro.com/image/upload/b_rgb:FFFFFF,c_pad,dpr_1.0,f_auto,h_375,q_auto,w_600/c_pad,h_375,w_600/v1/ProductImages/UsedGuns/usedgun_101951572_main?pgw=1 was preloaded using link preload but not used within a few seconds from the window's load event. Please make sure it has an appropriate `as` value and it is preloaded intentionally. @ https://www.cabelas.com/p/102042786:0
[  932447ms] [WARNING] The resource https://assets.basspro.com/image/upload/b_rgb:FFFFFF,c_pad,dpr_1.0,f_auto,h_375,q_auto,w_600/c_pad,h_375,w_600/v1/ProductImages/450/master1_100782726_main?pgw=1 was preloaded using link preload but not used within a few seconds from the window's load event. Please make sure it has an appropriate `as` value and it is preloaded intentionally. @ https://www.cabelas.com/p/102042786:0
[  936211ms] SampledOutError: Session is sampled out
[  936248ms] [ERROR] Error: Failed to lookup route: /shop/en/used-centerfire-pistol
    at https://www.cabelas.com/_next/static/chunks/main-daf74c1058990754.js:1:27961
    at Object.g [as apply] (https://www.cabelas.com/static/97bb0c85f04f9ca532b29367d04f975f11907d7fbb337b:38:178) @ https://cdn.quantummetric.com/qscripts/quantum-basspro.js:120
[  941787ms] Error: Minified React error #418; visit https://reactjs.org/docs/error-decoder.html?invariant=418 for the full message or use the non-minified dev environment for full errors and additional helpful warnings.
    at ly (https://www.cabelas.com/_next/static/chunks/framework-12a56d886f41c44d.js:1:46890)
    at https://www.cabelas.com/_next/static/chunks/framework-12a56d886f41c44d.js:1:100062
    at oI (https://www.cabelas.com/_next/static/chunks/framework-12a56d886f41c44d.js:1:106282)
    at oD (https://www.cabelas.com/_next/static/chunks/framework-12a56d886f41c44d.js:1:99230)
    at https://www.cabelas.com/_next/static/chunks/framework-12a56d886f41c44d.js:1:99037
    at oO (https://www.cabelas.com/_next/static/chunks/framework-12a56d886f41c44d.js:1:99044)
    at ox (https://www.cabelas.com/_next/static/chunks/framework-12a56d886f41c44d.js:1:94083)
    at x (https://www.cabelas.com/_next/static/chunks/framework-12a56d886f41c44d.js:1:137568)
    at MessagePort.T (https://www.cabelas.com/_next/static/chunks/framework-12a56d886f41c44d.js:1:138098)
    at Object.g [as apply] (https://www.cabelas.com/static/97bb0c85f04f9ca532b29367d04f975f11907d7fbb337b:27:123)
    at MessagePort.<anonymous> (https://www.cabelas.com/static/97bb0c85f04f9ca532b29367d04f975f11907d7fbb337b:27:358)
[  941788ms] Error: Minified React error #418; visit https://reactjs.org/docs/error-decoder.html?invariant=418 for the full message or use the non-minified dev environment for full errors and additional helpful warnings.
    at lg (https://www.cabelas.com/_next/static/chunks/framework-12a56d886f41c44d.js:1:46436)
    at i (https://www.cabelas.com/_next/static/chunks/framework-12a56d886f41c44d.js:1:121203)
    at oD (https://www.cabelas.com/_next/static/chunks/framework-12a56d886f41c44d.js:1:99170)
    at https://www.cabelas.com/_next/static/chunks/framework-12a56d886f41c44d.js:1:99037
    at oO (https://www.cabelas.com/_next/static/chunks/framework-12a56d886f41c44d.js:1:99044)
    at ox (https://www.cabelas.com/_next/static/chunks/framework-12a56d886f41c44d.js:1:94083)
    at x (https://www.cabelas.com/_next/static/chunks/framework-12a56d886f41c44d.js:1:137568)
    at MessagePort.T (https://www.cabelas.com/_next/static/chunks/framework-12a56d886f41c44d.js:1:138098)
    at Object.g [as apply] (https://www.cabelas.com/static/97bb0c85f04f9ca532b29367d04f975f11907d7fbb337b:27:123)
    at MessagePort.<anonymous> (https://www.cabelas.com/static/97bb0c85f04f9ca532b29367d04f975f11907d7fbb337b:27:358)
[  941788ms] Error: Minified React error #418; visit https://reactjs.org/docs/error-decoder.html?invariant=418 for the full message or use the non-minified dev environment for full errors and additional helpful warnings.
    at lg (https://www.cabelas.com/_next/static/chunks/framework-12a56d886f41c44d.js:1:46436)
    at i (https://www.cabelas.com/_next/static/chunks/framework-12a56d886f41c44d.js:1:121203)
    at oD (https://www.cabelas.com/_next/static/chunks/framework-12a56d886f41c44d.js:1:99170)
    at https://www.cabelas.com/_next/static/chunks/framework-12a56d886f41c44d.js:1:99037
    at oO (https://www.cabelas.com/_next/static/chunks/framework-12a56d886f41c44d.js:1:99044)
    at ox (https://www.cabelas.com/_next/static/chunks/framework-12a56d886f41c44d.js:1:94083)
    at x (https://www.cabelas.com/_next/static/chunks/framework-12a56d886f41c44d.js:1:137568)
    at MessagePort.T (https://www.cabelas.com/_next/static/chunks/framework-12a56d886f41c44d.js:1:138098)
    at Object.g [as apply] (https://www.cabelas.com/static/97bb0c85f04f9ca532b29367d04f975f11907d7fbb337b:27:123)
    at MessagePort.<anonymous> (https://www.cabelas.com/static/97bb0c85f04f9ca532b29367d04f975f11907d7fbb337b:27:358)
[  941788ms] Error: Minified React error #418; visit https://reactjs.org/docs/error-decoder.html?invariant=418 for the full message or use the non-minified dev environment for full errors and additional helpful warnings.
    at lg (https://www.cabelas.com/_next/static/chunks/framework-12a56d886f41c44d.js:1:46436)
    at i (https://www.cabelas.com/_next/static/chunks/framework-12a56d886f41c44d.js:1:121203)
    at oD (https://www.cabelas.com/_next/static/chunks/framework-12a56d886f41c44d.js:1:99170)
    at https://www.cabelas.com/_next/static/chunks/framework-12a56d886f41c44d.js:1:99037
    at oO (https://www.cabelas.com/_next/static/chunks/framework-12a56d886f41c44d.js:1:99044)
    at ox (https://www.cabelas.com/_next/static/chunks/framework-12a56d886f41c44d.js:1:94083)
    at x (https://www.cabelas.com/_next/static/chunks/framework-12a56d886f41c44d.js:1:137568)
    at MessagePort.T (https://www.cabelas.com/_next/static/chunks/framework-12a56d886f41c44d.js:1:138098)
    at Object.g [as apply] (https://www.cabelas.com/static/97bb0c85f04f9ca532b29367d04f975f11907d7fbb337b:27:123)
    at MessagePort.<anonymous> (https://www.cabelas.com/static/97bb0c85f04f9ca532b29367d04f975f11907d7fbb337b:27:358)
[  941788ms] Error: Minified React error #418; visit https://reactjs.org/docs/error-decoder.html?invariant=418 for the full message or use the non-minified dev environment for full errors and additional helpful warnings.
    at lg (https://www.cabelas.com/_next/static/chunks/framework-12a56d886f41c44d.js:1:46436)
    at i (https://www.cabelas.com/_next/static/chunks/framework-12a56d886f41c44d.js:1:121203)
    at oD (https://www.cabelas.com/_next/static/chunks/framework-12a56d886f41c44d.js:1:99170)
    at https://www.cabelas.com/_next/static/chunks/framework-12a56d886f41c44d.js:1:99037
    at oO (https://www.cabelas.com/_next/static/chunks/framework-12a56d886f41c44d.js:1:99044)
    at ox (https://www.cabelas.com/_next/static/chunks/framework-12a56d886f41c44d.js:1:94083)
    at x (https://www.cabelas.com/_next/static/chunks/framework-12a56d886f41c44d.js:1:137568)
    at MessagePort.T (https://www.cabelas.com/_next/static/chunks/framework-12a56d886f41c44d.js:1:138098)
    at Object.g [as apply] (https://www.cabelas.com/static/97bb0c85f04f9ca532b29367d04f975f11907d7fbb337b:27:123)
    at MessagePort.<anonymous> (https://www.cabelas.com/static/97bb0c85f04f9ca532b29367d04f975f11907d7fbb337b:27:358)
[  941788ms] Error: Minified React error #418; visit https://reactjs.org/docs/error-decoder.html?invariant=418 for the full message or use the non-minified dev environment for full errors and additional helpful warnings.
    at lg (https://www.cabelas.com/_next/static/chunks/framework-12a56d886f41c44d.js:1:46436)
    at i (https://www.cabelas.com/_next/static/chunks/framework-12a56d886f41c44d.js:1:121203)
    at oD (https://www.cabelas.com/_next/static/chunks/framework-12a56d886f41c44d.js:1:99170)
    at https://www.cabelas.com/_next/static/chunks/framework-12a56d886f41c44d.js:1:99037
    at oO (https://www.cabelas.com/_next/static/chunks/framework-12a56d886f41c44d.js:1:99044)
    at ox (https://www.cabelas.com/_next/static/chunks/framework-12a56d886f41c44d.js:1:94083)
    at x (https://www.cabelas.com/_next/static/chunks/framework-12a56d886f41c44d.js:1:137568)
    at MessagePort.T (https://www.cabelas.com/_next/static/chunks/framework-12a56d886f41c44d.js:1:138098)
    at Object.g [as apply] (https://www.cabelas.com/static/97bb0c85f04f9ca532b29367d04f975f11907d7fbb337b:27:123)
    at MessagePort.<anonymous> (https://www.cabelas.com/static/97bb0c85f04f9ca532b29367d04f975f11907d7fbb337b:27:358)
[  941788ms] Error: Minified React error #418; visit https://reactjs.org/docs/error-decoder.html?invariant=418 for the full message or use the non-minified dev environment for full errors and additional helpful warnings.
    at lg (https://www.cabelas.com/_next/static/chunks/framework-12a56d886f41c44d.js:1:46436)
    at i (https://www.cabelas.com/_next/static/chunks/framework-12a56d886f41c44d.js:1:121203)
    at oD (https://www.cabelas.com/_next/static/chunks/framework-12a56d886f41c44d.js:1:99170)
    at https://www.cabelas.com/_next/static/chunks/framework-12a56d886f41c44d.js:1:99037
    at oO (https://www.cabelas.com/_next/static/chunks/framework-12a56d886f41c44d.js:1:99044)
    at ox (https://www.cabelas.com/_next/static/chunks/framework-12a56d886f41c44d.js:1:94083)
    at x (https://www.cabelas.com/_next/static/chunks/framework-12a56d886f41c44d.js:1:137568)
    at MessagePort.T (https://www.cabelas.com/_next/static/chunks/framework-12a56d886f41c44d.js:1:138098)
    at Object.g [as apply] (https://www.cabelas.com/static/97bb0c85f04f9ca532b29367d04f975f11907d7fbb337b:27:123)
    at MessagePort.<anonymous> (https://www.cabelas.com/static/97bb0c85f04f9ca532b29367d04f975f11907d7fbb337b:27:358)
[  941788ms] Error: Minified React error #418; visit https://reactjs.org/docs/error-decoder.html?invariant=418 for the full message or use the non-minified dev environment for full errors and additional helpful warnings.
    at lg (https://www.cabelas.com/_next/static/chunks/framework-12a56d886f41c44d.js:1:46436)
    at i (https://www.cabelas.com/_next/static/chunks/framework-12a56d886f41c44d.js:1:121203)
    at oD (https://www.cabelas.com/_next/static/chunks/framework-12a56d886f41c44d.js:1:99170)
    at https://www.cabelas.com/_next/static/chunks/framework-12a56d886f41c44d.js:1:99037
    at oO (https://www.cabelas.com/_next/static/chunks/framework-12a56d886f41c44d.js:1:99044)
    at ox (https://www.cabelas.com/_next/static/chunks/framework-12a56d886f41c44d.js:1:94083)
    at x (https://www.cabelas.com/_next/static/chunks/framework-12a56d886f41c44d.js:1:137568)
    at MessagePort.T (https://www.cabelas.com/_next/static/chunks/framework-12a56d886f41c44d.js:1:138098)
    at Object.g [as apply] (https://www.cabelas.com/static/97bb0c85f04f9ca532b29367d04f975f11907d7fbb337b:27:123)
    at MessagePort.<anonymous> (https://www.cabelas.com/static/97bb0c85f04f9ca532b29367d04f975f11907d7fbb337b:27:358)
[  941788ms] Error: Minified React error #418; visit https://reactjs.org/docs/error-decoder.html?invariant=418 for the full message or use the non-minified dev environment for full errors and additional helpful warnings.
    at lg (https://www.cabelas.com/_next/static/chunks/framework-12a56d886f41c44d.js:1:46436)
    at i (https://www.cabelas.com/_next/static/chunks/framework-12a56d886f41c44d.js:1:121203)
    at oD (https://www.cabelas.com/_next/static/chunks/framework-12a56d886f41c44d.js:1:99170)
    at https://www.cabelas.com/_next/static/chunks/framework-12a56d886f41c44d.js:1:99037
    at oO (https://www.cabelas.com/_next/static/chunks/framework-12a56d886f41c44d.js:1:99044)
    at ox (https://www.cabelas.com/_next/static/chunks/framework-12a56d886f41c44d.js:1:94083)
    at x (https://www.cabelas.com/_next/static/chunks/framework-12a56d886f41c44d.js:1:137568)
    at MessagePort.T (https://www.cabelas.com/_next/static/chunks/framework-12a56d886f41c44d.js:1:138098)
    at Object.g [as apply] (https://www.cabelas.com/static/97bb0c85f04f9ca532b29367d04f975f11907d7fbb337b:27:123)
    at MessagePort.<anonymous> (https://www.cabelas.com/static/97bb0c85f04f9ca532b29367d04f975f11907d7fbb337b:27:358)
[  941788ms] Error: Minified React error #423; visit https://reactjs.org/docs/error-decoder.html?invariant=423 for the full message or use the non-minified dev environment for full errors and additional helpful warnings.
    at i (https://www.cabelas.com/_next/static/chunks/framework-12a56d886f41c44d.js:1:120872)
    at oD (https://www.cabelas.com/_next/static/chunks/framework-12a56d886f41c44d.js:1:99170)
    at https://www.cabelas.com/_next/static/chunks/framework-12a56d886f41c44d.js:1:99037
    at oO (https://www.cabelas.com/_next/static/chunks/framework-12a56d886f41c44d.js:1:99044)
    at oE (https://www.cabelas.com/_next/static/chunks/framework-12a56d886f41c44d.js:1:95796)
    at ox (https://www.cabelas.com/_next/static/chunks/framework-12a56d886f41c44d.js:1:94351)
    at x (https://www.cabelas.com/_next/static/chunks/framework-12a56d886f41c44d.js:1:137568)
    at MessagePort.T (https://www.cabelas.com/_next/static/chunks/framework-12a56d886f41c44d.js:1:138098)
    at Object.g [as apply] (https://www.cabelas.com/static/97bb0c85f04f9ca532b29367d04f975f11907d7fbb337b:27:123)
    at MessagePort.<anonymous> (https://www.cabelas.com/static/97bb0c85f04f9ca532b29367d04f975f11907d7fbb337b:27:358)
[  942742ms] [WARNING] The `platformUrl` (undefined) option will be deprecated in the next major version. Consider using the `organizationEndpoints` option instead. See [Organization endpoints](https://docs.coveo.com/en/mcc80216). @ https://www.cabelas.com/_next/static/chunks/pages/_app-ff68fca0029dbc7e.js:0
[  942742ms] [WARNING] The `organizationEndpoints` options was not explicitly set in the Headless engine configuration. Coveo recommends setting this option, as it has resiliency benefits and simplifies the overall configuration for multi-region deployments. See [Organization endpoints](https://docs.coveo.com/en/mcc80216). @ https://www.cabelas.com/_next/static/chunks/pages/_app-ff68fca0029dbc7e.js:0
[  942755ms] [ERROR] TypeError: Cannot read properties of null (reading 'state')
    at R (https://www.cabelas.com/_next/static/chunks/pages/l/%5BpageName%5D-d1f6f20f14ea0758.js:1:2748)
    at ak (https://www.cabelas.com/_next/static/chunks/framework-12a56d886f41c44d.js:1:61000)
    at i (https://www.cabelas.com/_next/static/chunks/framework-12a56d886f41c44d.js:1:119517)
    at oD (https://www.cabelas.com/_next/static/chunks/framework-12a56d886f41c44d.js:1:99170)
    at https://www.cabelas.com/_next/static/chunks/framework-12a56d886f41c44d.js:1:99037
    at oO (https://www.cabelas.com/_next/static/chunks/framework-12a56d886f41c44d.js:1:99044)
    at oE (https://www.cabelas.com/_next/static/chunks/framework-12a56d886f41c44d.js:1:95796)
    at oP (https://www.cabelas.com/_next/static/chunks/framework-12a56d886f41c44d.js:1:96185)
    at r8 (https://www.cabelas.com/_next/static/chunks/framework-12a56d886f41c44d.js:1:44910)
    at https://www.cabelas.com/_next/static/chunks/framework-12a56d886f41c44d.js:1:93696
    at Object.g [as apply] (https://www.cabelas.com/static/97bb0c85f04f9ca532b29367d04f975f11907d7fbb337b:38:178) @ https://www.cabelas.com/_next/static/chunks/framework-12a56d886f41c44d.js:0
[  942755ms] [LOG] Uncaught error from ErrorBoundary: TypeError: Cannot read properties of null (reading 'state')
    at R (https://www.cabelas.com/_next/static/chunks/pages/l/%5BpageName%5D-d1f6f20f14ea0758.js:1:2748)
    at ak (https://www.cabelas.com/_next/static/chunks/framework-12a56d886f41c44d.js:1:61000)
    at i (https://www.cabelas.com/_next/static/chunks/framework-12a56d886f41c44d.js:1:119517)
    at oD (https://www.cabelas.com/_next/static/chunks/framework-12a56d886f41c44d.js:1:99170)
    at https://www.cabelas.com/_next/static/chunks/framework-12a56d886f41c44d.js:1:99037
    at oO (https://www.cabelas.com/_next/static/chunks/framework-12a56d886f41c44d.js:1:99044)
    at oE (https://www.cabelas.com/_next/static/chunks/framework-12a56d886f41c44d.js:1:95796)
    at oP (https://www.cabelas.com/_next/static/chunks/framework-12a56d886f41c44d.js:1:96185)
    at r8 (https://www.cabelas.com/_next/static/chunks/framework-12a56d886f41c44d.js:1:44910)
    at https://www.cabelas.com/_next/static/chunks/framework-12a56d886f41c44d.js:1:93696
    at Object.g [as apply] (https://www.cabelas.com/static/97bb0c85f04f9ca532b29367d04f975f11907d7fbb337b:38:178) {componentStack: 
    at R (https://www.cabelas.com/_next/static/ch…t/static/chunks/main-daf74c1058990754.js:1:13668)} @ https://www.cabelas.com/_next/static/chunks/pages/_app-ff68fca0029dbc7e.js:13
[  944357ms] [ERROR] Failed to load resource: the server responded with a status of 400 () @ https://assets.basspro.com/image/list/fn_select:jq:first(.%5B%5D%7Cselect(.public_id%20%7C%20endswith(%22main%22)))/4944504.json?$Prod_PLPThumb$:0
[  946022ms] SampledOutError: Session is sampled out
[  946599ms] [VERBOSE] [DOM] Input elements should have autocomplete attributes (suggested: "new-password"): (More info: https://goo.gl/9p2vKq) %o @ https://www.cabelas.com/l/used-centerfire-pistol?pageName=used-centerfire-pistol:0
[  948882ms] [ERROR] Failed to load resource: the server responded with a status of 404 () @ https://assets.basspro.com/image/list/fn_select:jq:first(.%5B%5D%7Cselect(.public_id%20%7C%20endswith(%22main%22)))/4963526.json?$Prod_PLPThumb$:0
[  954477ms] SampledOutError: Session is sampled out
[  955830ms] [VERBOSE] [DOM] Input elements should have autocomplete attributes (suggested: "new-password"): (More info: https://goo.gl/9p2vKq) %o @ https://www.cabelas.com/p/102044626:0
[  963396ms] [WARNING] The resource https://assets.basspro.com/image/upload/b_rgb:FFFFFF,c_pad,dpr_1.0,f_auto,h_375,q_auto,w_600/c_pad,h_375,w_600/v1/ProductImages/UsedGuns/usedgun_102044626_main?pgw=1 was preloaded using link preload but not used within a few seconds from the window's load event. Please make sure it has an appropriate `as` value and it is preloaded intentionally. @ https://www.cabelas.com/p/102044626:0
[  972214ms] [WARNING] The resource https://assets.basspro.com/image/upload/b_rgb:FFFFFF,c_pad,dpr_1.0,f_auto,h_375,q_auto,w_600/c_pad,h_375,w_600/v1/ProductImages/UsedGuns/usedgun_102044626_main?pgw=1 was preloaded using link preload but not used within a few seconds from the window's load event. Please make sure it has an appropriate `as` value and it is preloaded intentionally. @ https://www.cabelas.com/p/102044626:0
[  974191ms] [WARNING] An iframe which has both allow-scripts and allow-same-origin for its sandbox attribute can escape its sandboxing. @ https://www.cabelas.com/static/97bb0c85f04f9ca532b29367d04f975f11907d7fbb337b:23
[  975801ms] SampledOutError: Session is sampled out
[  975968ms] [VERBOSE] [DOM] Input elements should have autocomplete attributes (suggested: "new-password"): (More info: https://goo.gl/9p2vKq) %o @ https://www.cabelas.com/l/used-centerfire-pistol?pageName=used-centerfire-pistol:0
[  976444ms] SampledOutError: Session is sampled out
[  977401ms] [ERROR] Failed to load resource: the server responded with a status of 400 () @ https://assets.basspro.com/image/list/fn_select:jq:first(.%5B%5D%7Cselect(.public_id%20%7C%20endswith(%22main%22)))/4944504.json?$Prod_PLPThumb$:0
[  977588ms] [LOG] closeSidebar started @ https://cdn.quantummetric.com/qscripts/quantum-basspro.js:120
[  977593ms] [LOG] closeSidebar animate @ https://cdn.quantummetric.com/qscripts/quantum-basspro.js:120
[  978008ms] [LOG] closeSidebar started @ https://cdn.quantummetric.com/qscripts/quantum-basspro.js:120
[  978198ms] SampledOutError: Session is sampled out
[  978334ms] [ERROR] Failed to load resource: the server responded with a status of 400 () @ https://assets.basspro.com/image/list/fn_select:jq:first(.%5B%5D%7Cselect(.public_id%20%7C%20endswith(%22main%22)))/4944504.json?$Prod_PLPThumb$:0
[  995074ms] [WARNING] The resource https://assets.basspro.com/image/upload/b_rgb:FFFFFF,c_pad,dpr_1.0,f_auto,h_375,q_auto,w_600/c_pad,h_375,w_600/v1/ProductImages/UsedGuns/usedgun_102044626_main?pgw=1 was preloaded using link preload but not used within a few seconds from the window's load event. Please make sure it has an appropriate `as` value and it is preloaded intentionally. @ https://www.cabelas.com/l/used-centerfire-pistol?pageName=used-centerfire-pistol:0
[ 1002029ms] SampledOutError: Session is sampled out
[ 1002610ms] [ERROR] Failed to load resource: the server responded with a status of 404 () @ https://assets.basspro.com/image/list/fn_select:jq:first(.%5B%5D%7Cselect(.public_id%20%7C%20endswith(%22main%22)))/4954196.json?$Prod_PLPThumb$:0
[ 1002842ms] [VERBOSE] [DOM] Input elements should have autocomplete attributes (suggested: "new-password"): (More info: https://goo.gl/9p2vKq) %o @ https://www.cabelas.com/l/used-centerfire-pistol#f-action=Revolver:0
[ 1002842ms] [VERBOSE] [DOM] Input elements should have autocomplete attributes (suggested: "new-password"): (More info: https://goo.gl/9p2vKq) %o @ https://www.cabelas.com/l/used-centerfire-pistol#f-action=Revolver:0
[ 1002842ms] [VERBOSE] [DOM] Input elements should have autocomplete attributes (suggested: "new-password"): (More info: https://goo.gl/9p2vKq) %o @ https://www.cabelas.com/l/used-centerfire-pistol#f-action=Revolver:0
[ 1016706ms] SampledOutError: Session is sampled out
[ 1018601ms] [VERBOSE] [DOM] Input elements should have autocomplete attributes (suggested: "new-password"): (More info: https://goo.gl/9p2vKq) %o @ https://www.cabelas.com/p/102021463:0
[ 1026217ms] [WARNING] The resource https://assets.basspro.com/image/upload/b_rgb:FFFFFF,c_pad,dpr_1.0,f_auto,h_375,q_auto,w_600/c_pad,h_375,w_600/v1/ProductImages/UsedGuns/usedgun_102021463_main?pgw=1 was preloaded using link preload but not used within a few seconds from the window's load event. Please make sure it has an appropriate `as` value and it is preloaded intentionally. @ https://www.cabelas.com/p/102021463:0
[ 1026217ms] [WARNING] The resource https://assets.basspro.com/image/upload/b_rgb:FFFFFF,c_pad,dpr_1.0,f_auto,h_375,q_auto,w_600/c_pad,h_375,w_600/v1/ProductImages/UsedGuns/usedgun_102044626_main?pgw=1 was preloaded using link preload but not used within a few seconds from the window's load event. Please make sure it has an appropriate `as` value and it is preloaded intentionally. @ https://www.cabelas.com/p/102021463:0
[ 1043673ms] [WARNING] The resource https://assets.basspro.com/image/upload/b_rgb:FFFFFF,c_pad,dpr_1.0,f_auto,h_375,q_auto,w_600/c_pad,h_375,w_600/v1/ProductImages/UsedGuns/usedgun_102021463_main?pgw=1 was preloaded using link preload but not used within a few seconds from the window's load event. Please make sure it has an appropriate `as` value and it is preloaded intentionally. @ https://www.cabelas.com/p/102021463:0
[ 1043673ms] [WARNING] The resource https://assets.basspro.com/image/upload/b_rgb:FFFFFF,c_pad,dpr_1.0,f_auto,h_375,q_auto,w_600/c_pad,h_375,w_600/v1/ProductImages/UsedGuns/usedgun_102044626_main?pgw=1 was preloaded using link preload but not used within a few seconds from the window's load event. Please make sure it has an appropriate `as` value and it is preloaded intentionally. @ https://www.cabelas.com/p/102021463:0
[ 1046357ms] SampledOutError: Session is sampled out
[ 1046531ms] [VERBOSE] [DOM] Input elements should have autocomplete attributes (suggested: "new-password"): (More info: https://goo.gl/9p2vKq) %o @ https://www.cabelas.com/l/used-centerfire-pistol#f-action=Revolver:0
[ 1047397ms] SampledOutError: Session is sampled out
[ 1057994ms] SampledOutError: Session is sampled out
[ 1059949ms] [VERBOSE] [DOM] Input elements should have autocomplete attributes (suggested: "new-password"): (More info: https://goo.gl/9p2vKq) %o @ https://www.cabelas.com/p/102039082:0
[ 1063736ms] SampledOutError: Session is sampled out
[ 1063802ms] [VERBOSE] [DOM] Input elements should have autocomplete attributes (suggested: "new-password"): (More info: https://goo.gl/9p2vKq) %o @ https://www.cabelas.com/l/used-centerfire-pistol#f-action=Revolver:0
[ 1064808ms] SampledOutError: Session is sampled out
[ 1073314ms] SampledOutError: Session is sampled out
[ 1073626ms] [VERBOSE] [DOM] Input elements should have autocomplete attributes (suggested: "new-password"): (More info: https://goo.gl/9p2vKq) %o @ https://www.cabelas.com/p/102043796:0
[ 1089485ms] SampledOutError: Session is sampled out
[ 1089522ms] [VERBOSE] [DOM] Input elements should have autocomplete attributes (suggested: "new-password"): (More info: https://goo.gl/9p2vKq) %o @ https://www.cabelas.com/l/used-centerfire-pistol#f-action=Revolver:0
[ 1090202ms] SampledOutError: Session is sampled out
[ 1097398ms] [WARNING] The resource https://assets.basspro.com/image/upload/b_rgb:FFFFFF,c_pad,dpr_1.0,f_auto,h_375,q_auto,w_600/c_pad,h_375,w_600/v1/ProductImages/UsedGuns/usedgun_102043796_main?pgw=1 was preloaded using link preload but not used within a few seconds from the window's load event. Please make sure it has an appropriate `as` value and it is preloaded intentionally. @ https://www.cabelas.com/l/used-centerfire-pistol#f-action=Revolver:0
[ 1097399ms] [WARNING] The resource https://assets.basspro.com/image/upload/b_rgb:FFFFFF,c_pad,dpr_1.0,f_auto,h_375,q_auto,w_600/c_pad,h_375,w_600/v1/ProductImages/UsedGuns/usedgun_102021463_main?pgw=1 was preloaded using link preload but not used within a few seconds from the window's load event. Please make sure it has an appropriate `as` value and it is preloaded intentionally. @ https://www.cabelas.com/l/used-centerfire-pistol#f-action=Revolver:0
[ 1097399ms] [WARNING] The resource https://assets.basspro.com/image/upload/b_rgb:FFFFFF,c_pad,dpr_1.0,f_auto,h_375,q_auto,w_600/c_pad,h_375,w_600/v1/ProductImages/UsedGuns/usedgun_102044626_main?pgw=1 was preloaded using link preload but not used within a few seconds from the window's load event. Please make sure it has an appropriate `as` value and it is preloaded intentionally. @ https://www.cabelas.com/l/used-centerfire-pistol#f-action=Revolver:0
[ 1097399ms] [WARNING] The resource https://assets.basspro.com/image/upload/b_rgb:FFFFFF,c_pad,dpr_1.0,f_auto,h_375,q_auto,w_600/c_pad,h_375,w_600/v1/ProductImages/UsedGuns/usedgun_102039082_main?pgw=1 was preloaded using link preload but not used within a few seconds from the window's load event. Please make sure it has an appropriate `as` value and it is preloaded intentionally. @ https://www.cabelas.com/l/used-centerfire-pistol#f-action=Revolver:0
[ 1121453ms] [WARNING] The resource https://assets.basspro.com/image/upload/b_rgb:FFFFFF,c_pad,dpr_1.0,f_auto,h_375,q_auto,w_600/c_pad,h_375,w_600/v1/ProductImages/UsedGuns/usedgun_102043796_main?pgw=1 was preloaded using link preload but not used within a few seconds from the window's load event. Please make sure it has an appropriate `as` value and it is preloaded intentionally. @ https://www.cabelas.com/l/used-centerfire-pistol#f-action=Revolver:0
[ 1121453ms] [WARNING] The resource https://assets.basspro.com/image/upload/b_rgb:FFFFFF,c_pad,dpr_1.0,f_auto,h_375,q_auto,w_600/c_pad,h_375,w_600/v1/ProductImages/UsedGuns/usedgun_102021463_main?pgw=1 was preloaded using link preload but not used within a few seconds from the window's load event. Please make sure it has an appropriate `as` value and it is preloaded intentionally. @ https://www.cabelas.com/l/used-centerfire-pistol#f-action=Revolver:0
[ 1121453ms] [WARNING] The resource https://assets.basspro.com/image/upload/b_rgb:FFFFFF,c_pad,dpr_1.0,f_auto,h_375,q_auto,w_600/c_pad,h_375,w_600/v1/ProductImages/UsedGuns/usedgun_102044626_main?pgw=1 was preloaded using link preload but not used within a few seconds from the window's load event. Please make sure it has an appropriate `as` value and it is preloaded intentionally. @ https://www.cabelas.com/l/used-centerfire-pistol#f-action=Revolver:0
[ 1121453ms] [WARNING] The resource https://assets.basspro.com/image/upload/b_rgb:FFFFFF,c_pad,dpr_1.0,f_auto,h_375,q_auto,w_600/c_pad,h_375,w_600/v1/ProductImages/UsedGuns/usedgun_102039082_main?pgw=1 was preloaded using link preload but not used within a few seconds from the window's load event. Please make sure it has an appropriate `as` value and it is preloaded intentionally. @ https://www.cabelas.com/l/used-centerfire-pistol#f-action=Revolver:0
[ 1128886ms] [WARNING] The resource https://assets.basspro.com/image/upload/b_rgb:FFFFFF,c_pad,dpr_1.0,f_auto,h_375,q_auto,w_600/c_pad,h_375,w_600/v1/ProductImages/UsedGuns/usedgun_102043796_main?pgw=1 was preloaded using link preload but not used within a few seconds from the window's load event. Please make sure it has an appropriate `as` value and it is preloaded intentionally. @ https://www.cabelas.com/l/used-centerfire-pistol#f-action=Revolver:0
[ 1128886ms] [WARNING] The resource https://assets.basspro.com/image/upload/b_rgb:FFFFFF,c_pad,dpr_1.0,f_auto,h_375,q_auto,w_600/c_pad,h_375,w_600/v1/ProductImages/UsedGuns/usedgun_102021463_main?pgw=1 was preloaded using link preload but not used within a few seconds from the window's load event. Please make sure it has an appropriate `as` value and it is preloaded intentionally. @ https://www.cabelas.com/l/used-centerfire-pistol#f-action=Revolver:0
[ 1128886ms] [WARNING] The resource https://assets.basspro.com/image/upload/b_rgb:FFFFFF,c_pad,dpr_1.0,f_auto,h_375,q_auto,w_600/c_pad,h_375,w_600/v1/ProductImages/UsedGuns/usedgun_102044626_main?pgw=1 was preloaded using link preload but not used within a few seconds from the window's load event. Please make sure it has an appropriate `as` value and it is preloaded intentionally. @ https://www.cabelas.com/l/used-centerfire-pistol#f-action=Revolver:0
[ 1128886ms] [WARNING] The resource https://assets.basspro.com/image/upload/b_rgb:FFFFFF,c_pad,dpr_1.0,f_auto,h_375,q_auto,w_600/c_pad,h_375,w_600/v1/ProductImages/UsedGuns/usedgun_102039082_main?pgw=1 was preloaded using link preload but not used within a few seconds from the window's load event. Please make sure it has an appropriate `as` value and it is preloaded intentionally. @ https://www.cabelas.com/l/used-centerfire-pistol#f-action=Revolver:0
[ 1133539ms] [WARNING] The resource https://assets.basspro.com/image/upload/b_rgb:FFFFFF,c_pad,dpr_1.0,f_auto,h_375,q_auto,w_600/c_pad,h_375,w_600/v1/ProductImages/UsedGuns/usedgun_102043796_main?pgw=1 was preloaded using link preload but not used within a few seconds from the window's load event. Please make sure it has an appropriate `as` value and it is preloaded intentionally. @ https://www.cabelas.com/l/used-centerfire-pistol#f-action=Revolver:0
[ 1133539ms] [WARNING] The resource https://assets.basspro.com/image/upload/b_rgb:FFFFFF,c_pad,dpr_1.0,f_auto,h_375,q_auto,w_600/c_pad,h_375,w_600/v1/ProductImages/UsedGuns/usedgun_102021463_main?pgw=1 was preloaded using link preload but not used within a few seconds from the window's load event. Please make sure it has an appropriate `as` value and it is preloaded intentionally. @ https://www.cabelas.com/l/used-centerfire-pistol#f-action=Revolver:0
[ 1133539ms] [WARNING] The resource https://assets.basspro.com/image/upload/b_rgb:FFFFFF,c_pad,dpr_1.0,f_auto,h_375,q_auto,w_600/c_pad,h_375,w_600/v1/ProductImages/UsedGuns/usedgun_102044626_main?pgw=1 was preloaded using link preload but not used within a few seconds from the window's load event. Please make sure it has an appropriate `as` value and it is preloaded intentionally. @ https://www.cabelas.com/l/used-centerfire-pistol#f-action=Revolver:0
[ 1133540ms] [WARNING] The resource https://assets.basspro.com/image/upload/b_rgb:FFFFFF,c_pad,dpr_1.0,f_auto,h_375,q_auto,w_600/c_pad,h_375,w_600/v1/ProductImages/UsedGuns/usedgun_102039082_main?pgw=1 was preloaded using link preload but not used within a few seconds from the window's load event. Please make sure it has an appropriate `as` value and it is preloaded intentionally. @ https://www.cabelas.com/l/used-centerfire-pistol#f-action=Revolver:0
[ 1141563ms] [WARNING] The resource https://assets.basspro.com/image/upload/b_rgb:FFFFFF,c_pad,dpr_1.0,f_auto,h_375,q_auto,w_600/c_pad,h_375,w_600/v1/ProductImages/UsedGuns/usedgun_102043796_main?pgw=1 was preloaded using link preload but not used within a few seconds from the window's load event. Please make sure it has an appropriate `as` value and it is preloaded intentionally. @ https://www.cabelas.com/l/used-centerfire-pistol#f-action=Revolver:0
[ 1141563ms] [WARNING] The resource https://assets.basspro.com/image/upload/b_rgb:FFFFFF,c_pad,dpr_1.0,f_auto,h_375,q_auto,w_600/c_pad,h_375,w_600/v1/ProductImages/UsedGuns/usedgun_102021463_main?pgw=1 was preloaded using link preload but not used within a few seconds from the window's load event. Please make sure it has an appropriate `as` value and it is preloaded intentionally. @ https://www.cabelas.com/l/used-centerfire-pistol#f-action=Revolver:0
[ 1141563ms] [WARNING] The resource https://assets.basspro.com/image/upload/b_rgb:FFFFFF,c_pad,dpr_1.0,f_auto,h_375,q_auto,w_600/c_pad,h_375,w_600/v1/ProductImages/UsedGuns/usedgun_102044626_main?pgw=1 was preloaded using link preload but not used within a few seconds from the window's load event. Please make sure it has an appropriate `as` value and it is preloaded intentionally. @ https://www.cabelas.com/l/used-centerfire-pistol#f-action=Revolver:0
[ 1141566ms] [WARNING] The resource https://assets.basspro.com/image/upload/b_rgb:FFFFFF,c_pad,dpr_1.0,f_auto,h_375,q_auto,w_600/c_pad,h_375,w_600/v1/ProductImages/UsedGuns/usedgun_102039082_main?pgw=1 was preloaded using link preload but not used within a few seconds from the window's load event. Please make sure it has an appropriate `as` value and it is preloaded intentionally. @ https://www.cabelas.com/l/used-centerfire-pistol#f-action=Revolver:0
[ 1145832ms] [WARNING] The resource https://assets.basspro.com/image/upload/b_rgb:FFFFFF,c_pad,dpr_1.0,f_auto,h_375,q_auto,w_600/c_pad,h_375,w_600/v1/ProductImages/UsedGuns/usedgun_102043796_main?pgw=1 was preloaded using link preload but not used within a few seconds from the window's load event. Please make sure it has an appropriate `as` value and it is preloaded intentionally. @ https://www.cabelas.com/l/used-centerfire-pistol#f-action=Revolver:0
[ 1145833ms] [WARNING] The resource https://assets.basspro.com/image/upload/b_rgb:FFFFFF,c_pad,dpr_1.0,f_auto,h_375,q_auto,w_600/c_pad,h_375,w_600/v1/ProductImages/UsedGuns/usedgun_102021463_main?pgw=1 was preloaded using link preload but not used within a few seconds from the window's load event. Please make sure it has an appropriate `as` value and it is preloaded intentionally. @ https://www.cabelas.com/l/used-centerfire-pistol#f-action=Revolver:0
[ 1145833ms] [WARNING] The resource https://assets.basspro.com/image/upload/b_rgb:FFFFFF,c_pad,dpr_1.0,f_auto,h_375,q_auto,w_600/c_pad,h_375,w_600/v1/ProductImages/UsedGuns/usedgun_102044626_main?pgw=1 was preloaded using link preload but not used within a few seconds from the window's load event. Please make sure it has an appropriate `as` value and it is preloaded intentionally. @ https://www.cabelas.com/l/used-centerfire-pistol#f-action=Revolver:0
[ 1145833ms] [WARNING] The resource https://assets.basspro.com/image/upload/b_rgb:FFFFFF,c_pad,dpr_1.0,f_auto,h_375,q_auto,w_600/c_pad,h_375,w_600/v1/ProductImages/UsedGuns/usedgun_102039082_main?pgw=1 was preloaded using link preload but not used within a few seconds from the window's load event. Please make sure it has an appropriate `as` value and it is preloaded intentionally. @ https://www.cabelas.com/l/used-centerfire-pistol#f-action=Revolver:0
[ 1163957ms] [WARNING] The resource https://assets.basspro.com/image/upload/b_rgb:FFFFFF,c_pad,dpr_1.0,f_auto,h_375,q_auto,w_600/c_pad,h_375,w_600/v1/ProductImages/UsedGuns/usedgun_102043796_main?pgw=1 was preloaded using link preload but not used within a few seconds from the window's load event. Please make sure it has an appropriate `as` value and it is preloaded intentionally. @ https://www.cabelas.com/l/used-centerfire-pistol#f-action=Revolver:0
[ 1163957ms] [WARNING] The resource https://assets.basspro.com/image/upload/b_rgb:FFFFFF,c_pad,dpr_1.0,f_auto,h_375,q_auto,w_600/c_pad,h_375,w_600/v1/ProductImages/UsedGuns/usedgun_102021463_main?pgw=1 was preloaded using link preload but not used within a few seconds from the window's load event. Please make sure it has an appropriate `as` value and it is preloaded intentionally. @ https://www.cabelas.com/l/used-centerfire-pistol#f-action=Revolver:0
[ 1163957ms] [WARNING] The resource https://assets.basspro.com/image/upload/b_rgb:FFFFFF,c_pad,dpr_1.0,f_auto,h_375,q_auto,w_600/c_pad,h_375,w_600/v1/ProductImages/UsedGuns/usedgun_102044626_main?pgw=1 was preloaded using link preload but not used within a few seconds from the window's load event. Please make sure it has an appropriate `as` value and it is preloaded intentionally. @ https://www.cabelas.com/l/used-centerfire-pistol#f-action=Revolver:0
[ 1163957ms] [WARNING] The resource https://assets.basspro.com/image/upload/b_rgb:FFFFFF,c_pad,dpr_1.0,f_auto,h_375,q_auto,w_600/c_pad,h_375,w_600/v1/ProductImages/UsedGuns/usedgun_102039082_main?pgw=1 was preloaded using link preload but not used within a few seconds from the window's load event. Please make sure it has an appropriate `as` value and it is preloaded intentionally. @ https://www.cabelas.com/l/used-centerfire-pistol#f-action=Revolver:0
[ 1186147ms] [WARNING] The resource https://assets.basspro.com/image/upload/b_rgb:FFFFFF,c_pad,dpr_1.0,f_auto,h_375,q_auto,w_600/c_pad,h_375,w_600/v1/ProductImages/UsedGuns/usedgun_102043796_main?pgw=1 was preloaded using link preload but not used within a few seconds from the window's load event. Please make sure it has an appropriate `as` value and it is preloaded intentionally. @ https://www.cabelas.com/l/used-centerfire-pistol#f-action=Revolver:0
[ 1186148ms] [WARNING] The resource https://assets.basspro.com/image/upload/b_rgb:FFFFFF,c_pad,dpr_1.0,f_auto,h_375,q_auto,w_600/c_pad,h_375,w_600/v1/ProductImages/UsedGuns/usedgun_102021463_main?pgw=1 was preloaded using link preload but not used within a few seconds from the window's load event. Please make sure it has an appropriate `as` value and it is preloaded intentionally. @ https://www.cabelas.com/l/used-centerfire-pistol#f-action=Revolver:0
[ 1186148ms] [WARNING] The resource https://assets.basspro.com/image/upload/b_rgb:FFFFFF,c_pad,dpr_1.0,f_auto,h_375,q_auto,w_600/c_pad,h_375,w_600/v1/ProductImages/UsedGuns/usedgun_102044626_main?pgw=1 was preloaded using link preload but not used within a few seconds from the window's load event. Please make sure it has an appropriate `as` value and it is preloaded intentionally. @ https://www.cabelas.com/l/used-centerfire-pistol#f-action=Revolver:0
[ 1186152ms] [WARNING] The resource https://assets.basspro.com/image/upload/b_rgb:FFFFFF,c_pad,dpr_1.0,f_auto,h_375,q_auto,w_600/c_pad,h_375,w_600/v1/ProductImages/UsedGuns/usedgun_102039082_main?pgw=1 was preloaded using link preload but not used within a few seconds from the window's load event. Please make sure it has an appropriate `as` value and it is preloaded intentionally. @ https://www.cabelas.com/l/used-centerfire-pistol#f-action=Revolver:0
[ 1216541ms] [WARNING] The resource https://assets.basspro.com/image/upload/b_rgb:FFFFFF,c_pad,dpr_1.0,f_auto,h_375,q_auto,w_600/c_pad,h_375,w_600/v1/ProductImages/UsedGuns/usedgun_102043796_main?pgw=1 was preloaded using link preload but not used within a few seconds from the window's load event. Please make sure it has an appropriate `as` value and it is preloaded intentionally. @ https://www.cabelas.com/l/used-centerfire-pistol#f-action=Revolver:0
[ 1216541ms] [WARNING] The resource https://assets.basspro.com/image/upload/b_rgb:FFFFFF,c_pad,dpr_1.0,f_auto,h_375,q_auto,w_600/c_pad,h_375,w_600/v1/ProductImages/UsedGuns/usedgun_102021463_main?pgw=1 was preloaded using link preload but not used within a few seconds from the window's load event. Please make sure it has an appropriate `as` value and it is preloaded intentionally. @ https://www.cabelas.com/l/used-centerfire-pistol#f-action=Revolver:0
[ 1216541ms] [WARNING] The resource https://assets.basspro.com/image/upload/b_rgb:FFFFFF,c_pad,dpr_1.0,f_auto,h_375,q_auto,w_600/c_pad,h_375,w_600/v1/ProductImages/UsedGuns/usedgun_102044626_main?pgw=1 was preloaded using link preload but not used within a few seconds from the window's load event. Please make sure it has an appropriate `as` value and it is preloaded intentionally. @ https://www.cabelas.com/l/used-centerfire-pistol#f-action=Revolver:0
[ 1216541ms] [WARNING] The resource https://assets.basspro.com/image/upload/b_rgb:FFFFFF,c_pad,dpr_1.0,f_auto,h_375,q_auto,w_600/c_pad,h_375,w_600/v1/ProductImages/UsedGuns/usedgun_102039082_main?pgw=1 was preloaded using link preload but not used within a few seconds from the window's load event. Please make sure it has an appropriate `as` value and it is preloaded intentionally. @ https://www.cabelas.com/l/used-centerfire-pistol#f-action=Revolver:0
[ 1247808ms] [WARNING] The resource https://assets.basspro.com/image/upload/b_rgb:FFFFFF,c_pad,dpr_1.0,f_auto,h_375,q_auto,w_600/c_pad,h_375,w_600/v1/ProductImages/UsedGuns/usedgun_102043796_main?pgw=1 was preloaded using link preload but not used within a few seconds from the window's load event. Please make sure it has an appropriate `as` value and it is preloaded intentionally. @ https://www.cabelas.com/l/used-centerfire-pistol#f-action=Revolver:0
[ 1247808ms] [WARNING] The resource https://assets.basspro.com/image/upload/b_rgb:FFFFFF,c_pad,dpr_1.0,f_auto,h_375,q_auto,w_600/c_pad,h_375,w_600/v1/ProductImages/UsedGuns/usedgun_102021463_main?pgw=1 was preloaded using link preload but not used within a few seconds from the window's load event. Please make sure it has an appropriate `as` value and it is preloaded intentionally. @ https://www.cabelas.com/l/used-centerfire-pistol#f-action=Revolver:0
[ 1247808ms] [WARNING] The resource https://assets.basspro.com/image/upload/b_rgb:FFFFFF,c_pad,dpr_1.0,f_auto,h_375,q_auto,w_600/c_pad,h_375,w_600/v1/ProductImages/UsedGuns/usedgun_102044626_main?pgw=1 was preloaded using link preload but not used within a few seconds from the window's load event. Please make sure it has an appropriate `as` value and it is preloaded intentionally. @ https://www.cabelas.com/l/used-centerfire-pistol#f-action=Revolver:0
[ 1247808ms] [WARNING] The resource https://assets.basspro.com/image/upload/b_rgb:FFFFFF,c_pad,dpr_1.0,f_auto,h_375,q_auto,w_600/c_pad,h_375,w_600/v1/ProductImages/UsedGuns/usedgun_102039082_main?pgw=1 was preloaded using link preload but not used within a few seconds from the window's load event. Please make sure it has an appropriate `as` value and it is preloaded intentionally. @ https://www.cabelas.com/l/used-centerfire-pistol#f-action=Revolver:0
[ 1276715ms] [WARNING] The resource https://assets.basspro.com/image/upload/b_rgb:FFFFFF,c_pad,dpr_1.0,f_auto,h_375,q_auto,w_600/c_pad,h_375,w_600/v1/ProductImages/UsedGuns/usedgun_102043796_main?pgw=1 was preloaded using link preload but not used within a few seconds from the window's load event. Please make sure it has an appropriate `as` value and it is preloaded intentionally. @ https://www.cabelas.com/l/used-centerfire-pistol#f-action=Revolver:0
[ 1276715ms] [WARNING] The resource https://assets.basspro.com/image/upload/b_rgb:FFFFFF,c_pad,dpr_1.0,f_auto,h_375,q_auto,w_600/c_pad,h_375,w_600/v1/ProductImages/UsedGuns/usedgun_102021463_main?pgw=1 was preloaded using link preload but not used within a few seconds from the window's load event. Please make sure it has an appropriate `as` value and it is preloaded intentionally. @ https://www.cabelas.com/l/used-centerfire-pistol#f-action=Revolver:0
[ 1276715ms] [WARNING] The resource https://assets.basspro.com/image/upload/b_rgb:FFFFFF,c_pad,dpr_1.0,f_auto,h_375,q_auto,w_600/c_pad,h_375,w_600/v1/ProductImages/UsedGuns/usedgun_102044626_main?pgw=1 was preloaded using link preload but not used within a few seconds from the window's load event. Please make sure it has an appropriate `as` value and it is preloaded intentionally. @ https://www.cabelas.com/l/used-centerfire-pistol#f-action=Revolver:0
[ 1276715ms] [WARNING] The resource https://assets.basspro.com/image/upload/b_rgb:FFFFFF,c_pad,dpr_1.0,f_auto,h_375,q_auto,w_600/c_pad,h_375,w_600/v1/ProductImages/UsedGuns/usedgun_102039082_main?pgw=1 was preloaded using link preload but not used within a few seconds from the window's load event. Please make sure it has an appropriate `as` value and it is preloaded intentionally. @ https://www.cabelas.com/l/used-centerfire-pistol#f-action=Revolver:0
[ 1307066ms] [WARNING] The resource https://assets.basspro.com/image/upload/b_rgb:FFFFFF,c_pad,dpr_1.0,f_auto,h_375,q_auto,w_600/c_pad,h_375,w_600/v1/ProductImages/UsedGuns/usedgun_102043796_main?pgw=1 was preloaded using link preload but not used within a few seconds from the window's load event. Please make sure it has an appropriate `as` value and it is preloaded intentionally. @ https://www.cabelas.com/l/used-centerfire-pistol#f-action=Revolver:0
[ 1307066ms] [WARNING] The resource https://assets.basspro.com/image/upload/b_rgb:FFFFFF,c_pad,dpr_1.0,f_auto,h_375,q_auto,w_600/c_pad,h_375,w_600/v1/ProductImages/UsedGuns/usedgun_102021463_main?pgw=1 was preloaded using link preload but not used within a few seconds from the window's load event. Please make sure it has an appropriate `as` value and it is preloaded intentionally. @ https://www.cabelas.com/l/used-centerfire-pistol#f-action=Revolver:0
[ 1307066ms] [WARNING] The resource https://assets.basspro.com/image/upload/b_rgb:FFFFFF,c_pad,dpr_1.0,f_auto,h_375,q_auto,w_600/c_pad,h_375,w_600/v1/ProductImages/UsedGuns/usedgun_102044626_main?pgw=1 was preloaded using link preload but not used within a few seconds from the window's load event. Please make sure it has an appropriate `as` value and it is preloaded intentionally. @ https://www.cabelas.com/l/used-centerfire-pistol#f-action=Revolver:0
[ 1307066ms] [WARNING] The resource https://assets.basspro.com/image/upload/b_rgb:FFFFFF,c_pad,dpr_1.0,f_auto,h_375,q_auto,w_600/c_pad,h_375,w_600/v1/ProductImages/UsedGuns/usedgun_102039082_main?pgw=1 was preloaded using link preload but not used within a few seconds from the window's load event. Please make sure it has an appropriate `as` value and it is preloaded intentionally. @ https://www.cabelas.com/l/used-centerfire-pistol#f-action=Revolver:0
[ 1325944ms] [WARNING] The resource https://assets.basspro.com/image/upload/b_rgb:FFFFFF,c_pad,dpr_1.0,f_auto,h_375,q_auto,w_600/c_pad,h_375,w_600/v1/ProductImages/UsedGuns/usedgun_102043796_main?pgw=1 was preloaded using link preload but not used within a few seconds from the window's load event. Please make sure it has an appropriate `as` value and it is preloaded intentionally. @ https://www.cabelas.com/l/used-centerfire-pistol#f-action=Revolver:0
[ 1325945ms] [WARNING] The resource https://assets.basspro.com/image/upload/b_rgb:FFFFFF,c_pad,dpr_1.0,f_auto,h_375,q_auto,w_600/c_pad,h_375,w_600/v1/ProductImages/UsedGuns/usedgun_102021463_main?pgw=1 was preloaded using link preload but not used within a few seconds from the window's load event. Please make sure it has an appropriate `as` value and it is preloaded intentionally. @ https://www.cabelas.com/l/used-centerfire-pistol#f-action=Revolver:0
[ 1325945ms] [WARNING] The resource https://assets.basspro.com/image/upload/b_rgb:FFFFFF,c_pad,dpr_1.0,f_auto,h_375,q_auto,w_600/c_pad,h_375,w_600/v1/ProductImages/UsedGuns/usedgun_102044626_main?pgw=1 was preloaded using link preload but not used within a few seconds from the window's load event. Please make sure it has an appropriate `as` value and it is preloaded intentionally. @ https://www.cabelas.com/l/used-centerfire-pistol#f-action=Revolver:0
[ 1325945ms] [WARNING] The resource https://assets.basspro.com/image/upload/b_rgb:FFFFFF,c_pad,dpr_1.0,f_auto,h_375,q_auto,w_600/c_pad,h_375,w_600/v1/ProductImages/UsedGuns/usedgun_102039082_main?pgw=1 was preloaded using link preload but not used within a few seconds from the window's load event. Please make sure it has an appropriate `as` value and it is preloaded intentionally. @ https://www.cabelas.com/l/used-centerfire-pistol#f-action=Revolver:0
[ 1337556ms] [WARNING] The resource https://assets.basspro.com/image/upload/b_rgb:FFFFFF,c_pad,dpr_1.0,f_auto,h_375,q_auto,w_600/c_pad,h_375,w_600/v1/ProductImages/UsedGuns/usedgun_102043796_main?pgw=1 was preloaded using link preload but not used within a few seconds from the window's load event. Please make sure it has an appropriate `as` value and it is preloaded intentionally. @ https://www.cabelas.com/l/used-centerfire-pistol#f-action=Revolver:0
[ 1337556ms] [WARNING] The resource https://assets.basspro.com/image/upload/b_rgb:FFFFFF,c_pad,dpr_1.0,f_auto,h_375,q_auto,w_600/c_pad,h_375,w_600/v1/ProductImages/UsedGuns/usedgun_102021463_main?pgw=1 was preloaded using link preload but not used within a few seconds from the window's load event. Please make sure it has an appropriate `as` value and it is preloaded intentionally. @ https://www.cabelas.com/l/used-centerfire-pistol#f-action=Revolver:0
[ 1337556ms] [WARNING] The resource https://assets.basspro.com/image/upload/b_rgb:FFFFFF,c_pad,dpr_1.0,f_auto,h_375,q_auto,w_600/c_pad,h_375,w_600/v1/ProductImages/UsedGuns/usedgun_102044626_main?pgw=1 was preloaded using link preload but not used within a few seconds from the window's load event. Please make sure it has an appropriate `as` value and it is preloaded intentionally. @ https://www.cabelas.com/l/used-centerfire-pistol#f-action=Revolver:0
[ 1337556ms] [WARNING] The resource https://assets.basspro.com/image/upload/b_rgb:FFFFFF,c_pad,dpr_1.0,f_auto,h_375,q_auto,w_600/c_pad,h_375,w_600/v1/ProductImages/UsedGuns/usedgun_102039082_main?pgw=1 was preloaded using link preload but not used within a few seconds from the window's load event. Please make sure it has an appropriate `as` value and it is preloaded intentionally. @ https://www.cabelas.com/l/used-centerfire-pistol#f-action=Revolver:0
[ 1366629ms] [WARNING] The resource https://assets.basspro.com/image/upload/b_rgb:FFFFFF,c_pad,dpr_1.0,f_auto,h_375,q_auto,w_600/c_pad,h_375,w_600/v1/ProductImages/UsedGuns/usedgun_102043796_main?pgw=1 was preloaded using link preload but not used within a few seconds from the window's load event. Please make sure it has an appropriate `as` value and it is preloaded intentionally. @ https://www.cabelas.com/l/used-centerfire-pistol#f-action=Revolver:0
[ 1366630ms] [WARNING] The resource https://assets.basspro.com/image/upload/b_rgb:FFFFFF,c_pad,dpr_1.0,f_auto,h_375,q_auto,w_600/c_pad,h_375,w_600/v1/ProductImages/UsedGuns/usedgun_102021463_main?pgw=1 was preloaded using link preload but not used within a few seconds from the window's load event. Please make sure it has an appropriate `as` value and it is preloaded intentionally. @ https://www.cabelas.com/l/used-centerfire-pistol#f-action=Revolver:0
[ 1366630ms] [WARNING] The resource https://assets.basspro.com/image/upload/b_rgb:FFFFFF,c_pad,dpr_1.0,f_auto,h_375,q_auto,w_600/c_pad,h_375,w_600/v1/ProductImages/UsedGuns/usedgun_102044626_main?pgw=1 was preloaded using link preload but not used within a few seconds from the window's load event. Please make sure it has an appropriate `as` value and it is preloaded intentionally. @ https://www.cabelas.com/l/used-centerfire-pistol#f-action=Revolver:0
[ 1366630ms] [WARNING] The resource https://assets.basspro.com/image/upload/b_rgb:FFFFFF,c_pad,dpr_1.0,f_auto,h_375,q_auto,w_600/c_pad,h_375,w_600/v1/ProductImages/UsedGuns/usedgun_102039082_main?pgw=1 was preloaded using link preload but not used within a few seconds from the window's load event. Please make sure it has an appropriate `as` value and it is preloaded intentionally. @ https://www.cabelas.com/l/used-centerfire-pistol#f-action=Revolver:0
[ 1397068ms] [WARNING] The resource https://assets.basspro.com/image/upload/b_rgb:FFFFFF,c_pad,dpr_1.0,f_auto,h_375,q_auto,w_600/c_pad,h_375,w_600/v1/ProductImages/UsedGuns/usedgun_102043796_main?pgw=1 was preloaded using link preload but not used within a few seconds from the window's load event. Please make sure it has an appropriate `as` value and it is preloaded intentionally. @ https://www.cabelas.com/l/used-centerfire-pistol#f-action=Revolver:0
[ 1397068ms] [WARNING] The resource https://assets.basspro.com/image/upload/b_rgb:FFFFFF,c_pad,dpr_1.0,f_auto,h_375,q_auto,w_600/c_pad,h_375,w_600/v1/ProductImages/UsedGuns/usedgun_102021463_main?pgw=1 was preloaded using link preload but not used within a few seconds from the window's load event. Please make sure it has an appropriate `as` value and it is preloaded intentionally. @ https://www.cabelas.com/l/used-centerfire-pistol#f-action=Revolver:0
[ 1397068ms] [WARNING] The resource https://assets.basspro.com/image/upload/b_rgb:FFFFFF,c_pad,dpr_1.0,f_auto,h_375,q_auto,w_600/c_pad,h_375,w_600/v1/ProductImages/UsedGuns/usedgun_102044626_main?pgw=1 was preloaded using link preload but not used within a few seconds from the window's load event. Please make sure it has an appropriate `as` value and it is preloaded intentionally. @ https://www.cabelas.com/l/used-centerfire-pistol#f-action=Revolver:0
[ 1397068ms] [WARNING] The resource https://assets.basspro.com/image/upload/b_rgb:FFFFFF,c_pad,dpr_1.0,f_auto,h_375,q_auto,w_600/c_pad,h_375,w_600/v1/ProductImages/UsedGuns/usedgun_102039082_main?pgw=1 was preloaded using link preload but not used within a few seconds from the window's load event. Please make sure it has an appropriate `as` value and it is preloaded intentionally. @ https://www.cabelas.com/l/used-centerfire-pistol#f-action=Revolver:0
[ 1426625ms] [WARNING] The resource https://assets.basspro.com/image/upload/b_rgb:FFFFFF,c_pad,dpr_1.0,f_auto,h_375,q_auto,w_600/c_pad,h_375,w_600/v1/ProductImages/UsedGuns/usedgun_102043796_main?pgw=1 was preloaded using link preload but not used within a few seconds from the window's load event. Please make sure it has an appropriate `as` value and it is preloaded intentionally. @ https://www.cabelas.com/l/used-centerfire-pistol#f-action=Revolver:0
[ 1426625ms] [WARNING] The resource https://assets.basspro.com/image/upload/b_rgb:FFFFFF,c_pad,dpr_1.0,f_auto,h_375,q_auto,w_600/c_pad,h_375,w_600/v1/ProductImages/UsedGuns/usedgun_102021463_main?pgw=1 was preloaded using link preload but not used within a few seconds from the window's load event. Please make sure it has an appropriate `as` value and it is preloaded intentionally. @ https://www.cabelas.com/l/used-centerfire-pistol#f-action=Revolver:0
[ 1426625ms] [WARNING] The resource https://assets.basspro.com/image/upload/b_rgb:FFFFFF,c_pad,dpr_1.0,f_auto,h_375,q_auto,w_600/c_pad,h_375,w_600/v1/ProductImages/UsedGuns/usedgun_102044626_main?pgw=1 was preloaded using link preload but not used within a few seconds from the window's load event. Please make sure it has an appropriate `as` value and it is preloaded intentionally. @ https://www.cabelas.com/l/used-centerfire-pistol#f-action=Revolver:0
[ 1426625ms] [WARNING] The resource https://assets.basspro.com/image/upload/b_rgb:FFFFFF,c_pad,dpr_1.0,f_auto,h_375,q_auto,w_600/c_pad,h_375,w_600/v1/ProductImages/UsedGuns/usedgun_102039082_main?pgw=1 was preloaded using link preload but not used within a few seconds from the window's load event. Please make sure it has an appropriate `as` value and it is preloaded intentionally. @ https://www.cabelas.com/l/used-centerfire-pistol#f-action=Revolver:0
[ 1456791ms] [WARNING] The resource https://assets.basspro.com/image/upload/b_rgb:FFFFFF,c_pad,dpr_1.0,f_auto,h_375,q_auto,w_600/c_pad,h_375,w_600/v1/ProductImages/UsedGuns/usedgun_102043796_main?pgw=1 was preloaded using link preload but not used within a few seconds from the window's load event. Please make sure it has an appropriate `as` value and it is preloaded intentionally. @ https://www.cabelas.com/l/used-centerfire-pistol#f-action=Revolver:0
[ 1456791ms] [WARNING] The resource https://assets.basspro.com/image/upload/b_rgb:FFFFFF,c_pad,dpr_1.0,f_auto,h_375,q_auto,w_600/c_pad,h_375,w_600/v1/ProductImages/UsedGuns/usedgun_102021463_main?pgw=1 was preloaded using link preload but not used within a few seconds from the window's load event. Please make sure it has an appropriate `as` value and it is preloaded intentionally. @ https://www.cabelas.com/l/used-centerfire-pistol#f-action=Revolver:0
[ 1456791ms] [WARNING] The resource https://assets.basspro.com/image/upload/b_rgb:FFFFFF,c_pad,dpr_1.0,f_auto,h_375,q_auto,w_600/c_pad,h_375,w_600/v1/ProductImages/UsedGuns/usedgun_102044626_main?pgw=1 was preloaded using link preload but not used within a few seconds from the window's load event. Please make sure it has an appropriate `as` value and it is preloaded intentionally. @ https://www.cabelas.com/l/used-centerfire-pistol#f-action=Revolver:0
[ 1456791ms] [WARNING] The resource https://assets.basspro.com/image/upload/b_rgb:FFFFFF,c_pad,dpr_1.0,f_auto,h_375,q_auto,w_600/c_pad,h_375,w_600/v1/ProductImages/UsedGuns/usedgun_102039082_main?pgw=1 was preloaded using link preload but not used within a few seconds from the window's load event. Please make sure it has an appropriate `as` value and it is preloaded intentionally. @ https://www.cabelas.com/l/used-centerfire-pistol#f-action=Revolver:0
[ 1486110ms] [WARNING] The resource https://assets.basspro.com/image/upload/b_rgb:FFFFFF,c_pad,dpr_1.0,f_auto,h_375,q_auto,w_600/c_pad,h_375,w_600/v1/ProductImages/UsedGuns/usedgun_102043796_main?pgw=1 was preloaded using link preload but not used within a few seconds from the window's load event. Please make sure it has an appropriate `as` value and it is preloaded intentionally. @ https://www.cabelas.com/l/used-centerfire-pistol#f-action=Revolver:0
[ 1486110ms] [WARNING] The resource https://assets.basspro.com/image/upload/b_rgb:FFFFFF,c_pad,dpr_1.0,f_auto,h_375,q_auto,w_600/c_pad,h_375,w_600/v1/ProductImages/UsedGuns/usedgun_102021463_main?pgw=1 was preloaded using link preload but not used within a few seconds from the window's load event. Please make sure it has an appropriate `as` value and it is preloaded intentionally. @ https://www.cabelas.com/l/used-centerfire-pistol#f-action=Revolver:0
[ 1486110ms] [WARNING] The resource https://assets.basspro.com/image/upload/b_rgb:FFFFFF,c_pad,dpr_1.0,f_auto,h_375,q_auto,w_600/c_pad,h_375,w_600/v1/ProductImages/UsedGuns/usedgun_102044626_main?pgw=1 was preloaded using link preload but not used within a few seconds from the window's load event. Please make sure it has an appropriate `as` value and it is preloaded intentionally. @ https://www.cabelas.com/l/used-centerfire-pistol#f-action=Revolver:0
[ 1486110ms] [WARNING] The resource https://assets.basspro.com/image/upload/b_rgb:FFFFFF,c_pad,dpr_1.0,f_auto,h_375,q_auto,w_600/c_pad,h_375,w_600/v1/ProductImages/UsedGuns/usedgun_102039082_main?pgw=1 was preloaded using link preload but not used within a few seconds from the window's load event. Please make sure it has an appropriate `as` value and it is preloaded intentionally. @ https://www.cabelas.com/l/used-centerfire-pistol#f-action=Revolver:0
[ 1506083ms] [WARNING] The resource https://assets.basspro.com/image/upload/b_rgb:FFFFFF,c_pad,dpr_1.0,f_auto,h_375,q_auto,w_600/c_pad,h_375,w_600/v1/ProductImages/UsedGuns/usedgun_102043796_main?pgw=1 was preloaded using link preload but not used within a few seconds from the window's load event. Please make sure it has an appropriate `as` value and it is preloaded intentionally. @ https://www.cabelas.com/l/used-centerfire-pistol#f-action=Revolver:0
[ 1506083ms] [WARNING] The resource https://assets.basspro.com/image/upload/b_rgb:FFFFFF,c_pad,dpr_1.0,f_auto,h_375,q_auto,w_600/c_pad,h_375,w_600/v1/ProductImages/UsedGuns/usedgun_102021463_main?pgw=1 was preloaded using link preload but not used within a few seconds from the window's load event. Please make sure it has an appropriate `as` value and it is preloaded intentionally. @ https://www.cabelas.com/l/used-centerfire-pistol#f-action=Revolver:0
[ 1506083ms] [WARNING] The resource https://assets.basspro.com/image/upload/b_rgb:FFFFFF,c_pad,dpr_1.0,f_auto,h_375,q_auto,w_600/c_pad,h_375,w_600/v1/ProductImages/UsedGuns/usedgun_102044626_main?pgw=1 was preloaded using link preload but not used within a few seconds from the window's load event. Please make sure it has an appropriate `as` value and it is preloaded intentionally. @ https://www.cabelas.com/l/used-centerfire-pistol#f-action=Revolver:0
[ 1506083ms] [WARNING] The resource https://assets.basspro.com/image/upload/b_rgb:FFFFFF,c_pad,dpr_1.0,f_auto,h_375,q_auto,w_600/c_pad,h_375,w_600/v1/ProductImages/UsedGuns/usedgun_102039082_main?pgw=1 was preloaded using link preload but not used within a few seconds from the window's load event. Please make sure it has an appropriate `as` value and it is preloaded intentionally. @ https://www.cabelas.com/l/used-centerfire-pistol#f-action=Revolver:0
[ 1516090ms] [WARNING] The resource https://assets.basspro.com/image/upload/b_rgb:FFFFFF,c_pad,dpr_1.0,f_auto,h_375,q_auto,w_600/c_pad,h_375,w_600/v1/ProductImages/UsedGuns/usedgun_102043796_main?pgw=1 was preloaded using link preload but not used within a few seconds from the window's load event. Please make sure it has an appropriate `as` value and it is preloaded intentionally. @ https://www.cabelas.com/l/used-centerfire-pistol#f-action=Revolver:0
[ 1516090ms] [WARNING] The resource https://assets.basspro.com/image/upload/b_rgb:FFFFFF,c_pad,dpr_1.0,f_auto,h_375,q_auto,w_600/c_pad,h_375,w_600/v1/ProductImages/UsedGuns/usedgun_102021463_main?pgw=1 was preloaded using link preload but not used within a few seconds from the window's load event. Please make sure it has an appropriate `as` value and it is preloaded intentionally. @ https://www.cabelas.com/l/used-centerfire-pistol#f-action=Revolver:0
[ 1516090ms] [WARNING] The resource https://assets.basspro.com/image/upload/b_rgb:FFFFFF,c_pad,dpr_1.0,f_auto,h_375,q_auto,w_600/c_pad,h_375,w_600/v1/ProductImages/UsedGuns/usedgun_102044626_main?pgw=1 was preloaded using link preload but not used within a few seconds from the window's load event. Please make sure it has an appropriate `as` value and it is preloaded intentionally. @ https://www.cabelas.com/l/used-centerfire-pistol#f-action=Revolver:0
[ 1516090ms] [WARNING] The resource https://assets.basspro.com/image/upload/b_rgb:FFFFFF,c_pad,dpr_1.0,f_auto,h_375,q_auto,w_600/c_pad,h_375,w_600/v1/ProductImages/UsedGuns/usedgun_102039082_main?pgw=1 was preloaded using link preload but not used within a few seconds from the window's load event. Please make sure it has an appropriate `as` value and it is preloaded intentionally. @ https://www.cabelas.com/l/used-centerfire-pistol#f-action=Revolver:0
[ 1546328ms] [WARNING] The resource https://assets.basspro.com/image/upload/b_rgb:FFFFFF,c_pad,dpr_1.0,f_auto,h_375,q_auto,w_600/c_pad,h_375,w_600/v1/ProductImages/UsedGuns/usedgun_102043796_main?pgw=1 was preloaded using link preload but not used within a few seconds from the window's load event. Please make sure it has an appropriate `as` value and it is preloaded intentionally. @ https://www.cabelas.com/l/used-centerfire-pistol#f-action=Revolver:0
[ 1546329ms] [WARNING] The resource https://assets.basspro.com/image/upload/b_rgb:FFFFFF,c_pad,dpr_1.0,f_auto,h_375,q_auto,w_600/c_pad,h_375,w_600/v1/ProductImages/UsedGuns/usedgun_102021463_main?pgw=1 was preloaded using link preload but not used within a few seconds from the window's load event. Please make sure it has an appropriate `as` value and it is preloaded intentionally. @ https://www.cabelas.com/l/used-centerfire-pistol#f-action=Revolver:0
[ 1546329ms] [WARNING] The resource https://assets.basspro.com/image/upload/b_rgb:FFFFFF,c_pad,dpr_1.0,f_auto,h_375,q_auto,w_600/c_pad,h_375,w_600/v1/ProductImages/UsedGuns/usedgun_102044626_main?pgw=1 was preloaded using link preload but not used within a few seconds from the window's load event. Please make sure it has an appropriate `as` value and it is preloaded intentionally. @ https://www.cabelas.com/l/used-centerfire-pistol#f-action=Revolver:0
[ 1546329ms] [WARNING] The resource https://assets.basspro.com/image/upload/b_rgb:FFFFFF,c_pad,dpr_1.0,f_auto,h_375,q_auto,w_600/c_pad,h_375,w_600/v1/ProductImages/UsedGuns/usedgun_102039082_main?pgw=1 was preloaded using link preload but not used within a few seconds from the window's load event. Please make sure it has an appropriate `as` value and it is preloaded intentionally. @ https://www.cabelas.com/l/used-centerfire-pistol#f-action=Revolver:0
[ 1558046ms] [VERBOSE] [DOM] Input elements should have autocomplete attributes (suggested: "new-password"): (More info: https://goo.gl/9p2vKq) %o @ https://www.cabelas.com/l/used-centerfire-pistol#f-action=Revolver&firstResult=36:0
[ 1558046ms] SampledOutError: Session is sampled out
[ 1588109ms] SampledOutError: Session is sampled out
[ 1588707ms] [VERBOSE] [DOM] Input elements should have autocomplete attributes (suggested: "new-password"): (More info: https://goo.gl/9p2vKq) %o @ https://www.cabelas.com/l/used-centerfire-pistol#sortCriteria=%40offerprice%20ascending&f-action=Revolver:0
[ 1597567ms] SampledOutError: Session is sampled out
[ 1597969ms] [ERROR] Failed to load resource: the server responded with a status of 400 () @ https://assets.basspro.com/image/list/fn_select:jq:first(.%5B%5D%7Cselect(.public_id%20%7C%20endswith(%22main%22)))/4870855.json?$Prod_PLPThumb$:0
[ 1598226ms] [VERBOSE] [DOM] Input elements should have autocomplete attributes (suggested: "new-password"): (More info: https://goo.gl/9p2vKq) %o @ https://www.cabelas.com/l/used-centerfire-pistol#sortCriteria=%40offerprice%20ascending&f-action=Revolver&firstResult=36:0
[ 1607997ms] [WARNING] The resource https://assets.basspro.com/image/upload/b_rgb:FFFFFF,c_pad,dpr_1.0,f_auto,h_375,q_auto,w_600/c_pad,h_375,w_600/v1/ProductImages/UsedGuns/usedgun_102043796_main?pgw=1 was preloaded using link preload but not used within a few seconds from the window's load event. Please make sure it has an appropriate `as` value and it is preloaded intentionally. @ https://www.cabelas.com/l/used-centerfire-pistol#sortCriteria=%40offerprice%20ascending&f-action=Revolver&firstResult=36:0
[ 1607997ms] [WARNING] The resource https://assets.basspro.com/image/upload/b_rgb:FFFFFF,c_pad,dpr_1.0,f_auto,h_375,q_auto,w_600/c_pad,h_375,w_600/v1/ProductImages/UsedGuns/usedgun_102021463_main?pgw=1 was preloaded using link preload but not used within a few seconds from the window's load event. Please make sure it has an appropriate `as` value and it is preloaded intentionally. @ https://www.cabelas.com/l/used-centerfire-pistol#sortCriteria=%40offerprice%20ascending&f-action=Revolver&firstResult=36:0
[ 1607997ms] [WARNING] The resource https://assets.basspro.com/image/upload/b_rgb:FFFFFF,c_pad,dpr_1.0,f_auto,h_375,q_auto,w_600/c_pad,h_375,w_600/v1/ProductImages/UsedGuns/usedgun_102044626_main?pgw=1 was preloaded using link preload but not used within a few seconds from the window's load event. Please make sure it has an appropriate `as` value and it is preloaded intentionally. @ https://www.cabelas.com/l/used-centerfire-pistol#sortCriteria=%40offerprice%20ascending&f-action=Revolver&firstResult=36:0
[ 1607997ms] [WARNING] The resource https://assets.basspro.com/image/upload/b_rgb:FFFFFF,c_pad,dpr_1.0,f_auto,h_375,q_auto,w_600/c_pad,h_375,w_600/v1/ProductImages/UsedGuns/usedgun_102039082_main?pgw=1 was preloaded using link preload but not used within a few seconds from the window's load event. Please make sure it has an appropriate `as` value and it is preloaded intentionally. @ https://www.cabelas.com/l/used-centerfire-pistol#sortCriteria=%40offerprice%20ascending&f-action=Revolver&firstResult=36:0
[ 1639542ms] [WARNING] The resource https://assets.basspro.com/image/upload/b_rgb:FFFFFF,c_pad,dpr_1.0,f_auto,h_375,q_auto,w_600/c_pad,h_375,w_600/v1/ProductImages/UsedGuns/usedgun_102043796_main?pgw=1 was preloaded using link preload but not used within a few seconds from the window's load event. Please make sure it has an appropriate `as` value and it is preloaded intentionally. @ https://www.cabelas.com/l/used-centerfire-pistol#sortCriteria=%40offerprice%20ascending&f-action=Revolver&firstResult=36:0
[ 1639542ms] [WARNING] The resource https://assets.basspro.com/image/upload/b_rgb:FFFFFF,c_pad,dpr_1.0,f_auto,h_375,q_auto,w_600/c_pad,h_375,w_600/v1/ProductImages/UsedGuns/usedgun_102021463_main?pgw=1 was preloaded using link preload but not used within a few seconds from the window's load event. Please make sure it has an appropriate `as` value and it is preloaded intentionally. @ https://www.cabelas.com/l/used-centerfire-pistol#sortCriteria=%40offerprice%20ascending&f-action=Revolver&firstResult=36:0
[ 1639543ms] [WARNING] The resource https://assets.basspro.com/image/upload/b_rgb:FFFFFF,c_pad,dpr_1.0,f_auto,h_375,q_auto,w_600/c_pad,h_375,w_600/v1/ProductImages/UsedGuns/usedgun_102044626_main?pgw=1 was preloaded using link preload but not used within a few seconds from the window's load event. Please make sure it has an appropriate `as` value and it is preloaded intentionally. @ https://www.cabelas.com/l/used-centerfire-pistol#sortCriteria=%40offerprice%20ascending&f-action=Revolver&firstResult=36:0
[ 1639543ms] [WARNING] The resource https://assets.basspro.com/image/upload/b_rgb:FFFFFF,c_pad,dpr_1.0,f_auto,h_375,q_auto,w_600/c_pad,h_375,w_600/v1/ProductImages/UsedGuns/usedgun_102039082_main?pgw=1 was preloaded using link preload but not used within a few seconds from the window's load event. Please make sure it has an appropriate `as` value and it is preloaded intentionally. @ https://www.cabelas.com/l/used-centerfire-pistol#sortCriteria=%40offerprice%20ascending&f-action=Revolver&firstResult=36:0
[ 1660528ms] [WARNING] The resource https://assets.basspro.com/image/upload/b_rgb:FFFFFF,c_pad,dpr_1.0,f_auto,h_375,q_auto,w_600/c_pad,h_375,w_600/v1/ProductImages/UsedGuns/usedgun_102043796_main?pgw=1 was preloaded using link preload but not used within a few seconds from the window's load event. Please make sure it has an appropriate `as` value and it is preloaded intentionally. @ https://www.cabelas.com/l/used-centerfire-pistol#sortCriteria=%40offerprice%20ascending&f-action=Revolver&firstResult=36:0
[ 1660528ms] [WARNING] The resource https://assets.basspro.com/image/upload/b_rgb:FFFFFF,c_pad,dpr_1.0,f_auto,h_375,q_auto,w_600/c_pad,h_375,w_600/v1/ProductImages/UsedGuns/usedgun_102021463_main?pgw=1 was preloaded using link preload but not used within a few seconds from the window's load event. Please make sure it has an appropriate `as` value and it is preloaded intentionally. @ https://www.cabelas.com/l/used-centerfire-pistol#sortCriteria=%40offerprice%20ascending&f-action=Revolver&firstResult=36:0
[ 1660528ms] [WARNING] The resource https://assets.basspro.com/image/upload/b_rgb:FFFFFF,c_pad,dpr_1.0,f_auto,h_375,q_auto,w_600/c_pad,h_375,w_600/v1/ProductImages/UsedGuns/usedgun_102044626_main?pgw=1 was preloaded using link preload but not used within a few seconds from the window's load event. Please make sure it has an appropriate `as` value and it is preloaded intentionally. @ https://www.cabelas.com/l/used-centerfire-pistol#sortCriteria=%40offerprice%20ascending&f-action=Revolver&firstResult=36:0
[ 1660528ms] [WARNING] The resource https://assets.basspro.com/image/upload/b_rgb:FFFFFF,c_pad,dpr_1.0,f_auto,h_375,q_auto,w_600/c_pad,h_375,w_600/v1/ProductImages/UsedGuns/usedgun_102039082_main?pgw=1 was preloaded using link preload but not used within a few seconds from the window's load event. Please make sure it has an appropriate `as` value and it is preloaded intentionally. @ https://www.cabelas.com/l/used-centerfire-pistol#sortCriteria=%40offerprice%20ascending&f-action=Revolver&firstResult=36:0
[ 1686012ms] [WARNING] The resource https://assets.basspro.com/image/upload/b_rgb:FFFFFF,c_pad,dpr_1.0,f_auto,h_375,q_auto,w_600/c_pad,h_375,w_600/v1/ProductImages/UsedGuns/usedgun_102043796_main?pgw=1 was preloaded using link preload but not used within a few seconds from the window's load event. Please make sure it has an appropriate `as` value and it is preloaded intentionally. @ https://www.cabelas.com/l/used-centerfire-pistol#sortCriteria=%40offerprice%20ascending&f-action=Revolver&firstResult=36:0
[ 1686012ms] [WARNING] The resource https://assets.basspro.com/image/upload/b_rgb:FFFFFF,c_pad,dpr_1.0,f_auto,h_375,q_auto,w_600/c_pad,h_375,w_600/v1/ProductImages/UsedGuns/usedgun_102021463_main?pgw=1 was preloaded using link preload but not used within a few seconds from the window's load event. Please make sure it has an appropriate `as` value and it is preloaded intentionally. @ https://www.cabelas.com/l/used-centerfire-pistol#sortCriteria=%40offerprice%20ascending&f-action=Revolver&firstResult=36:0
[ 1686012ms] [WARNING] The resource https://assets.basspro.com/image/upload/b_rgb:FFFFFF,c_pad,dpr_1.0,f_auto,h_375,q_auto,w_600/c_pad,h_375,w_600/v1/ProductImages/UsedGuns/usedgun_102044626_main?pgw=1 was preloaded using link preload but not used within a few seconds from the window's load event. Please make sure it has an appropriate `as` value and it is preloaded intentionally. @ https://www.cabelas.com/l/used-centerfire-pistol#sortCriteria=%40offerprice%20ascending&f-action=Revolver&firstResult=36:0
[ 1686012ms] [WARNING] The resource https://assets.basspro.com/image/upload/b_rgb:FFFFFF,c_pad,dpr_1.0,f_auto,h_375,q_auto,w_600/c_pad,h_375,w_600/v1/ProductImages/UsedGuns/usedgun_102039082_main?pgw=1 was preloaded using link preload but not used within a few seconds from the window's load event. Please make sure it has an appropriate `as` value and it is preloaded intentionally. @ https://www.cabelas.com/l/used-centerfire-pistol#sortCriteria=%40offerprice%20ascending&f-action=Revolver&firstResult=36:0
[ 1692086ms] [WARNING] The resource https://assets.basspro.com/image/upload/b_rgb:FFFFFF,c_pad,dpr_1.0,f_auto,h_375,q_auto,w_600/c_pad,h_375,w_600/v1/ProductImages/UsedGuns/usedgun_102043796_main?pgw=1 was preloaded using link preload but not used within a few seconds from the window's load event. Please make sure it has an appropriate `as` value and it is preloaded intentionally. @ https://www.cabelas.com/l/used-centerfire-pistol#sortCriteria=%40offerprice%20ascending&f-action=Revolver&firstResult=36:0
[ 1692086ms] [WARNING] The resource https://assets.basspro.com/image/upload/b_rgb:FFFFFF,c_pad,dpr_1.0,f_auto,h_375,q_auto,w_600/c_pad,h_375,w_600/v1/ProductImages/UsedGuns/usedgun_102021463_main?pgw=1 was preloaded using link preload but not used within a few seconds from the window's load event. Please make sure it has an appropriate `as` value and it is preloaded intentionally. @ https://www.cabelas.com/l/used-centerfire-pistol#sortCriteria=%40offerprice%20ascending&f-action=Revolver&firstResult=36:0
[ 1692086ms] [WARNING] The resource https://assets.basspro.com/image/upload/b_rgb:FFFFFF,c_pad,dpr_1.0,f_auto,h_375,q_auto,w_600/c_pad,h_375,w_600/v1/ProductImages/UsedGuns/usedgun_102044626_main?pgw=1 was preloaded using link preload but not used within a few seconds from the window's load event. Please make sure it has an appropriate `as` value and it is preloaded intentionally. @ https://www.cabelas.com/l/used-centerfire-pistol#sortCriteria=%40offerprice%20ascending&f-action=Revolver&firstResult=36:0
[ 1692086ms] [WARNING] The resource https://assets.basspro.com/image/upload/b_rgb:FFFFFF,c_pad,dpr_1.0,f_auto,h_375,q_auto,w_600/c_pad,h_375,w_600/v1/ProductImages/UsedGuns/usedgun_102039082_main?pgw=1 was preloaded using link preload but not used within a few seconds from the window's load event. Please make sure it has an appropriate `as` value and it is preloaded intentionally. @ https://www.cabelas.com/l/used-centerfire-pistol#sortCriteria=%40offerprice%20ascending&f-action=Revolver&firstResult=36:0
[ 1697406ms] [WARNING] The resource https://assets.basspro.com/image/upload/b_rgb:FFFFFF,c_pad,dpr_1.0,f_auto,h_375,q_auto,w_600/c_pad,h_375,w_600/v1/ProductImages/UsedGuns/usedgun_102043796_main?pgw=1 was preloaded using link preload but not used within a few seconds from the window's load event. Please make sure it has an appropriate `as` value and it is preloaded intentionally. @ https://www.cabelas.com/l/used-centerfire-pistol#sortCriteria=%40offerprice%20ascending&f-action=Revolver&firstResult=36:0
[ 1697406ms] [WARNING] The resource https://assets.basspro.com/image/upload/b_rgb:FFFFFF,c_pad,dpr_1.0,f_auto,h_375,q_auto,w_600/c_pad,h_375,w_600/v1/ProductImages/UsedGuns/usedgun_102021463_main?pgw=1 was preloaded using link preload but not used within a few seconds from the window's load event. Please make sure it has an appropriate `as` value and it is preloaded intentionally. @ https://www.cabelas.com/l/used-centerfire-pistol#sortCriteria=%40offerprice%20ascending&f-action=Revolver&firstResult=36:0
[ 1697406ms] [WARNING] The resource https://assets.basspro.com/image/upload/b_rgb:FFFFFF,c_pad,dpr_1.0,f_auto,h_375,q_auto,w_600/c_pad,h_375,w_600/v1/ProductImages/UsedGuns/usedgun_102044626_main?pgw=1 was preloaded using link preload but not used within a few seconds from the window's load event. Please make sure it has an appropriate `as` value and it is preloaded intentionally. @ https://www.cabelas.com/l/used-centerfire-pistol#sortCriteria=%40offerprice%20ascending&f-action=Revolver&firstResult=36:0
[ 1697406ms] [WARNING] The resource https://assets.basspro.com/image/upload/b_rgb:FFFFFF,c_pad,dpr_1.0,f_auto,h_375,q_auto,w_600/c_pad,h_375,w_600/v1/ProductImages/UsedGuns/usedgun_102039082_main?pgw=1 was preloaded using link preload but not used within a few seconds from the window's load event. Please make sure it has an appropriate `as` value and it is preloaded intentionally. @ https://www.cabelas.com/l/used-centerfire-pistol#sortCriteria=%40offerprice%20ascending&f-action=Revolver&firstResult=36:0
[ 1720517ms] [WARNING] The resource https://assets.basspro.com/image/upload/b_rgb:FFFFFF,c_pad,dpr_1.0,f_auto,h_375,q_auto,w_600/c_pad,h_375,w_600/v1/ProductImages/UsedGuns/usedgun_102043796_main?pgw=1 was preloaded using link preload but not used within a few seconds from the window's load event. Please make sure it has an appropriate `as` value and it is preloaded intentionally. @ https://www.cabelas.com/l/used-centerfire-pistol#sortCriteria=%40offerprice%20ascending&f-action=Revolver&firstResult=36:0
[ 1720517ms] [WARNING] The resource https://assets.basspro.com/image/upload/b_rgb:FFFFFF,c_pad,dpr_1.0,f_auto,h_375,q_auto,w_600/c_pad,h_375,w_600/v1/ProductImages/UsedGuns/usedgun_102021463_main?pgw=1 was preloaded using link preload but not used within a few seconds from the window's load event. Please make sure it has an appropriate `as` value and it is preloaded intentionally. @ https://www.cabelas.com/l/used-centerfire-pistol#sortCriteria=%40offerprice%20ascending&f-action=Revolver&firstResult=36:0
[ 1720518ms] [WARNING] The resource https://assets.basspro.com/image/upload/b_rgb:FFFFFF,c_pad,dpr_1.0,f_auto,h_375,q_auto,w_600/c_pad,h_375,w_600/v1/ProductImages/UsedGuns/usedgun_102044626_main?pgw=1 was preloaded using link preload but not used within a few seconds from the window's load event. Please make sure it has an appropriate `as` value and it is preloaded intentionally. @ https://www.cabelas.com/l/used-centerfire-pistol#sortCriteria=%40offerprice%20ascending&f-action=Revolver&firstResult=36:0
[ 1720518ms] [WARNING] The resource https://assets.basspro.com/image/upload/b_rgb:FFFFFF,c_pad,dpr_1.0,f_auto,h_375,q_auto,w_600/c_pad,h_375,w_600/v1/ProductImages/UsedGuns/usedgun_102039082_main?pgw=1 was preloaded using link preload but not used within a few seconds from the window's load event. Please make sure it has an appropriate `as` value and it is preloaded intentionally. @ https://www.cabelas.com/l/used-centerfire-pistol#sortCriteria=%40offerprice%20ascending&f-action=Revolver&firstResult=36:0
[ 1751581ms] [WARNING] The resource https://assets.basspro.com/image/upload/b_rgb:FFFFFF,c_pad,dpr_1.0,f_auto,h_375,q_auto,w_600/c_pad,h_375,w_600/v1/ProductImages/UsedGuns/usedgun_102043796_main?pgw=1 was preloaded using link preload but not used within a few seconds from the window's load event. Please make sure it has an appropriate `as` value and it is preloaded intentionally. @ https://www.cabelas.com/l/used-centerfire-pistol#sortCriteria=%40offerprice%20ascending&f-action=Revolver&firstResult=36:0
[ 1751581ms] [WARNING] The resource https://assets.basspro.com/image/upload/b_rgb:FFFFFF,c_pad,dpr_1.0,f_auto,h_375,q_auto,w_600/c_pad,h_375,w_600/v1/ProductImages/UsedGuns/usedgun_102021463_main?pgw=1 was preloaded using link preload but not used within a few seconds from the window's load event. Please make sure it has an appropriate `as` value and it is preloaded intentionally. @ https://www.cabelas.com/l/used-centerfire-pistol#sortCriteria=%40offerprice%20ascending&f-action=Revolver&firstResult=36:0
[ 1751581ms] [WARNING] The resource https://assets.basspro.com/image/upload/b_rgb:FFFFFF,c_pad,dpr_1.0,f_auto,h_375,q_auto,w_600/c_pad,h_375,w_600/v1/ProductImages/UsedGuns/usedgun_102044626_main?pgw=1 was preloaded using link preload but not used within a few seconds from the window's load event. Please make sure it has an appropriate `as` value and it is preloaded intentionally. @ https://www.cabelas.com/l/used-centerfire-pistol#sortCriteria=%40offerprice%20ascending&f-action=Revolver&firstResult=36:0
[ 1751581ms] [WARNING] The resource https://assets.basspro.com/image/upload/b_rgb:FFFFFF,c_pad,dpr_1.0,f_auto,h_375,q_auto,w_600/c_pad,h_375,w_600/v1/ProductImages/UsedGuns/usedgun_102039082_main?pgw=1 was preloaded using link preload but not used within a few seconds from the window's load event. Please make sure it has an appropriate `as` value and it is preloaded intentionally. @ https://www.cabelas.com/l/used-centerfire-pistol#sortCriteria=%40offerprice%20ascending&f-action=Revolver&firstResult=36:0
[ 1780692ms] [WARNING] The resource https://assets.basspro.com/image/upload/b_rgb:FFFFFF,c_pad,dpr_1.0,f_auto,h_375,q_auto,w_600/c_pad,h_375,w_600/v1/ProductImages/UsedGuns/usedgun_102043796_main?pgw=1 was preloaded using link preload but not used within a few seconds from the window's load event. Please make sure it has an appropriate `as` value and it is preloaded intentionally. @ https://www.cabelas.com/l/used-centerfire-pistol#sortCriteria=%40offerprice%20ascending&f-action=Revolver&firstResult=36:0
[ 1780692ms] [WARNING] The resource https://assets.basspro.com/image/upload/b_rgb:FFFFFF,c_pad,dpr_1.0,f_auto,h_375,q_auto,w_600/c_pad,h_375,w_600/v1/ProductImages/UsedGuns/usedgun_102021463_main?pgw=1 was preloaded using link preload but not used within a few seconds from the window's load event. Please make sure it has an appropriate `as` value and it is preloaded intentionally. @ https://www.cabelas.com/l/used-centerfire-pistol#sortCriteria=%40offerprice%20ascending&f-action=Revolver&firstResult=36:0
[ 1780692ms] [WARNING] The resource https://assets.basspro.com/image/upload/b_rgb:FFFFFF,c_pad,dpr_1.0,f_auto,h_375,q_auto,w_600/c_pad,h_375,w_600/v1/ProductImages/UsedGuns/usedgun_102044626_main?pgw=1 was preloaded using link preload but not used within a few seconds from the window's load event. Please make sure it has an appropriate `as` value and it is preloaded intentionally. @ https://www.cabelas.com/l/used-centerfire-pistol#sortCriteria=%40offerprice%20ascending&f-action=Revolver&firstResult=36:0
[ 1780692ms] [WARNING] The resource https://assets.basspro.com/image/upload/b_rgb:FFFFFF,c_pad,dpr_1.0,f_auto,h_375,q_auto,w_600/c_pad,h_375,w_600/v1/ProductImages/UsedGuns/usedgun_102039082_main?pgw=1 was preloaded using link preload but not used within a few seconds from the window's load event. Please make sure it has an appropriate `as` value and it is preloaded intentionally. @ https://www.cabelas.com/l/used-centerfire-pistol#sortCriteria=%40offerprice%20ascending&f-action=Revolver&firstResult=36:0
[ 1811182ms] [WARNING] The resource https://assets.basspro.com/image/upload/b_rgb:FFFFFF,c_pad,dpr_1.0,f_auto,h_375,q_auto,w_600/c_pad,h_375,w_600/v1/ProductImages/UsedGuns/usedgun_102043796_main?pgw=1 was preloaded using link preload but not used within a few seconds from the window's load event. Please make sure it has an appropriate `as` value and it is preloaded intentionally. @ https://www.cabelas.com/l/used-centerfire-pistol#sortCriteria=%40offerprice%20ascending&f-action=Revolver&firstResult=36:0
[ 1811182ms] [WARNING] The resource https://assets.basspro.com/image/upload/b_rgb:FFFFFF,c_pad,dpr_1.0,f_auto,h_375,q_auto,w_600/c_pad,h_375,w_600/v1/ProductImages/UsedGuns/usedgun_102021463_main?pgw=1 was preloaded using link preload but not used within a few seconds from the window's load event. Please make sure it has an appropriate `as` value and it is preloaded intentionally. @ https://www.cabelas.com/l/used-centerfire-pistol#sortCriteria=%40offerprice%20ascending&f-action=Revolver&firstResult=36:0
[ 1811182ms] [WARNING] The resource https://assets.basspro.com/image/upload/b_rgb:FFFFFF,c_pad,dpr_1.0,f_auto,h_375,q_auto,w_600/c_pad,h_375,w_600/v1/ProductImages/UsedGuns/usedgun_102044626_main?pgw=1 was preloaded using link preload but not used within a few seconds from the window's load event. Please make sure it has an appropriate `as` value and it is preloaded intentionally. @ https://www.cabelas.com/l/used-centerfire-pistol#sortCriteria=%40offerprice%20ascending&f-action=Revolver&firstResult=36:0
[ 1811182ms] [WARNING] The resource https://assets.basspro.com/image/upload/b_rgb:FFFFFF,c_pad,dpr_1.0,f_auto,h_375,q_auto,w_600/c_pad,h_375,w_600/v1/ProductImages/UsedGuns/usedgun_102039082_main?pgw=1 was preloaded using link preload but not used within a few seconds from the window's load event. Please make sure it has an appropriate `as` value and it is preloaded intentionally. @ https://www.cabelas.com/l/used-centerfire-pistol#sortCriteria=%40offerprice%20ascending&f-action=Revolver&firstResult=36:0
[ 1839665ms] [WARNING] The resource https://assets.basspro.com/image/upload/b_rgb:FFFFFF,c_pad,dpr_1.0,f_auto,h_375,q_auto,w_600/c_pad,h_375,w_600/v1/ProductImages/UsedGuns/usedgun_102043796_main?pgw=1 was preloaded using link preload but not used within a few seconds from the window's load event. Please make sure it has an appropriate `as` value and it is preloaded intentionally. @ https://www.cabelas.com/l/used-centerfire-pistol#sortCriteria=%40offerprice%20ascending&f-action=Revolver&firstResult=36:0
[ 1839665ms] [WARNING] The resource https://assets.basspro.com/image/upload/b_rgb:FFFFFF,c_pad,dpr_1.0,f_auto,h_375,q_auto,w_600/c_pad,h_375,w_600/v1/ProductImages/UsedGuns/usedgun_102021463_main?pgw=1 was preloaded using link preload but not used within a few seconds from the window's load event. Please make sure it has an appropriate `as` value and it is preloaded intentionally. @ https://www.cabelas.com/l/used-centerfire-pistol#sortCriteria=%40offerprice%20ascending&f-action=Revolver&firstResult=36:0
[ 1839665ms] [WARNING] The resource https://assets.basspro.com/image/upload/b_rgb:FFFFFF,c_pad,dpr_1.0,f_auto,h_375,q_auto,w_600/c_pad,h_375,w_600/v1/ProductImages/UsedGuns/usedgun_102044626_main?pgw=1 was preloaded using link preload but not used within a few seconds from the window's load event. Please make sure it has an appropriate `as` value and it is preloaded intentionally. @ https://www.cabelas.com/l/used-centerfire-pistol#sortCriteria=%40offerprice%20ascending&f-action=Revolver&firstResult=36:0
[ 1839665ms] [WARNING] The resource https://assets.basspro.com/image/upload/b_rgb:FFFFFF,c_pad,dpr_1.0,f_auto,h_375,q_auto,w_600/c_pad,h_375,w_600/v1/ProductImages/UsedGuns/usedgun_102039082_main?pgw=1 was preloaded using link preload but not used within a few seconds from the window's load event. Please make sure it has an appropriate `as` value and it is preloaded intentionally. @ https://www.cabelas.com/l/used-centerfire-pistol#sortCriteria=%40offerprice%20ascending&f-action=Revolver&firstResult=36:0
[ 1851206ms] [WARNING] The resource https://assets.basspro.com/image/upload/b_rgb:FFFFFF,c_pad,dpr_1.0,f_auto,h_375,q_auto,w_600/c_pad,h_375,w_600/v1/ProductImages/UsedGuns/usedgun_102043796_main?pgw=1 was preloaded using link preload but not used within a few seconds from the window's load event. Please make sure it has an appropriate `as` value and it is preloaded intentionally. @ https://www.cabelas.com/l/used-centerfire-pistol#sortCriteria=%40offerprice%20ascending&f-action=Revolver&firstResult=36:0
[ 1851206ms] [WARNING] The resource https://assets.basspro.com/image/upload/b_rgb:FFFFFF,c_pad,dpr_1.0,f_auto,h_375,q_auto,w_600/c_pad,h_375,w_600/v1/ProductImages/UsedGuns/usedgun_102021463_main?pgw=1 was preloaded using link preload but not used within a few seconds from the window's load event. Please make sure it has an appropriate `as` value and it is preloaded intentionally. @ https://www.cabelas.com/l/used-centerfire-pistol#sortCriteria=%40offerprice%20ascending&f-action=Revolver&firstResult=36:0
[ 1851206ms] [WARNING] The resource https://assets.basspro.com/image/upload/b_rgb:FFFFFF,c_pad,dpr_1.0,f_auto,h_375,q_auto,w_600/c_pad,h_375,w_600/v1/ProductImages/UsedGuns/usedgun_102044626_main?pgw=1 was preloaded using link preload but not used within a few seconds from the window's load event. Please make sure it has an appropriate `as` value and it is preloaded intentionally. @ https://www.cabelas.com/l/used-centerfire-pistol#sortCriteria=%40offerprice%20ascending&f-action=Revolver&firstResult=36:0
[ 1851206ms] [WARNING] The resource https://assets.basspro.com/image/upload/b_rgb:FFFFFF,c_pad,dpr_1.0,f_auto,h_375,q_auto,w_600/c_pad,h_375,w_600/v1/ProductImages/UsedGuns/usedgun_102039082_main?pgw=1 was preloaded using link preload but not used within a few seconds from the window's load event. Please make sure it has an appropriate `as` value and it is preloaded intentionally. @ https://www.cabelas.com/l/used-centerfire-pistol#sortCriteria=%40offerprice%20ascending&f-action=Revolver&firstResult=36:0
[ 1870611ms] [WARNING] The resource https://assets.basspro.com/image/upload/b_rgb:FFFFFF,c_pad,dpr_1.0,f_auto,h_375,q_auto,w_600/c_pad,h_375,w_600/v1/ProductImages/UsedGuns/usedgun_102043796_main?pgw=1 was preloaded using link preload but not used within a few seconds from the window's load event. Please make sure it has an appropriate `as` value and it is preloaded intentionally. @ https://www.cabelas.com/l/used-centerfire-pistol#sortCriteria=%40offerprice%20ascending&f-action=Revolver&firstResult=36:0
[ 1870611ms] [WARNING] The resource https://assets.basspro.com/image/upload/b_rgb:FFFFFF,c_pad,dpr_1.0,f_auto,h_375,q_auto,w_600/c_pad,h_375,w_600/v1/ProductImages/UsedGuns/usedgun_102021463_main?pgw=1 was preloaded using link preload but not used within a few seconds from the window's load event. Please make sure it has an appropriate `as` value and it is preloaded intentionally. @ https://www.cabelas.com/l/used-centerfire-pistol#sortCriteria=%40offerprice%20ascending&f-action=Revolver&firstResult=36:0
[ 1870611ms] [WARNING] The resource https://assets.basspro.com/image/upload/b_rgb:FFFFFF,c_pad,dpr_1.0,f_auto,h_375,q_auto,w_600/c_pad,h_375,w_600/v1/ProductImages/UsedGuns/usedgun_102044626_main?pgw=1 was preloaded using link preload but not used within a few seconds from the window's load event. Please make sure it has an appropriate `as` value and it is preloaded intentionally. @ https://www.cabelas.com/l/used-centerfire-pistol#sortCriteria=%40offerprice%20ascending&f-action=Revolver&firstResult=36:0
[ 1870611ms] [WARNING] The resource https://assets.basspro.com/image/upload/b_rgb:FFFFFF,c_pad,dpr_1.0,f_auto,h_375,q_auto,w_600/c_pad,h_375,w_600/v1/ProductImages/UsedGuns/usedgun_102039082_main?pgw=1 was preloaded using link preload but not used within a few seconds from the window's load event. Please make sure it has an appropriate `as` value and it is preloaded intentionally. @ https://www.cabelas.com/l/used-centerfire-pistol#sortCriteria=%40offerprice%20ascending&f-action=Revolver&firstResult=36:0
[ 1882582ms] [WARNING] The resource https://assets.basspro.com/image/upload/b_rgb:FFFFFF,c_pad,dpr_1.0,f_auto,h_375,q_auto,w_600/c_pad,h_375,w_600/v1/ProductImages/UsedGuns/usedgun_102043796_main?pgw=1 was preloaded using link preload but not used within a few seconds from the window's load event. Please make sure it has an appropriate `as` value and it is preloaded intentionally. @ https://www.cabelas.com/l/used-centerfire-pistol#sortCriteria=%40offerprice%20ascending&f-action=Revolver&firstResult=36:0
[ 1882582ms] [WARNING] The resource https://assets.basspro.com/image/upload/b_rgb:FFFFFF,c_pad,dpr_1.0,f_auto,h_375,q_auto,w_600/c_pad,h_375,w_600/v1/ProductImages/UsedGuns/usedgun_102021463_main?pgw=1 was preloaded using link preload but not used within a few seconds from the window's load event. Please make sure it has an appropriate `as` value and it is preloaded intentionally. @ https://www.cabelas.com/l/used-centerfire-pistol#sortCriteria=%40offerprice%20ascending&f-action=Revolver&firstResult=36:0
[ 1882582ms] [WARNING] The resource https://assets.basspro.com/image/upload/b_rgb:FFFFFF,c_pad,dpr_1.0,f_auto,h_375,q_auto,w_600/c_pad,h_375,w_600/v1/ProductImages/UsedGuns/usedgun_102044626_main?pgw=1 was preloaded using link preload but not used within a few seconds from the window's load event. Please make sure it has an appropriate `as` value and it is preloaded intentionally. @ https://www.cabelas.com/l/used-centerfire-pistol#sortCriteria=%40offerprice%20ascending&f-action=Revolver&firstResult=36:0
[ 1882582ms] [WARNING] The resource https://assets.basspro.com/image/upload/b_rgb:FFFFFF,c_pad,dpr_1.0,f_auto,h_375,q_auto,w_600/c_pad,h_375,w_600/v1/ProductImages/UsedGuns/usedgun_102039082_main?pgw=1 was preloaded using link preload but not used within a few seconds from the window's load event. Please make sure it has an appropriate `as` value and it is preloaded intentionally. @ https://www.cabelas.com/l/used-centerfire-pistol#sortCriteria=%40offerprice%20ascending&f-action=Revolver&firstResult=36:0
[ 1898882ms] [WARNING] The resource https://assets.basspro.com/image/upload/b_rgb:FFFFFF,c_pad,dpr_1.0,f_auto,h_375,q_auto,w_600/c_pad,h_375,w_600/v1/ProductImages/UsedGuns/usedgun_102043796_main?pgw=1 was preloaded using link preload but not used within a few seconds from the window's load event. Please make sure it has an appropriate `as` value and it is preloaded intentionally. @ https://www.cabelas.com/l/used-centerfire-pistol#sortCriteria=%40offerprice%20ascending&f-action=Revolver&firstResult=36:0
[ 1898882ms] [WARNING] The resource https://assets.basspro.com/image/upload/b_rgb:FFFFFF,c_pad,dpr_1.0,f_auto,h_375,q_auto,w_600/c_pad,h_375,w_600/v1/ProductImages/UsedGuns/usedgun_102021463_main?pgw=1 was preloaded using link preload but not used within a few seconds from the window's load event. Please make sure it has an appropriate `as` value and it is preloaded intentionally. @ https://www.cabelas.com/l/used-centerfire-pistol#sortCriteria=%40offerprice%20ascending&f-action=Revolver&firstResult=36:0
[ 1898882ms] [WARNING] The resource https://assets.basspro.com/image/upload/b_rgb:FFFFFF,c_pad,dpr_1.0,f_auto,h_375,q_auto,w_600/c_pad,h_375,w_600/v1/ProductImages/UsedGuns/usedgun_102044626_main?pgw=1 was preloaded using link preload but not used within a few seconds from the window's load event. Please make sure it has an appropriate `as` value and it is preloaded intentionally. @ https://www.cabelas.com/l/used-centerfire-pistol#sortCriteria=%40offerprice%20ascending&f-action=Revolver&firstResult=36:0
[ 1898883ms] [WARNING] The resource https://assets.basspro.com/image/upload/b_rgb:FFFFFF,c_pad,dpr_1.0,f_auto,h_375,q_auto,w_600/c_pad,h_375,w_600/v1/ProductImages/UsedGuns/usedgun_102039082_main?pgw=1 was preloaded using link preload but not used within a few seconds from the window's load event. Please make sure it has an appropriate `as` value and it is preloaded intentionally. @ https://www.cabelas.com/l/used-centerfire-pistol#sortCriteria=%40offerprice%20ascending&f-action=Revolver&firstResult=36:0
[ 1905143ms] [WARNING] The resource https://assets.basspro.com/image/upload/b_rgb:FFFFFF,c_pad,dpr_1.0,f_auto,h_375,q_auto,w_600/c_pad,h_375,w_600/v1/ProductImages/UsedGuns/usedgun_102043796_main?pgw=1 was preloaded using link preload but not used within a few seconds from the window's load event. Please make sure it has an appropriate `as` value and it is preloaded intentionally. @ https://www.cabelas.com/l/used-centerfire-pistol#sortCriteria=%40offerprice%20ascending&f-action=Revolver&firstResult=36:0
[ 1905143ms] [WARNING] The resource https://assets.basspro.com/image/upload/b_rgb:FFFFFF,c_pad,dpr_1.0,f_auto,h_375,q_auto,w_600/c_pad,h_375,w_600/v1/ProductImages/UsedGuns/usedgun_102021463_main?pgw=1 was preloaded using link preload but not used within a few seconds from the window's load event. Please make sure it has an appropriate `as` value and it is preloaded intentionally. @ https://www.cabelas.com/l/used-centerfire-pistol#sortCriteria=%40offerprice%20ascending&f-action=Revolver&firstResult=36:0
[ 1905143ms] [WARNING] The resource https://assets.basspro.com/image/upload/b_rgb:FFFFFF,c_pad,dpr_1.0,f_auto,h_375,q_auto,w_600/c_pad,h_375,w_600/v1/ProductImages/UsedGuns/usedgun_102044626_main?pgw=1 was preloaded using link preload but not used within a few seconds from the window's load event. Please make sure it has an appropriate `as` value and it is preloaded intentionally. @ https://www.cabelas.com/l/used-centerfire-pistol#sortCriteria=%40offerprice%20ascending&f-action=Revolver&firstResult=36:0
[ 1905143ms] [WARNING] The resource https://assets.basspro.com/image/upload/b_rgb:FFFFFF,c_pad,dpr_1.0,f_auto,h_375,q_auto,w_600/c_pad,h_375,w_600/v1/ProductImages/UsedGuns/usedgun_102039082_main?pgw=1 was preloaded using link preload but not used within a few seconds from the window's load event. Please make sure it has an appropriate `as` value and it is preloaded intentionally. @ https://www.cabelas.com/l/used-centerfire-pistol#sortCriteria=%40offerprice%20ascending&f-action=Revolver&firstResult=36:0
[ 1930252ms] [WARNING] The resource https://assets.basspro.com/image/upload/b_rgb:FFFFFF,c_pad,dpr_1.0,f_auto,h_375,q_auto,w_600/c_pad,h_375,w_600/v1/ProductImages/UsedGuns/usedgun_102043796_main?pgw=1 was preloaded using link preload but not used within a few seconds from the window's load event. Please make sure it has an appropriate `as` value and it is preloaded intentionally. @ https://www.cabelas.com/l/used-centerfire-pistol#sortCriteria=%40offerprice%20ascending&f-action=Revolver&firstResult=36:0
[ 1930252ms] [WARNING] The resource https://assets.basspro.com/image/upload/b_rgb:FFFFFF,c_pad,dpr_1.0,f_auto,h_375,q_auto,w_600/c_pad,h_375,w_600/v1/ProductImages/UsedGuns/usedgun_102021463_main?pgw=1 was preloaded using link preload but not used within a few seconds from the window's load event. Please make sure it has an appropriate `as` value and it is preloaded intentionally. @ https://www.cabelas.com/l/used-centerfire-pistol#sortCriteria=%40offerprice%20ascending&f-action=Revolver&firstResult=36:0
[ 1930252ms] [WARNING] The resource https://assets.basspro.com/image/upload/b_rgb:FFFFFF,c_pad,dpr_1.0,f_auto,h_375,q_auto,w_600/c_pad,h_375,w_600/v1/ProductImages/UsedGuns/usedgun_102044626_main?pgw=1 was preloaded using link preload but not used within a few seconds from the window's load event. Please make sure it has an appropriate `as` value and it is preloaded intentionally. @ https://www.cabelas.com/l/used-centerfire-pistol#sortCriteria=%40offerprice%20ascending&f-action=Revolver&firstResult=36:0
[ 1930252ms] [WARNING] The resource https://assets.basspro.com/image/upload/b_rgb:FFFFFF,c_pad,dpr_1.0,f_auto,h_375,q_auto,w_600/c_pad,h_375,w_600/v1/ProductImages/UsedGuns/usedgun_102039082_main?pgw=1 was preloaded using link preload but not used within a few seconds from the window's load event. Please make sure it has an appropriate `as` value and it is preloaded intentionally. @ https://www.cabelas.com/l/used-centerfire-pistol#sortCriteria=%40offerprice%20ascending&f-action=Revolver&firstResult=36:0
[ 1958123ms] [WARNING] The resource https://assets.basspro.com/image/upload/b_rgb:FFFFFF,c_pad,dpr_1.0,f_auto,h_375,q_auto,w_600/c_pad,h_375,w_600/v1/ProductImages/UsedGuns/usedgun_102043796_main?pgw=1 was preloaded using link preload but not used within a few seconds from the window's load event. Please make sure it has an appropriate `as` value and it is preloaded intentionally. @ https://www.cabelas.com/l/used-centerfire-pistol#sortCriteria=%40offerprice%20ascending&f-action=Revolver&firstResult=36:0
[ 1958123ms] [WARNING] The resource https://assets.basspro.com/image/upload/b_rgb:FFFFFF,c_pad,dpr_1.0,f_auto,h_375,q_auto,w_600/c_pad,h_375,w_600/v1/ProductImages/UsedGuns/usedgun_102021463_main?pgw=1 was preloaded using link preload but not used within a few seconds from the window's load event. Please make sure it has an appropriate `as` value and it is preloaded intentionally. @ https://www.cabelas.com/l/used-centerfire-pistol#sortCriteria=%40offerprice%20ascending&f-action=Revolver&firstResult=36:0
[ 1958123ms] [WARNING] The resource https://assets.basspro.com/image/upload/b_rgb:FFFFFF,c_pad,dpr_1.0,f_auto,h_375,q_auto,w_600/c_pad,h_375,w_600/v1/ProductImages/UsedGuns/usedgun_102044626_main?pgw=1 was preloaded using link preload but not used within a few seconds from the window's load event. Please make sure it has an appropriate `as` value and it is preloaded intentionally. @ https://www.cabelas.com/l/used-centerfire-pistol#sortCriteria=%40offerprice%20ascending&f-action=Revolver&firstResult=36:0
[ 1958123ms] [WARNING] The resource https://assets.basspro.com/image/upload/b_rgb:FFFFFF,c_pad,dpr_1.0,f_auto,h_375,q_auto,w_600/c_pad,h_375,w_600/v1/ProductImages/UsedGuns/usedgun_102039082_main?pgw=1 was preloaded using link preload but not used within a few seconds from the window's load event. Please make sure it has an appropriate `as` value and it is preloaded intentionally. @ https://www.cabelas.com/l/used-centerfire-pistol#sortCriteria=%40offerprice%20ascending&f-action=Revolver&firstResult=36:0
[ 1989669ms] [WARNING] The resource https://assets.basspro.com/image/upload/b_rgb:FFFFFF,c_pad,dpr_1.0,f_auto,h_375,q_auto,w_600/c_pad,h_375,w_600/v1/ProductImages/UsedGuns/usedgun_102043796_main?pgw=1 was preloaded using link preload but not used within a few seconds from the window's load event. Please make sure it has an appropriate `as` value and it is preloaded intentionally. @ https://www.cabelas.com/l/used-centerfire-pistol#sortCriteria=%40offerprice%20ascending&f-action=Revolver&firstResult=36:0
[ 1989669ms] [WARNING] The resource https://assets.basspro.com/image/upload/b_rgb:FFFFFF,c_pad,dpr_1.0,f_auto,h_375,q_auto,w_600/c_pad,h_375,w_600/v1/ProductImages/UsedGuns/usedgun_102021463_main?pgw=1 was preloaded using link preload but not used within a few seconds from the window's load event. Please make sure it has an appropriate `as` value and it is preloaded intentionally. @ https://www.cabelas.com/l/used-centerfire-pistol#sortCriteria=%40offerprice%20ascending&f-action=Revolver&firstResult=36:0
[ 1989669ms] [WARNING] The resource https://assets.basspro.com/image/upload/b_rgb:FFFFFF,c_pad,dpr_1.0,f_auto,h_375,q_auto,w_600/c_pad,h_375,w_600/v1/ProductImages/UsedGuns/usedgun_102044626_main?pgw=1 was preloaded using link preload but not used within a few seconds from the window's load event. Please make sure it has an appropriate `as` value and it is preloaded intentionally. @ https://www.cabelas.com/l/used-centerfire-pistol#sortCriteria=%40offerprice%20ascending&f-action=Revolver&firstResult=36:0
[ 1989669ms] [WARNING] The resource https://assets.basspro.com/image/upload/b_rgb:FFFFFF,c_pad,dpr_1.0,f_auto,h_375,q_auto,w_600/c_pad,h_375,w_600/v1/ProductImages/UsedGuns/usedgun_102039082_main?pgw=1 was preloaded using link preload but not used within a few seconds from the window's load event. Please make sure it has an appropriate `as` value and it is preloaded intentionally. @ https://www.cabelas.com/l/used-centerfire-pistol#sortCriteria=%40offerprice%20ascending&f-action=Revolver&firstResult=36:0
[ 1999841ms] [WARNING] The resource https://assets.basspro.com/image/upload/b_rgb:FFFFFF,c_pad,dpr_1.0,f_auto,h_375,q_auto,w_600/c_pad,h_375,w_600/v1/ProductImages/UsedGuns/usedgun_102043796_main?pgw=1 was preloaded using link preload but not used within a few seconds from the window's load event. Please make sure it has an appropriate `as` value and it is preloaded intentionally. @ https://www.cabelas.com/l/used-centerfire-pistol#sortCriteria=%40offerprice%20ascending&f-action=Revolver&firstResult=36:0
[ 1999841ms] [WARNING] The resource https://assets.basspro.com/image/upload/b_rgb:FFFFFF,c_pad,dpr_1.0,f_auto,h_375,q_auto,w_600/c_pad,h_375,w_600/v1/ProductImages/UsedGuns/usedgun_102021463_main?pgw=1 was preloaded using link preload but not used within a few seconds from the window's load event. Please make sure it has an appropriate `as` value and it is preloaded intentionally. @ https://www.cabelas.com/l/used-centerfire-pistol#sortCriteria=%40offerprice%20ascending&f-action=Revolver&firstResult=36:0
[ 1999841ms] [WARNING] The resource https://assets.basspro.com/image/upload/b_rgb:FFFFFF,c_pad,dpr_1.0,f_auto,h_375,q_auto,w_600/c_pad,h_375,w_600/v1/ProductImages/UsedGuns/usedgun_102044626_main?pgw=1 was preloaded using link preload but not used within a few seconds from the window's load event. Please make sure it has an appropriate `as` value and it is preloaded intentionally. @ https://www.cabelas.com/l/used-centerfire-pistol#sortCriteria=%40offerprice%20ascending&f-action=Revolver&firstResult=36:0
[ 1999842ms] [WARNING] The resource https://assets.basspro.com/image/upload/b_rgb:FFFFFF,c_pad,dpr_1.0,f_auto,h_375,q_auto,w_600/c_pad,h_375,w_600/v1/ProductImages/UsedGuns/usedgun_102039082_main?pgw=1 was preloaded using link preload but not used within a few seconds from the window's load event. Please make sure it has an appropriate `as` value and it is preloaded intentionally. @ https://www.cabelas.com/l/used-centerfire-pistol#sortCriteria=%40offerprice%20ascending&f-action=Revolver&firstResult=36:0
[ 2017661ms] [WARNING] The resource https://assets.basspro.com/image/upload/b_rgb:FFFFFF,c_pad,dpr_1.0,f_auto,h_375,q_auto,w_600/c_pad,h_375,w_600/v1/ProductImages/UsedGuns/usedgun_102043796_main?pgw=1 was preloaded using link preload but not used within a few seconds from the window's load event. Please make sure it has an appropriate `as` value and it is preloaded intentionally. @ https://www.cabelas.com/l/used-centerfire-pistol#sortCriteria=%40offerprice%20ascending&f-action=Revolver&firstResult=36:0
[ 2017662ms] [WARNING] The resource https://assets.basspro.com/image/upload/b_rgb:FFFFFF,c_pad,dpr_1.0,f_auto,h_375,q_auto,w_600/c_pad,h_375,w_600/v1/ProductImages/UsedGuns/usedgun_102021463_main?pgw=1 was preloaded using link preload but not used within a few seconds from the window's load event. Please make sure it has an appropriate `as` value and it is preloaded intentionally. @ https://www.cabelas.com/l/used-centerfire-pistol#sortCriteria=%40offerprice%20ascending&f-action=Revolver&firstResult=36:0
[ 2017662ms] [WARNING] The resource https://assets.basspro.com/image/upload/b_rgb:FFFFFF,c_pad,dpr_1.0,f_auto,h_375,q_auto,w_600/c_pad,h_375,w_600/v1/ProductImages/UsedGuns/usedgun_102044626_main?pgw=1 was preloaded using link preload but not used within a few seconds from the window's load event. Please make sure it has an appropriate `as` value and it is preloaded intentionally. @ https://www.cabelas.com/l/used-centerfire-pistol#sortCriteria=%40offerprice%20ascending&f-action=Revolver&firstResult=36:0
[ 2017662ms] [WARNING] The resource https://assets.basspro.com/image/upload/b_rgb:FFFFFF,c_pad,dpr_1.0,f_auto,h_375,q_auto,w_600/c_pad,h_375,w_600/v1/ProductImages/UsedGuns/usedgun_102039082_main?pgw=1 was preloaded using link preload but not used within a few seconds from the window's load event. Please make sure it has an appropriate `as` value and it is preloaded intentionally. @ https://www.cabelas.com/l/used-centerfire-pistol#sortCriteria=%40offerprice%20ascending&f-action=Revolver&firstResult=36:0
[ 2049250ms] [WARNING] The resource https://assets.basspro.com/image/upload/b_rgb:FFFFFF,c_pad,dpr_1.0,f_auto,h_375,q_auto,w_600/c_pad,h_375,w_600/v1/ProductImages/UsedGuns/usedgun_102043796_main?pgw=1 was preloaded using link preload but not used within a few seconds from the window's load event. Please make sure it has an appropriate `as` value and it is preloaded intentionally. @ https://www.cabelas.com/l/used-centerfire-pistol#sortCriteria=%40offerprice%20ascending&f-action=Revolver&firstResult=36:0
[ 2049251ms] [WARNING] The resource https://assets.basspro.com/image/upload/b_rgb:FFFFFF,c_pad,dpr_1.0,f_auto,h_375,q_auto,w_600/c_pad,h_375,w_600/v1/ProductImages/UsedGuns/usedgun_102021463_main?pgw=1 was preloaded using link preload but not used within a few seconds from the window's load event. Please make sure it has an appropriate `as` value and it is preloaded intentionally. @ https://www.cabelas.com/l/used-centerfire-pistol#sortCriteria=%40offerprice%20ascending&f-action=Revolver&firstResult=36:0
[ 2049251ms] [WARNING] The resource https://assets.basspro.com/image/upload/b_rgb:FFFFFF,c_pad,dpr_1.0,f_auto,h_375,q_auto,w_600/c_pad,h_375,w_600/v1/ProductImages/UsedGuns/usedgun_102044626_main?pgw=1 was preloaded using link preload but not used within a few seconds from the window's load event. Please make sure it has an appropriate `as` value and it is preloaded intentionally. @ https://www.cabelas.com/l/used-centerfire-pistol#sortCriteria=%40offerprice%20ascending&f-action=Revolver&firstResult=36:0
[ 2049251ms] [WARNING] The resource https://assets.basspro.com/image/upload/b_rgb:FFFFFF,c_pad,dpr_1.0,f_auto,h_375,q_auto,w_600/c_pad,h_375,w_600/v1/ProductImages/UsedGuns/usedgun_102039082_main?pgw=1 was preloaded using link preload but not used within a few seconds from the window's load event. Please make sure it has an appropriate `as` value and it is preloaded intentionally. @ https://www.cabelas.com/l/used-centerfire-pistol#sortCriteria=%40offerprice%20ascending&f-action=Revolver&firstResult=36:0
[ 2077154ms] [WARNING] The resource https://assets.basspro.com/image/upload/b_rgb:FFFFFF,c_pad,dpr_1.0,f_auto,h_375,q_auto,w_600/c_pad,h_375,w_600/v1/ProductImages/UsedGuns/usedgun_102043796_main?pgw=1 was preloaded using link preload but not used within a few seconds from the window's load event. Please make sure it has an appropriate `as` value and it is preloaded intentionally. @ https://www.cabelas.com/l/used-centerfire-pistol#sortCriteria=%40offerprice%20ascending&f-action=Revolver&firstResult=36:0
[ 2077154ms] [WARNING] The resource https://assets.basspro.com/image/upload/b_rgb:FFFFFF,c_pad,dpr_1.0,f_auto,h_375,q_auto,w_600/c_pad,h_375,w_600/v1/ProductImages/UsedGuns/usedgun_102021463_main?pgw=1 was preloaded using link preload but not used within a few seconds from the window's load event. Please make sure it has an appropriate `as` value and it is preloaded intentionally. @ https://www.cabelas.com/l/used-centerfire-pistol#sortCriteria=%40offerprice%20ascending&f-action=Revolver&firstResult=36:0
[ 2077154ms] [WARNING] The resource https://assets.basspro.com/image/upload/b_rgb:FFFFFF,c_pad,dpr_1.0,f_auto,h_375,q_auto,w_600/c_pad,h_375,w_600/v1/ProductImages/UsedGuns/usedgun_102044626_main?pgw=1 was preloaded using link preload but not used within a few seconds from the window's load event. Please make sure it has an appropriate `as` value and it is preloaded intentionally. @ https://www.cabelas.com/l/used-centerfire-pistol#sortCriteria=%40offerprice%20ascending&f-action=Revolver&firstResult=36:0
[ 2077154ms] [WARNING] The resource https://assets.basspro.com/image/upload/b_rgb:FFFFFF,c_pad,dpr_1.0,f_auto,h_375,q_auto,w_600/c_pad,h_375,w_600/v1/ProductImages/UsedGuns/usedgun_102039082_main?pgw=1 was preloaded using link preload but not used within a few seconds from the window's load event. Please make sure it has an appropriate `as` value and it is preloaded intentionally. @ https://www.cabelas.com/l/used-centerfire-pistol#sortCriteria=%40offerprice%20ascending&f-action=Revolver&firstResult=36:0
[ 2108704ms] [WARNING] The resource https://assets.basspro.com/image/upload/b_rgb:FFFFFF,c_pad,dpr_1.0,f_auto,h_375,q_auto,w_600/c_pad,h_375,w_600/v1/ProductImages/UsedGuns/usedgun_102043796_main?pgw=1 was preloaded using link preload but not used within a few seconds from the window's load event. Please make sure it has an appropriate `as` value and it is preloaded intentionally. @ https://www.cabelas.com/l/used-centerfire-pistol#sortCriteria=%40offerprice%20ascending&f-action=Revolver&firstResult=36:0
[ 2108704ms] [WARNING] The resource https://assets.basspro.com/image/upload/b_rgb:FFFFFF,c_pad,dpr_1.0,f_auto,h_375,q_auto,w_600/c_pad,h_375,w_600/v1/ProductImages/UsedGuns/usedgun_102021463_main?pgw=1 was preloaded using link preload but not used within a few seconds from the window's load event. Please make sure it has an appropriate `as` value and it is preloaded intentionally. @ https://www.cabelas.com/l/used-centerfire-pistol#sortCriteria=%40offerprice%20ascending&f-action=Revolver&firstResult=36:0
[ 2108704ms] [WARNING] The resource https://assets.basspro.com/image/upload/b_rgb:FFFFFF,c_pad,dpr_1.0,f_auto,h_375,q_auto,w_600/c_pad,h_375,w_600/v1/ProductImages/UsedGuns/usedgun_102044626_main?pgw=1 was preloaded using link preload but not used within a few seconds from the window's load event. Please make sure it has an appropriate `as` value and it is preloaded intentionally. @ https://www.cabelas.com/l/used-centerfire-pistol#sortCriteria=%40offerprice%20ascending&f-action=Revolver&firstResult=36:0
[ 2108704ms] [WARNING] The resource https://assets.basspro.com/image/upload/b_rgb:FFFFFF,c_pad,dpr_1.0,f_auto,h_375,q_auto,w_600/c_pad,h_375,w_600/v1/ProductImages/UsedGuns/usedgun_102039082_main?pgw=1 was preloaded using link preload but not used within a few seconds from the window's load event. Please make sure it has an appropriate `as` value and it is preloaded intentionally. @ https://www.cabelas.com/l/used-centerfire-pistol#sortCriteria=%40offerprice%20ascending&f-action=Revolver&firstResult=36:0
[ 2138531ms] [WARNING] The resource https://assets.basspro.com/image/upload/b_rgb:FFFFFF,c_pad,dpr_1.0,f_auto,h_375,q_auto,w_600/c_pad,h_375,w_600/v1/ProductImages/UsedGuns/usedgun_102043796_main?pgw=1 was preloaded using link preload but not used within a few seconds from the window's load event. Please make sure it has an appropriate `as` value and it is preloaded intentionally. @ https://www.cabelas.com/l/used-centerfire-pistol#sortCriteria=%40offerprice%20ascending&f-action=Revolver&firstResult=36:0
[ 2138531ms] [WARNING] The resource https://assets.basspro.com/image/upload/b_rgb:FFFFFF,c_pad,dpr_1.0,f_auto,h_375,q_auto,w_600/c_pad,h_375,w_600/v1/ProductImages/UsedGuns/usedgun_102021463_main?pgw=1 was preloaded using link preload but not used within a few seconds from the window's load event. Please make sure it has an appropriate `as` value and it is preloaded intentionally. @ https://www.cabelas.com/l/used-centerfire-pistol#sortCriteria=%40offerprice%20ascending&f-action=Revolver&firstResult=36:0
[ 2138531ms] [WARNING] The resource https://assets.basspro.com/image/upload/b_rgb:FFFFFF,c_pad,dpr_1.0,f_auto,h_375,q_auto,w_600/c_pad,h_375,w_600/v1/ProductImages/UsedGuns/usedgun_102044626_main?pgw=1 was preloaded using link preload but not used within a few seconds from the window's load event. Please make sure it has an appropriate `as` value and it is preloaded intentionally. @ https://www.cabelas.com/l/used-centerfire-pistol#sortCriteria=%40offerprice%20ascending&f-action=Revolver&firstResult=36:0
[ 2138531ms] [WARNING] The resource https://assets.basspro.com/image/upload/b_rgb:FFFFFF,c_pad,dpr_1.0,f_auto,h_375,q_auto,w_600/c_pad,h_375,w_600/v1/ProductImages/UsedGuns/usedgun_102039082_main?pgw=1 was preloaded using link preload but not used within a few seconds from the window's load event. Please make sure it has an appropriate `as` value and it is preloaded intentionally. @ https://www.cabelas.com/l/used-centerfire-pistol#sortCriteria=%40offerprice%20ascending&f-action=Revolver&firstResult=36:0
[ 2147237ms] [WARNING] The resource https://assets.basspro.com/image/upload/b_rgb:FFFFFF,c_pad,dpr_1.0,f_auto,h_375,q_auto,w_600/c_pad,h_375,w_600/v1/ProductImages/UsedGuns/usedgun_102043796_main?pgw=1 was preloaded using link preload but not used within a few seconds from the window's load event. Please make sure it has an appropriate `as` value and it is preloaded intentionally. @ https://www.cabelas.com/l/used-centerfire-pistol#sortCriteria=%40offerprice%20ascending&f-action=Revolver&firstResult=36:0
[ 2147237ms] [WARNING] The resource https://assets.basspro.com/image/upload/b_rgb:FFFFFF,c_pad,dpr_1.0,f_auto,h_375,q_auto,w_600/c_pad,h_375,w_600/v1/ProductImages/UsedGuns/usedgun_102021463_main?pgw=1 was preloaded using link preload but not used within a few seconds from the window's load event. Please make sure it has an appropriate `as` value and it is preloaded intentionally. @ https://www.cabelas.com/l/used-centerfire-pistol#sortCriteria=%40offerprice%20ascending&f-action=Revolver&firstResult=36:0
[ 2147237ms] [WARNING] The resource https://assets.basspro.com/image/upload/b_rgb:FFFFFF,c_pad,dpr_1.0,f_auto,h_375,q_auto,w_600/c_pad,h_375,w_600/v1/ProductImages/UsedGuns/usedgun_102044626_main?pgw=1 was preloaded using link preload but not used within a few seconds from the window's load event. Please make sure it has an appropriate `as` value and it is preloaded intentionally. @ https://www.cabelas.com/l/used-centerfire-pistol#sortCriteria=%40offerprice%20ascending&f-action=Revolver&firstResult=36:0
[ 2147237ms] [WARNING] The resource https://assets.basspro.com/image/upload/b_rgb:FFFFFF,c_pad,dpr_1.0,f_auto,h_375,q_auto,w_600/c_pad,h_375,w_600/v1/ProductImages/UsedGuns/usedgun_102039082_main?pgw=1 was preloaded using link preload but not used within a few seconds from the window's load event. Please make sure it has an appropriate `as` value and it is preloaded intentionally. @ https://www.cabelas.com/l/used-centerfire-pistol#sortCriteria=%40offerprice%20ascending&f-action=Revolver&firstResult=36:0
[ 2179669ms] [WARNING] The resource https://assets.basspro.com/image/upload/b_rgb:FFFFFF,c_pad,dpr_1.0,f_auto,h_375,q_auto,w_600/c_pad,h_375,w_600/v1/ProductImages/UsedGuns/usedgun_102043796_main?pgw=1 was preloaded using link preload but not used within a few seconds from the window's load event. Please make sure it has an appropriate `as` value and it is preloaded intentionally. @ https://www.cabelas.com/l/used-centerfire-pistol#sortCriteria=%40offerprice%20ascending&f-action=Revolver&firstResult=36:0
[ 2179669ms] [WARNING] The resource https://assets.basspro.com/image/upload/b_rgb:FFFFFF,c_pad,dpr_1.0,f_auto,h_375,q_auto,w_600/c_pad,h_375,w_600/v1/ProductImages/UsedGuns/usedgun_102021463_main?pgw=1 was preloaded using link preload but not used within a few seconds from the window's load event. Please make sure it has an appropriate `as` value and it is preloaded intentionally. @ https://www.cabelas.com/l/used-centerfire-pistol#sortCriteria=%40offerprice%20ascending&f-action=Revolver&firstResult=36:0
[ 2179669ms] [WARNING] The resource https://assets.basspro.com/image/upload/b_rgb:FFFFFF,c_pad,dpr_1.0,f_auto,h_375,q_auto,w_600/c_pad,h_375,w_600/v1/ProductImages/UsedGuns/usedgun_102044626_main?pgw=1 was preloaded using link preload but not used within a few seconds from the window's load event. Please make sure it has an appropriate `as` value and it is preloaded intentionally. @ https://www.cabelas.com/l/used-centerfire-pistol#sortCriteria=%40offerprice%20ascending&f-action=Revolver&firstResult=36:0
[ 2179669ms] [WARNING] The resource https://assets.basspro.com/image/upload/b_rgb:FFFFFF,c_pad,dpr_1.0,f_auto,h_375,q_auto,w_600/c_pad,h_375,w_600/v1/ProductImages/UsedGuns/usedgun_102039082_main?pgw=1 was preloaded using link preload but not used within a few seconds from the window's load event. Please make sure it has an appropriate `as` value and it is preloaded intentionally. @ https://www.cabelas.com/l/used-centerfire-pistol#sortCriteria=%40offerprice%20ascending&f-action=Revolver&firstResult=36:0
[ 2199682ms] [WARNING] The resource https://assets.basspro.com/image/upload/b_rgb:FFFFFF,c_pad,dpr_1.0,f_auto,h_375,q_auto,w_600/c_pad,h_375,w_600/v1/ProductImages/UsedGuns/usedgun_102043796_main?pgw=1 was preloaded using link preload but not used within a few seconds from the window's load event. Please make sure it has an appropriate `as` value and it is preloaded intentionally. @ https://www.cabelas.com/l/used-centerfire-pistol#sortCriteria=%40offerprice%20ascending&f-action=Revolver&firstResult=36:0
[ 2199683ms] [WARNING] The resource https://assets.basspro.com/image/upload/b_rgb:FFFFFF,c_pad,dpr_1.0,f_auto,h_375,q_auto,w_600/c_pad,h_375,w_600/v1/ProductImages/UsedGuns/usedgun_102021463_main?pgw=1 was preloaded using link preload but not used within a few seconds from the window's load event. Please make sure it has an appropriate `as` value and it is preloaded intentionally. @ https://www.cabelas.com/l/used-centerfire-pistol#sortCriteria=%40offerprice%20ascending&f-action=Revolver&firstResult=36:0
[ 2199683ms] [WARNING] The resource https://assets.basspro.com/image/upload/b_rgb:FFFFFF,c_pad,dpr_1.0,f_auto,h_375,q_auto,w_600/c_pad,h_375,w_600/v1/ProductImages/UsedGuns/usedgun_102044626_main?pgw=1 was preloaded using link preload but not used within a few seconds from the window's load event. Please make sure it has an appropriate `as` value and it is preloaded intentionally. @ https://www.cabelas.com/l/used-centerfire-pistol#sortCriteria=%40offerprice%20ascending&f-action=Revolver&firstResult=36:0
[ 2199683ms] [WARNING] The resource https://assets.basspro.com/image/upload/b_rgb:FFFFFF,c_pad,dpr_1.0,f_auto,h_375,q_auto,w_600/c_pad,h_375,w_600/v1/ProductImages/UsedGuns/usedgun_102039082_main?pgw=1 was preloaded using link preload but not used within a few seconds from the window's load event. Please make sure it has an appropriate `as` value and it is preloaded intentionally. @ https://www.cabelas.com/l/used-centerfire-pistol#sortCriteria=%40offerprice%20ascending&f-action=Revolver&firstResult=36:0
[ 2220979ms] [WARNING] The resource https://assets.basspro.com/image/upload/b_rgb:FFFFFF,c_pad,dpr_1.0,f_auto,h_375,q_auto,w_600/c_pad,h_375,w_600/v1/ProductImages/UsedGuns/usedgun_102043796_main?pgw=1 was preloaded using link preload but not used within a few seconds from the window's load event. Please make sure it has an appropriate `as` value and it is preloaded intentionally. @ https://www.cabelas.com/l/used-centerfire-pistol#sortCriteria=%40offerprice%20ascending&f-action=Revolver&firstResult=36:0
[ 2220979ms] [WARNING] The resource https://assets.basspro.com/image/upload/b_rgb:FFFFFF,c_pad,dpr_1.0,f_auto,h_375,q_auto,w_600/c_pad,h_375,w_600/v1/ProductImages/UsedGuns/usedgun_102021463_main?pgw=1 was preloaded using link preload but not used within a few seconds from the window's load event. Please make sure it has an appropriate `as` value and it is preloaded intentionally. @ https://www.cabelas.com/l/used-centerfire-pistol#sortCriteria=%40offerprice%20ascending&f-action=Revolver&firstResult=36:0
[ 2220979ms] [WARNING] The resource https://assets.basspro.com/image/upload/b_rgb:FFFFFF,c_pad,dpr_1.0,f_auto,h_375,q_auto,w_600/c_pad,h_375,w_600/v1/ProductImages/UsedGuns/usedgun_102044626_main?pgw=1 was preloaded using link preload but not used within a few seconds from the window's load event. Please make sure it has an appropriate `as` value and it is preloaded intentionally. @ https://www.cabelas.com/l/used-centerfire-pistol#sortCriteria=%40offerprice%20ascending&f-action=Revolver&firstResult=36:0
[ 2220979ms] [WARNING] The resource https://assets.basspro.com/image/upload/b_rgb:FFFFFF,c_pad,dpr_1.0,f_auto,h_375,q_auto,w_600/c_pad,h_375,w_600/v1/ProductImages/UsedGuns/usedgun_102039082_main?pgw=1 was preloaded using link preload but not used within a few seconds from the window's load event. Please make sure it has an appropriate `as` value and it is preloaded intentionally. @ https://www.cabelas.com/l/used-centerfire-pistol#sortCriteria=%40offerprice%20ascending&f-action=Revolver&firstResult=36:0
[ 2231238ms] [WARNING] The resource https://assets.basspro.com/image/upload/b_rgb:FFFFFF,c_pad,dpr_1.0,f_auto,h_375,q_auto,w_600/c_pad,h_375,w_600/v1/ProductImages/UsedGuns/usedgun_102043796_main?pgw=1 was preloaded using link preload but not used within a few seconds from the window's load event. Please make sure it has an appropriate `as` value and it is preloaded intentionally. @ https://www.cabelas.com/l/used-centerfire-pistol#sortCriteria=%40offerprice%20ascending&f-action=Revolver&firstResult=36:0
[ 2231238ms] [WARNING] The resource https://assets.basspro.com/image/upload/b_rgb:FFFFFF,c_pad,dpr_1.0,f_auto,h_375,q_auto,w_600/c_pad,h_375,w_600/v1/ProductImages/UsedGuns/usedgun_102021463_main?pgw=1 was preloaded using link preload but not used within a few seconds from the window's load event. Please make sure it has an appropriate `as` value and it is preloaded intentionally. @ https://www.cabelas.com/l/used-centerfire-pistol#sortCriteria=%40offerprice%20ascending&f-action=Revolver&firstResult=36:0
[ 2231238ms] [WARNING] The resource https://assets.basspro.com/image/upload/b_rgb:FFFFFF,c_pad,dpr_1.0,f_auto,h_375,q_auto,w_600/c_pad,h_375,w_600/v1/ProductImages/UsedGuns/usedgun_102044626_main?pgw=1 was preloaded using link preload but not used within a few seconds from the window's load event. Please make sure it has an appropriate `as` value and it is preloaded intentionally. @ https://www.cabelas.com/l/used-centerfire-pistol#sortCriteria=%40offerprice%20ascending&f-action=Revolver&firstResult=36:0
[ 2231238ms] [WARNING] The resource https://assets.basspro.com/image/upload/b_rgb:FFFFFF,c_pad,dpr_1.0,f_auto,h_375,q_auto,w_600/c_pad,h_375,w_600/v1/ProductImages/UsedGuns/usedgun_102039082_main?pgw=1 was preloaded using link preload but not used within a few seconds from the window's load event. Please make sure it has an appropriate `as` value and it is preloaded intentionally. @ https://www.cabelas.com/l/used-centerfire-pistol#sortCriteria=%40offerprice%20ascending&f-action=Revolver&firstResult=36:0
[ 2259364ms] [WARNING] The resource https://assets.basspro.com/image/upload/b_rgb:FFFFFF,c_pad,dpr_1.0,f_auto,h_375,q_auto,w_600/c_pad,h_375,w_600/v1/ProductImages/UsedGuns/usedgun_102043796_main?pgw=1 was preloaded using link preload but not used within a few seconds from the window's load event. Please make sure it has an appropriate `as` value and it is preloaded intentionally. @ https://www.cabelas.com/l/used-centerfire-pistol#sortCriteria=%40offerprice%20ascending&f-action=Revolver&firstResult=36:0
[ 2259364ms] [WARNING] The resource https://assets.basspro.com/image/upload/b_rgb:FFFFFF,c_pad,dpr_1.0,f_auto,h_375,q_auto,w_600/c_pad,h_375,w_600/v1/ProductImages/UsedGuns/usedgun_102021463_main?pgw=1 was preloaded using link preload but not used within a few seconds from the window's load event. Please make sure it has an appropriate `as` value and it is preloaded intentionally. @ https://www.cabelas.com/l/used-centerfire-pistol#sortCriteria=%40offerprice%20ascending&f-action=Revolver&firstResult=36:0
[ 2259364ms] [WARNING] The resource https://assets.basspro.com/image/upload/b_rgb:FFFFFF,c_pad,dpr_1.0,f_auto,h_375,q_auto,w_600/c_pad,h_375,w_600/v1/ProductImages/UsedGuns/usedgun_102044626_main?pgw=1 was preloaded using link preload but not used within a few seconds from the window's load event. Please make sure it has an appropriate `as` value and it is preloaded intentionally. @ https://www.cabelas.com/l/used-centerfire-pistol#sortCriteria=%40offerprice%20ascending&f-action=Revolver&firstResult=36:0
[ 2259364ms] [WARNING] The resource https://assets.basspro.com/image/upload/b_rgb:FFFFFF,c_pad,dpr_1.0,f_auto,h_375,q_auto,w_600/c_pad,h_375,w_600/v1/ProductImages/UsedGuns/usedgun_102039082_main?pgw=1 was preloaded using link preload but not used within a few seconds from the window's load event. Please make sure it has an appropriate `as` value and it is preloaded intentionally. @ https://www.cabelas.com/l/used-centerfire-pistol#sortCriteria=%40offerprice%20ascending&f-action=Revolver&firstResult=36:0
[ 2290828ms] [WARNING] The resource https://assets.basspro.com/image/upload/b_rgb:FFFFFF,c_pad,dpr_1.0,f_auto,h_375,q_auto,w_600/c_pad,h_375,w_600/v1/ProductImages/UsedGuns/usedgun_102043796_main?pgw=1 was preloaded using link preload but not used within a few seconds from the window's load event. Please make sure it has an appropriate `as` value and it is preloaded intentionally. @ https://www.cabelas.com/l/used-centerfire-pistol#sortCriteria=%40offerprice%20ascending&f-action=Revolver&firstResult=36:0
[ 2290829ms] [WARNING] The resource https://assets.basspro.com/image/upload/b_rgb:FFFFFF,c_pad,dpr_1.0,f_auto,h_375,q_auto,w_600/c_pad,h_375,w_600/v1/ProductImages/UsedGuns/usedgun_102021463_main?pgw=1 was preloaded using link preload but not used within a few seconds from the window's load event. Please make sure it has an appropriate `as` value and it is preloaded intentionally. @ https://www.cabelas.com/l/used-centerfire-pistol#sortCriteria=%40offerprice%20ascending&f-action=Revolver&firstResult=36:0
[ 2290829ms] [WARNING] The resource https://assets.basspro.com/image/upload/b_rgb:FFFFFF,c_pad,dpr_1.0,f_auto,h_375,q_auto,w_600/c_pad,h_375,w_600/v1/ProductImages/UsedGuns/usedgun_102044626_main?pgw=1 was preloaded using link preload but not used within a few seconds from the window's load event. Please make sure it has an appropriate `as` value and it is preloaded intentionally. @ https://www.cabelas.com/l/used-centerfire-pistol#sortCriteria=%40offerprice%20ascending&f-action=Revolver&firstResult=36:0
[ 2290829ms] [WARNING] The resource https://assets.basspro.com/image/upload/b_rgb:FFFFFF,c_pad,dpr_1.0,f_auto,h_375,q_auto,w_600/c_pad,h_375,w_600/v1/ProductImages/UsedGuns/usedgun_102039082_main?pgw=1 was preloaded using link preload but not used within a few seconds from the window's load event. Please make sure it has an appropriate `as` value and it is preloaded intentionally. @ https://www.cabelas.com/l/used-centerfire-pistol#sortCriteria=%40offerprice%20ascending&f-action=Revolver&firstResult=36:0
[ 2316927ms] [WARNING] The resource https://assets.basspro.com/image/upload/b_rgb:FFFFFF,c_pad,dpr_1.0,f_auto,h_375,q_auto,w_600/c_pad,h_375,w_600/v1/ProductImages/UsedGuns/usedgun_102043796_main?pgw=1 was preloaded using link preload but not used within a few seconds from the window's load event. Please make sure it has an appropriate `as` value and it is preloaded intentionally. @ https://www.cabelas.com/l/used-centerfire-pistol#sortCriteria=%40offerprice%20ascending&f-action=Revolver&firstResult=36:0
[ 2316927ms] [WARNING] The resource https://assets.basspro.com/image/upload/b_rgb:FFFFFF,c_pad,dpr_1.0,f_auto,h_375,q_auto,w_600/c_pad,h_375,w_600/v1/ProductImages/UsedGuns/usedgun_102021463_main?pgw=1 was preloaded using link preload but not used within a few seconds from the window's load event. Please make sure it has an appropriate `as` value and it is preloaded intentionally. @ https://www.cabelas.com/l/used-centerfire-pistol#sortCriteria=%40offerprice%20ascending&f-action=Revolver&firstResult=36:0
[ 2316927ms] [WARNING] The resource https://assets.basspro.com/image/upload/b_rgb:FFFFFF,c_pad,dpr_1.0,f_auto,h_375,q_auto,w_600/c_pad,h_375,w_600/v1/ProductImages/UsedGuns/usedgun_102044626_main?pgw=1 was preloaded using link preload but not used within a few seconds from the window's load event. Please make sure it has an appropriate `as` value and it is preloaded intentionally. @ https://www.cabelas.com/l/used-centerfire-pistol#sortCriteria=%40offerprice%20ascending&f-action=Revolver&firstResult=36:0
[ 2316927ms] [WARNING] The resource https://assets.basspro.com/image/upload/b_rgb:FFFFFF,c_pad,dpr_1.0,f_auto,h_375,q_auto,w_600/c_pad,h_375,w_600/v1/ProductImages/UsedGuns/usedgun_102039082_main?pgw=1 was preloaded using link preload but not used within a few seconds from the window's load event. Please make sure it has an appropriate `as` value and it is preloaded intentionally. @ https://www.cabelas.com/l/used-centerfire-pistol#sortCriteria=%40offerprice%20ascending&f-action=Revolver&firstResult=36:0
[ 2347114ms] [WARNING] The resource https://assets.basspro.com/image/upload/b_rgb:FFFFFF,c_pad,dpr_1.0,f_auto,h_375,q_auto,w_600/c_pad,h_375,w_600/v1/ProductImages/UsedGuns/usedgun_102043796_main?pgw=1 was preloaded using link preload but not used within a few seconds from the window's load event. Please make sure it has an appropriate `as` value and it is preloaded intentionally. @ https://www.cabelas.com/l/used-centerfire-pistol#sortCriteria=%40offerprice%20ascending&f-action=Revolver&firstResult=36:0
[ 2347114ms] [WARNING] The resource https://assets.basspro.com/image/upload/b_rgb:FFFFFF,c_pad,dpr_1.0,f_auto,h_375,q_auto,w_600/c_pad,h_375,w_600/v1/ProductImages/UsedGuns/usedgun_102021463_main?pgw=1 was preloaded using link preload but not used within a few seconds from the window's load event. Please make sure it has an appropriate `as` value and it is preloaded intentionally. @ https://www.cabelas.com/l/used-centerfire-pistol#sortCriteria=%40offerprice%20ascending&f-action=Revolver&firstResult=36:0
[ 2347114ms] [WARNING] The resource https://assets.basspro.com/image/upload/b_rgb:FFFFFF,c_pad,dpr_1.0,f_auto,h_375,q_auto,w_600/c_pad,h_375,w_600/v1/ProductImages/UsedGuns/usedgun_102044626_main?pgw=1 was preloaded using link preload but not used within a few seconds from the window's load event. Please make sure it has an appropriate `as` value and it is preloaded intentionally. @ https://www.cabelas.com/l/used-centerfire-pistol#sortCriteria=%40offerprice%20ascending&f-action=Revolver&firstResult=36:0
[ 2347114ms] [WARNING] The resource https://assets.basspro.com/image/upload/b_rgb:FFFFFF,c_pad,dpr_1.0,f_auto,h_375,q_auto,w_600/c_pad,h_375,w_600/v1/ProductImages/UsedGuns/usedgun_102039082_main?pgw=1 was preloaded using link preload but not used within a few seconds from the window's load event. Please make sure it has an appropriate `as` value and it is preloaded intentionally. @ https://www.cabelas.com/l/used-centerfire-pistol#sortCriteria=%40offerprice%20ascending&f-action=Revolver&firstResult=36:0
[ 2376454ms] [WARNING] The resource https://assets.basspro.com/image/upload/b_rgb:FFFFFF,c_pad,dpr_1.0,f_auto,h_375,q_auto,w_600/c_pad,h_375,w_600/v1/ProductImages/UsedGuns/usedgun_102043796_main?pgw=1 was preloaded using link preload but not used within a few seconds from the window's load event. Please make sure it has an appropriate `as` value and it is preloaded intentionally. @ https://www.cabelas.com/l/used-centerfire-pistol#sortCriteria=%40offerprice%20ascending&f-action=Revolver&firstResult=36:0
[ 2376454ms] [WARNING] The resource https://assets.basspro.com/image/upload/b_rgb:FFFFFF,c_pad,dpr_1.0,f_auto,h_375,q_auto,w_600/c_pad,h_375,w_600/v1/ProductImages/UsedGuns/usedgun_102021463_main?pgw=1 was preloaded using link preload but not used within a few seconds from the window's load event. Please make sure it has an appropriate `as` value and it is preloaded intentionally. @ https://www.cabelas.com/l/used-centerfire-pistol#sortCriteria=%40offerprice%20ascending&f-action=Revolver&firstResult=36:0
[ 2376454ms] [WARNING] The resource https://assets.basspro.com/image/upload/b_rgb:FFFFFF,c_pad,dpr_1.0,f_auto,h_375,q_auto,w_600/c_pad,h_375,w_600/v1/ProductImages/UsedGuns/usedgun_102044626_main?pgw=1 was preloaded using link preload but not used within a few seconds from the window's load event. Please make sure it has an appropriate `as` value and it is preloaded intentionally. @ https://www.cabelas.com/l/used-centerfire-pistol#sortCriteria=%40offerprice%20ascending&f-action=Revolver&firstResult=36:0
[ 2376454ms] [WARNING] The resource https://assets.basspro.com/image/upload/b_rgb:FFFFFF,c_pad,dpr_1.0,f_auto,h_375,q_auto,w_600/c_pad,h_375,w_600/v1/ProductImages/UsedGuns/usedgun_102039082_main?pgw=1 was preloaded using link preload but not used within a few seconds from the window's load event. Please make sure it has an appropriate `as` value and it is preloaded intentionally. @ https://www.cabelas.com/l/used-centerfire-pistol#sortCriteria=%40offerprice%20ascending&f-action=Revolver&firstResult=36:0
[ 2401062ms] [WARNING] The resource https://assets.basspro.com/image/upload/b_rgb:FFFFFF,c_pad,dpr_1.0,f_auto,h_375,q_auto,w_600/c_pad,h_375,w_600/v1/ProductImages/UsedGuns/usedgun_102043796_main?pgw=1 was preloaded using link preload but not used within a few seconds from the window's load event. Please make sure it has an appropriate `as` value and it is preloaded intentionally. @ https://www.cabelas.com/l/used-centerfire-pistol#sortCriteria=%40offerprice%20ascending&f-action=Revolver&firstResult=36:0
[ 2401062ms] [WARNING] The resource https://assets.basspro.com/image/upload/b_rgb:FFFFFF,c_pad,dpr_1.0,f_auto,h_375,q_auto,w_600/c_pad,h_375,w_600/v1/ProductImages/UsedGuns/usedgun_102021463_main?pgw=1 was preloaded using link preload but not used within a few seconds from the window's load event. Please make sure it has an appropriate `as` value and it is preloaded intentionally. @ https://www.cabelas.com/l/used-centerfire-pistol#sortCriteria=%40offerprice%20ascending&f-action=Revolver&firstResult=36:0
[ 2401062ms] [WARNING] The resource https://assets.basspro.com/image/upload/b_rgb:FFFFFF,c_pad,dpr_1.0,f_auto,h_375,q_auto,w_600/c_pad,h_375,w_600/v1/ProductImages/UsedGuns/usedgun_102044626_main?pgw=1 was preloaded using link preload but not used within a few seconds from the window's load event. Please make sure it has an appropriate `as` value and it is preloaded intentionally. @ https://www.cabelas.com/l/used-centerfire-pistol#sortCriteria=%40offerprice%20ascending&f-action=Revolver&firstResult=36:0
[ 2401062ms] [WARNING] The resource https://assets.basspro.com/image/upload/b_rgb:FFFFFF,c_pad,dpr_1.0,f_auto,h_375,q_auto,w_600/c_pad,h_375,w_600/v1/ProductImages/UsedGuns/usedgun_102039082_main?pgw=1 was preloaded using link preload but not used within a few seconds from the window's load event. Please make sure it has an appropriate `as` value and it is preloaded intentionally. @ https://www.cabelas.com/l/used-centerfire-pistol#sortCriteria=%40offerprice%20ascending&f-action=Revolver&firstResult=36:0
[ 2406694ms] [WARNING] The resource https://assets.basspro.com/image/upload/b_rgb:FFFFFF,c_pad,dpr_1.0,f_auto,h_375,q_auto,w_600/c_pad,h_375,w_600/v1/ProductImages/UsedGuns/usedgun_102043796_main?pgw=1 was preloaded using link preload but not used within a few seconds from the window's load event. Please make sure it has an appropriate `as` value and it is preloaded intentionally. @ https://www.cabelas.com/l/used-centerfire-pistol#sortCriteria=%40offerprice%20ascending&f-action=Revolver&firstResult=36:0
[ 2406694ms] [WARNING] The resource https://assets.basspro.com/image/upload/b_rgb:FFFFFF,c_pad,dpr_1.0,f_auto,h_375,q_auto,w_600/c_pad,h_375,w_600/v1/ProductImages/UsedGuns/usedgun_102021463_main?pgw=1 was preloaded using link preload but not used within a few seconds from the window's load event. Please make sure it has an appropriate `as` value and it is preloaded intentionally. @ https://www.cabelas.com/l/used-centerfire-pistol#sortCriteria=%40offerprice%20ascending&f-action=Revolver&firstResult=36:0
[ 2406694ms] [WARNING] The resource https://assets.basspro.com/image/upload/b_rgb:FFFFFF,c_pad,dpr_1.0,f_auto,h_375,q_auto,w_600/c_pad,h_375,w_600/v1/ProductImages/UsedGuns/usedgun_102044626_main?pgw=1 was preloaded using link preload but not used within a few seconds from the window's load event. Please make sure it has an appropriate `as` value and it is preloaded intentionally. @ https://www.cabelas.com/l/used-centerfire-pistol#sortCriteria=%40offerprice%20ascending&f-action=Revolver&firstResult=36:0
[ 2406694ms] [WARNING] The resource https://assets.basspro.com/image/upload/b_rgb:FFFFFF,c_pad,dpr_1.0,f_auto,h_375,q_auto,w_600/c_pad,h_375,w_600/v1/ProductImages/UsedGuns/usedgun_102039082_main?pgw=1 was preloaded using link preload but not used within a few seconds from the window's load event. Please make sure it has an appropriate `as` value and it is preloaded intentionally. @ https://www.cabelas.com/l/used-centerfire-pistol#sortCriteria=%40offerprice%20ascending&f-action=Revolver&firstResult=36:0
[ 2436173ms] [WARNING] The resource https://assets.basspro.com/image/upload/b_rgb:FFFFFF,c_pad,dpr_1.0,f_auto,h_375,q_auto,w_600/c_pad,h_375,w_600/v1/ProductImages/UsedGuns/usedgun_102043796_main?pgw=1 was preloaded using link preload but not used within a few seconds from the window's load event. Please make sure it has an appropriate `as` value and it is preloaded intentionally. @ https://www.cabelas.com/l/used-centerfire-pistol#sortCriteria=%40offerprice%20ascending&f-action=Revolver&firstResult=36:0
[ 2436174ms] [WARNING] The resource https://assets.basspro.com/image/upload/b_rgb:FFFFFF,c_pad,dpr_1.0,f_auto,h_375,q_auto,w_600/c_pad,h_375,w_600/v1/ProductImages/UsedGuns/usedgun_102021463_main?pgw=1 was preloaded using link preload but not used within a few seconds from the window's load event. Please make sure it has an appropriate `as` value and it is preloaded intentionally. @ https://www.cabelas.com/l/used-centerfire-pistol#sortCriteria=%40offerprice%20ascending&f-action=Revolver&firstResult=36:0
[ 2436174ms] [WARNING] The resource https://assets.basspro.com/image/upload/b_rgb:FFFFFF,c_pad,dpr_1.0,f_auto,h_375,q_auto,w_600/c_pad,h_375,w_600/v1/ProductImages/UsedGuns/usedgun_102044626_main?pgw=1 was preloaded using link preload but not used within a few seconds from the window's load event. Please make sure it has an appropriate `as` value and it is preloaded intentionally. @ https://www.cabelas.com/l/used-centerfire-pistol#sortCriteria=%40offerprice%20ascending&f-action=Revolver&firstResult=36:0
[ 2436174ms] [WARNING] The resource https://assets.basspro.com/image/upload/b_rgb:FFFFFF,c_pad,dpr_1.0,f_auto,h_375,q_auto,w_600/c_pad,h_375,w_600/v1/ProductImages/UsedGuns/usedgun_102039082_main?pgw=1 was preloaded using link preload but not used within a few seconds from the window's load event. Please make sure it has an appropriate `as` value and it is preloaded intentionally. @ https://www.cabelas.com/l/used-centerfire-pistol#sortCriteria=%40offerprice%20ascending&f-action=Revolver&firstResult=36:0
[ 2445999ms] [WARNING] The resource https://assets.basspro.com/image/upload/b_rgb:FFFFFF,c_pad,dpr_1.0,f_auto,h_375,q_auto,w_600/c_pad,h_375,w_600/v1/ProductImages/UsedGuns/usedgun_102043796_main?pgw=1 was preloaded using link preload but not used within a few seconds from the window's load event. Please make sure it has an appropriate `as` value and it is preloaded intentionally. @ https://www.cabelas.com/l/used-centerfire-pistol#sortCriteria=%40offerprice%20ascending&f-action=Revolver&firstResult=36:0
[ 2445999ms] [WARNING] The resource https://assets.basspro.com/image/upload/b_rgb:FFFFFF,c_pad,dpr_1.0,f_auto,h_375,q_auto,w_600/c_pad,h_375,w_600/v1/ProductImages/UsedGuns/usedgun_102021463_main?pgw=1 was preloaded using link preload but not used within a few seconds from the window's load event. Please make sure it has an appropriate `as` value and it is preloaded intentionally. @ https://www.cabelas.com/l/used-centerfire-pistol#sortCriteria=%40offerprice%20ascending&f-action=Revolver&firstResult=36:0
[ 2446000ms] [WARNING] The resource https://assets.basspro.com/image/upload/b_rgb:FFFFFF,c_pad,dpr_1.0,f_auto,h_375,q_auto,w_600/c_pad,h_375,w_600/v1/ProductImages/UsedGuns/usedgun_102044626_main?pgw=1 was preloaded using link preload but not used within a few seconds from the window's load event. Please make sure it has an appropriate `as` value and it is preloaded intentionally. @ https://www.cabelas.com/l/used-centerfire-pistol#sortCriteria=%40offerprice%20ascending&f-action=Revolver&firstResult=36:0
[ 2446000ms] [WARNING] The resource https://assets.basspro.com/image/upload/b_rgb:FFFFFF,c_pad,dpr_1.0,f_auto,h_375,q_auto,w_600/c_pad,h_375,w_600/v1/ProductImages/UsedGuns/usedgun_102039082_main?pgw=1 was preloaded using link preload but not used within a few seconds from the window's load event. Please make sure it has an appropriate `as` value and it is preloaded intentionally. @ https://www.cabelas.com/l/used-centerfire-pistol#sortCriteria=%40offerprice%20ascending&f-action=Revolver&firstResult=36:0
[ 2476397ms] [WARNING] The resource https://assets.basspro.com/image/upload/b_rgb:FFFFFF,c_pad,dpr_1.0,f_auto,h_375,q_auto,w_600/c_pad,h_375,w_600/v1/ProductImages/UsedGuns/usedgun_102043796_main?pgw=1 was preloaded using link preload but not used within a few seconds from the window's load event. Please make sure it has an appropriate `as` value and it is preloaded intentionally. @ https://www.cabelas.com/l/used-centerfire-pistol#sortCriteria=%40offerprice%20ascending&f-action=Revolver&firstResult=36:0
[ 2476397ms] [WARNING] The resource https://assets.basspro.com/image/upload/b_rgb:FFFFFF,c_pad,dpr_1.0,f_auto,h_375,q_auto,w_600/c_pad,h_375,w_600/v1/ProductImages/UsedGuns/usedgun_102021463_main?pgw=1 was preloaded using link preload but not used within a few seconds from the window's load event. Please make sure it has an appropriate `as` value and it is preloaded intentionally. @ https://www.cabelas.com/l/used-centerfire-pistol#sortCriteria=%40offerprice%20ascending&f-action=Revolver&firstResult=36:0
[ 2476397ms] [WARNING] The resource https://assets.basspro.com/image/upload/b_rgb:FFFFFF,c_pad,dpr_1.0,f_auto,h_375,q_auto,w_600/c_pad,h_375,w_600/v1/ProductImages/UsedGuns/usedgun_102044626_main?pgw=1 was preloaded using link preload but not used within a few seconds from the window's load event. Please make sure it has an appropriate `as` value and it is preloaded intentionally. @ https://www.cabelas.com/l/used-centerfire-pistol#sortCriteria=%40offerprice%20ascending&f-action=Revolver&firstResult=36:0
[ 2476397ms] [WARNING] The resource https://assets.basspro.com/image/upload/b_rgb:FFFFFF,c_pad,dpr_1.0,f_auto,h_375,q_auto,w_600/c_pad,h_375,w_600/v1/ProductImages/UsedGuns/usedgun_102039082_main?pgw=1 was preloaded using link preload but not used within a few seconds from the window's load event. Please make sure it has an appropriate `as` value and it is preloaded intentionally. @ https://www.cabelas.com/l/used-centerfire-pistol#sortCriteria=%40offerprice%20ascending&f-action=Revolver&firstResult=36:0
[ 2497350ms] [WARNING] The resource https://assets.basspro.com/image/upload/b_rgb:FFFFFF,c_pad,dpr_1.0,f_auto,h_375,q_auto,w_600/c_pad,h_375,w_600/v1/ProductImages/UsedGuns/usedgun_102043796_main?pgw=1 was preloaded using link preload but not used within a few seconds from the window's load event. Please make sure it has an appropriate `as` value and it is preloaded intentionally. @ https://www.cabelas.com/l/used-centerfire-pistol#sortCriteria=%40offerprice%20ascending&f-action=Revolver&firstResult=36:0
[ 2497350ms] [WARNING] The resource https://assets.basspro.com/image/upload/b_rgb:FFFFFF,c_pad,dpr_1.0,f_auto,h_375,q_auto,w_600/c_pad,h_375,w_600/v1/ProductImages/UsedGuns/usedgun_102021463_main?pgw=1 was preloaded using link preload but not used within a few seconds from the window's load event. Please make sure it has an appropriate `as` value and it is preloaded intentionally. @ https://www.cabelas.com/l/used-centerfire-pistol#sortCriteria=%40offerprice%20ascending&f-action=Revolver&firstResult=36:0
[ 2497350ms] [WARNING] The resource https://assets.basspro.com/image/upload/b_rgb:FFFFFF,c_pad,dpr_1.0,f_auto,h_375,q_auto,w_600/c_pad,h_375,w_600/v1/ProductImages/UsedGuns/usedgun_102044626_main?pgw=1 was preloaded using link preload but not used within a few seconds from the window's load event. Please make sure it has an appropriate `as` value and it is preloaded intentionally. @ https://www.cabelas.com/l/used-centerfire-pistol#sortCriteria=%40offerprice%20ascending&f-action=Revolver&firstResult=36:0
[ 2497350ms] [WARNING] The resource https://assets.basspro.com/image/upload/b_rgb:FFFFFF,c_pad,dpr_1.0,f_auto,h_375,q_auto,w_600/c_pad,h_375,w_600/v1/ProductImages/UsedGuns/usedgun_102039082_main?pgw=1 was preloaded using link preload but not used within a few seconds from the window's load event. Please make sure it has an appropriate `as` value and it is preloaded intentionally. @ https://www.cabelas.com/l/used-centerfire-pistol#sortCriteria=%40offerprice%20ascending&f-action=Revolver&firstResult=36:0
[ 2528922ms] [WARNING] The resource https://assets.basspro.com/image/upload/b_rgb:FFFFFF,c_pad,dpr_1.0,f_auto,h_375,q_auto,w_600/c_pad,h_375,w_600/v1/ProductImages/UsedGuns/usedgun_102043796_main?pgw=1 was preloaded using link preload but not used within a few seconds from the window's load event. Please make sure it has an appropriate `as` value and it is preloaded intentionally. @ https://www.cabelas.com/l/used-centerfire-pistol#sortCriteria=%40offerprice%20ascending&f-action=Revolver&firstResult=36:0
[ 2528922ms] [WARNING] The resource https://assets.basspro.com/image/upload/b_rgb:FFFFFF,c_pad,dpr_1.0,f_auto,h_375,q_auto,w_600/c_pad,h_375,w_600/v1/ProductImages/UsedGuns/usedgun_102021463_main?pgw=1 was preloaded using link preload but not used within a few seconds from the window's load event. Please make sure it has an appropriate `as` value and it is preloaded intentionally. @ https://www.cabelas.com/l/used-centerfire-pistol#sortCriteria=%40offerprice%20ascending&f-action=Revolver&firstResult=36:0
[ 2528922ms] [WARNING] The resource https://assets.basspro.com/image/upload/b_rgb:FFFFFF,c_pad,dpr_1.0,f_auto,h_375,q_auto,w_600/c_pad,h_375,w_600/v1/ProductImages/UsedGuns/usedgun_102044626_main?pgw=1 was preloaded using link preload but not used within a few seconds from the window's load event. Please make sure it has an appropriate `as` value and it is preloaded intentionally. @ https://www.cabelas.com/l/used-centerfire-pistol#sortCriteria=%40offerprice%20ascending&f-action=Revolver&firstResult=36:0
[ 2528922ms] [WARNING] The resource https://assets.basspro.com/image/upload/b_rgb:FFFFFF,c_pad,dpr_1.0,f_auto,h_375,q_auto,w_600/c_pad,h_375,w_600/v1/ProductImages/UsedGuns/usedgun_102039082_main?pgw=1 was preloaded using link preload but not used within a few seconds from the window's load event. Please make sure it has an appropriate `as` value and it is preloaded intentionally. @ https://www.cabelas.com/l/used-centerfire-pistol#sortCriteria=%40offerprice%20ascending&f-action=Revolver&firstResult=36:0
[ 2556888ms] [WARNING] The resource https://assets.basspro.com/image/upload/b_rgb:FFFFFF,c_pad,dpr_1.0,f_auto,h_375,q_auto,w_600/c_pad,h_375,w_600/v1/ProductImages/UsedGuns/usedgun_102043796_main?pgw=1 was preloaded using link preload but not used within a few seconds from the window's load event. Please make sure it has an appropriate `as` value and it is preloaded intentionally. @ https://www.cabelas.com/l/used-centerfire-pistol#sortCriteria=%40offerprice%20ascending&f-action=Revolver&firstResult=36:0
[ 2556888ms] [WARNING] The resource https://assets.basspro.com/image/upload/b_rgb:FFFFFF,c_pad,dpr_1.0,f_auto,h_375,q_auto,w_600/c_pad,h_375,w_600/v1/ProductImages/UsedGuns/usedgun_102021463_main?pgw=1 was preloaded using link preload but not used within a few seconds from the window's load event. Please make sure it has an appropriate `as` value and it is preloaded intentionally. @ https://www.cabelas.com/l/used-centerfire-pistol#sortCriteria=%40offerprice%20ascending&f-action=Revolver&firstResult=36:0
[ 2556889ms] [WARNING] The resource https://assets.basspro.com/image/upload/b_rgb:FFFFFF,c_pad,dpr_1.0,f_auto,h_375,q_auto,w_600/c_pad,h_375,w_600/v1/ProductImages/UsedGuns/usedgun_102044626_main?pgw=1 was preloaded using link preload but not used within a few seconds from the window's load event. Please make sure it has an appropriate `as` value and it is preloaded intentionally. @ https://www.cabelas.com/l/used-centerfire-pistol#sortCriteria=%40offerprice%20ascending&f-action=Revolver&firstResult=36:0
[ 2556889ms] [WARNING] The resource https://assets.basspro.com/image/upload/b_rgb:FFFFFF,c_pad,dpr_1.0,f_auto,h_375,q_auto,w_600/c_pad,h_375,w_600/v1/ProductImages/UsedGuns/usedgun_102039082_main?pgw=1 was preloaded using link preload but not used within a few seconds from the window's load event. Please make sure it has an appropriate `as` value and it is preloaded intentionally. @ https://www.cabelas.com/l/used-centerfire-pistol#sortCriteria=%40offerprice%20ascending&f-action=Revolver&firstResult=36:0
[ 2581024ms] [WARNING] The resource https://assets.basspro.com/image/upload/b_rgb:FFFFFF,c_pad,dpr_1.0,f_auto,h_375,q_auto,w_600/c_pad,h_375,w_600/v1/ProductImages/UsedGuns/usedgun_102043796_main?pgw=1 was preloaded using link preload but not used within a few seconds from the window's load event. Please make sure it has an appropriate `as` value and it is preloaded intentionally. @ https://www.cabelas.com/l/used-centerfire-pistol#sortCriteria=%40offerprice%20ascending&f-action=Revolver&firstResult=36:0
[ 2581024ms] [WARNING] The resource https://assets.basspro.com/image/upload/b_rgb:FFFFFF,c_pad,dpr_1.0,f_auto,h_375,q_auto,w_600/c_pad,h_375,w_600/v1/ProductImages/UsedGuns/usedgun_102021463_main?pgw=1 was preloaded using link preload but not used within a few seconds from the window's load event. Please make sure it has an appropriate `as` value and it is preloaded intentionally. @ https://www.cabelas.com/l/used-centerfire-pistol#sortCriteria=%40offerprice%20ascending&f-action=Revolver&firstResult=36:0
[ 2581024ms] [WARNING] The resource https://assets.basspro.com/image/upload/b_rgb:FFFFFF,c_pad,dpr_1.0,f_auto,h_375,q_auto,w_600/c_pad,h_375,w_600/v1/ProductImages/UsedGuns/usedgun_102044626_main?pgw=1 was preloaded using link preload but not used within a few seconds from the window's load event. Please make sure it has an appropriate `as` value and it is preloaded intentionally. @ https://www.cabelas.com/l/used-centerfire-pistol#sortCriteria=%40offerprice%20ascending&f-action=Revolver&firstResult=36:0
[ 2581025ms] [WARNING] The resource https://assets.basspro.com/image/upload/b_rgb:FFFFFF,c_pad,dpr_1.0,f_auto,h_375,q_auto,w_600/c_pad,h_375,w_600/v1/ProductImages/UsedGuns/usedgun_102039082_main?pgw=1 was preloaded using link preload but not used within a few seconds from the window's load event. Please make sure it has an appropriate `as` value and it is preloaded intentionally. @ https://www.cabelas.com/l/used-centerfire-pistol#sortCriteria=%40offerprice%20ascending&f-action=Revolver&firstResult=36:0
[ 2588454ms] [WARNING] The resource https://assets.basspro.com/image/upload/b_rgb:FFFFFF,c_pad,dpr_1.0,f_auto,h_375,q_auto,w_600/c_pad,h_375,w_600/v1/ProductImages/UsedGuns/usedgun_102043796_main?pgw=1 was preloaded using link preload but not used within a few seconds from the window's load event. Please make sure it has an appropriate `as` value and it is preloaded intentionally. @ https://www.cabelas.com/l/used-centerfire-pistol#sortCriteria=%40offerprice%20ascending&f-action=Revolver&firstResult=36:0
[ 2588454ms] [WARNING] The resource https://assets.basspro.com/image/upload/b_rgb:FFFFFF,c_pad,dpr_1.0,f_auto,h_375,q_auto,w_600/c_pad,h_375,w_600/v1/ProductImages/UsedGuns/usedgun_102021463_main?pgw=1 was preloaded using link preload but not used within a few seconds from the window's load event. Please make sure it has an appropriate `as` value and it is preloaded intentionally. @ https://www.cabelas.com/l/used-centerfire-pistol#sortCriteria=%40offerprice%20ascending&f-action=Revolver&firstResult=36:0
[ 2588454ms] [WARNING] The resource https://assets.basspro.com/image/upload/b_rgb:FFFFFF,c_pad,dpr_1.0,f_auto,h_375,q_auto,w_600/c_pad,h_375,w_600/v1/ProductImages/UsedGuns/usedgun_102044626_main?pgw=1 was preloaded using link preload but not used within a few seconds from the window's load event. Please make sure it has an appropriate `as` value and it is preloaded intentionally. @ https://www.cabelas.com/l/used-centerfire-pistol#sortCriteria=%40offerprice%20ascending&f-action=Revolver&firstResult=36:0
[ 2588454ms] [WARNING] The resource https://assets.basspro.com/image/upload/b_rgb:FFFFFF,c_pad,dpr_1.0,f_auto,h_375,q_auto,w_600/c_pad,h_375,w_600/v1/ProductImages/UsedGuns/usedgun_102039082_main?pgw=1 was preloaded using link preload but not used within a few seconds from the window's load event. Please make sure it has an appropriate `as` value and it is preloaded intentionally. @ https://www.cabelas.com/l/used-centerfire-pistol#sortCriteria=%40offerprice%20ascending&f-action=Revolver&firstResult=36:0
[ 2616755ms] [WARNING] The resource https://assets.basspro.com/image/upload/b_rgb:FFFFFF,c_pad,dpr_1.0,f_auto,h_375,q_auto,w_600/c_pad,h_375,w_600/v1/ProductImages/UsedGuns/usedgun_102043796_main?pgw=1 was preloaded using link preload but not used within a few seconds from the window's load event. Please make sure it has an appropriate `as` value and it is preloaded intentionally. @ https://www.cabelas.com/l/used-centerfire-pistol#sortCriteria=%40offerprice%20ascending&f-action=Revolver&firstResult=36:0
[ 2616755ms] [WARNING] The resource https://assets.basspro.com/image/upload/b_rgb:FFFFFF,c_pad,dpr_1.0,f_auto,h_375,q_auto,w_600/c_pad,h_375,w_600/v1/ProductImages/UsedGuns/usedgun_102021463_main?pgw=1 was preloaded using link preload but not used within a few seconds from the window's load event. Please make sure it has an appropriate `as` value and it is preloaded intentionally. @ https://www.cabelas.com/l/used-centerfire-pistol#sortCriteria=%40offerprice%20ascending&f-action=Revolver&firstResult=36:0
[ 2616755ms] [WARNING] The resource https://assets.basspro.com/image/upload/b_rgb:FFFFFF,c_pad,dpr_1.0,f_auto,h_375,q_auto,w_600/c_pad,h_375,w_600/v1/ProductImages/UsedGuns/usedgun_102044626_main?pgw=1 was preloaded using link preload but not used within a few seconds from the window's load event. Please make sure it has an appropriate `as` value and it is preloaded intentionally. @ https://www.cabelas.com/l/used-centerfire-pistol#sortCriteria=%40offerprice%20ascending&f-action=Revolver&firstResult=36:0
[ 2616755ms] [WARNING] The resource https://assets.basspro.com/image/upload/b_rgb:FFFFFF,c_pad,dpr_1.0,f_auto,h_375,q_auto,w_600/c_pad,h_375,w_600/v1/ProductImages/UsedGuns/usedgun_102039082_main?pgw=1 was preloaded using link preload but not used within a few seconds from the window's load event. Please make sure it has an appropriate `as` value and it is preloaded intentionally. @ https://www.cabelas.com/l/used-centerfire-pistol#sortCriteria=%40offerprice%20ascending&f-action=Revolver&firstResult=36:0
[ 2647951ms] [WARNING] The resource https://assets.basspro.com/image/upload/b_rgb:FFFFFF,c_pad,dpr_1.0,f_auto,h_375,q_auto,w_600/c_pad,h_375,w_600/v1/ProductImages/UsedGuns/usedgun_102043796_main?pgw=1 was preloaded using link preload but not used within a few seconds from the window's load event. Please make sure it has an appropriate `as` value and it is preloaded intentionally. @ https://www.cabelas.com/l/used-centerfire-pistol#sortCriteria=%40offerprice%20ascending&f-action=Revolver&firstResult=36:0
[ 2647951ms] [WARNING] The resource https://assets.basspro.com/image/upload/b_rgb:FFFFFF,c_pad,dpr_1.0,f_auto,h_375,q_auto,w_600/c_pad,h_375,w_600/v1/ProductImages/UsedGuns/usedgun_102021463_main?pgw=1 was preloaded using link preload but not used within a few seconds from the window's load event. Please make sure it has an appropriate `as` value and it is preloaded intentionally. @ https://www.cabelas.com/l/used-centerfire-pistol#sortCriteria=%40offerprice%20ascending&f-action=Revolver&firstResult=36:0
[ 2647951ms] [WARNING] The resource https://assets.basspro.com/image/upload/b_rgb:FFFFFF,c_pad,dpr_1.0,f_auto,h_375,q_auto,w_600/c_pad,h_375,w_600/v1/ProductImages/UsedGuns/usedgun_102044626_main?pgw=1 was preloaded using link preload but not used within a few seconds from the window's load event. Please make sure it has an appropriate `as` value and it is preloaded intentionally. @ https://www.cabelas.com/l/used-centerfire-pistol#sortCriteria=%40offerprice%20ascending&f-action=Revolver&firstResult=36:0
[ 2647951ms] [WARNING] The resource https://assets.basspro.com/image/upload/b_rgb:FFFFFF,c_pad,dpr_1.0,f_auto,h_375,q_auto,w_600/c_pad,h_375,w_600/v1/ProductImages/UsedGuns/usedgun_102039082_main?pgw=1 was preloaded using link preload but not used within a few seconds from the window's load event. Please make sure it has an appropriate `as` value and it is preloaded intentionally. @ https://www.cabelas.com/l/used-centerfire-pistol#sortCriteria=%40offerprice%20ascending&f-action=Revolver&firstResult=36:0
[ 2676608ms] [WARNING] The resource https://assets.basspro.com/image/upload/b_rgb:FFFFFF,c_pad,dpr_1.0,f_auto,h_375,q_auto,w_600/c_pad,h_375,w_600/v1/ProductImages/UsedGuns/usedgun_102043796_main?pgw=1 was preloaded using link preload but not used within a few seconds from the window's load event. Please make sure it has an appropriate `as` value and it is preloaded intentionally. @ https://www.cabelas.com/l/used-centerfire-pistol#sortCriteria=%40offerprice%20ascending&f-action=Revolver&firstResult=36:0
[ 2676608ms] [WARNING] The resource https://assets.basspro.com/image/upload/b_rgb:FFFFFF,c_pad,dpr_1.0,f_auto,h_375,q_auto,w_600/c_pad,h_375,w_600/v1/ProductImages/UsedGuns/usedgun_102021463_main?pgw=1 was preloaded using link preload but not used within a few seconds from the window's load event. Please make sure it has an appropriate `as` value and it is preloaded intentionally. @ https://www.cabelas.com/l/used-centerfire-pistol#sortCriteria=%40offerprice%20ascending&f-action=Revolver&firstResult=36:0
[ 2676608ms] [WARNING] The resource https://assets.basspro.com/image/upload/b_rgb:FFFFFF,c_pad,dpr_1.0,f_auto,h_375,q_auto,w_600/c_pad,h_375,w_600/v1/ProductImages/UsedGuns/usedgun_102044626_main?pgw=1 was preloaded using link preload but not used within a few seconds from the window's load event. Please make sure it has an appropriate `as` value and it is preloaded intentionally. @ https://www.cabelas.com/l/used-centerfire-pistol#sortCriteria=%40offerprice%20ascending&f-action=Revolver&firstResult=36:0
[ 2676608ms] [WARNING] The resource https://assets.basspro.com/image/upload/b_rgb:FFFFFF,c_pad,dpr_1.0,f_auto,h_375,q_auto,w_600/c_pad,h_375,w_600/v1/ProductImages/UsedGuns/usedgun_102039082_main?pgw=1 was preloaded using link preload but not used within a few seconds from the window's load event. Please make sure it has an appropriate `as` value and it is preloaded intentionally. @ https://www.cabelas.com/l/used-centerfire-pistol#sortCriteria=%40offerprice%20ascending&f-action=Revolver&firstResult=36:0
[ 2707494ms] [WARNING] The resource https://assets.basspro.com/image/upload/b_rgb:FFFFFF,c_pad,dpr_1.0,f_auto,h_375,q_auto,w_600/c_pad,h_375,w_600/v1/ProductImages/UsedGuns/usedgun_102043796_main?pgw=1 was preloaded using link preload but not used within a few seconds from the window's load event. Please make sure it has an appropriate `as` value and it is preloaded intentionally. @ https://www.cabelas.com/l/used-centerfire-pistol#sortCriteria=%40offerprice%20ascending&f-action=Revolver&firstResult=36:0
[ 2707495ms] [WARNING] The resource https://assets.basspro.com/image/upload/b_rgb:FFFFFF,c_pad,dpr_1.0,f_auto,h_375,q_auto,w_600/c_pad,h_375,w_600/v1/ProductImages/UsedGuns/usedgun_102021463_main?pgw=1 was preloaded using link preload but not used within a few seconds from the window's load event. Please make sure it has an appropriate `as` value and it is preloaded intentionally. @ https://www.cabelas.com/l/used-centerfire-pistol#sortCriteria=%40offerprice%20ascending&f-action=Revolver&firstResult=36:0
[ 2707495ms] [WARNING] The resource https://assets.basspro.com/image/upload/b_rgb:FFFFFF,c_pad,dpr_1.0,f_auto,h_375,q_auto,w_600/c_pad,h_375,w_600/v1/ProductImages/UsedGuns/usedgun_102044626_main?pgw=1 was preloaded using link preload but not used within a few seconds from the window's load event. Please make sure it has an appropriate `as` value and it is preloaded intentionally. @ https://www.cabelas.com/l/used-centerfire-pistol#sortCriteria=%40offerprice%20ascending&f-action=Revolver&firstResult=36:0
[ 2707495ms] [WARNING] The resource https://assets.basspro.com/image/upload/b_rgb:FFFFFF,c_pad,dpr_1.0,f_auto,h_375,q_auto,w_600/c_pad,h_375,w_600/v1/ProductImages/UsedGuns/usedgun_102039082_main?pgw=1 was preloaded using link preload but not used within a few seconds from the window's load event. Please make sure it has an appropriate `as` value and it is preloaded intentionally. @ https://www.cabelas.com/l/used-centerfire-pistol#sortCriteria=%40offerprice%20ascending&f-action=Revolver&firstResult=36:0
[ 2735810ms] [WARNING] The resource https://assets.basspro.com/image/upload/b_rgb:FFFFFF,c_pad,dpr_1.0,f_auto,h_375,q_auto,w_600/c_pad,h_375,w_600/v1/ProductImages/UsedGuns/usedgun_102043796_main?pgw=1 was preloaded using link preload but not used within a few seconds from the window's load event. Please make sure it has an appropriate `as` value and it is preloaded intentionally. @ https://www.cabelas.com/l/used-centerfire-pistol#sortCriteria=%40offerprice%20ascending&f-action=Revolver&firstResult=36:0
[ 2735810ms] [WARNING] The resource https://assets.basspro.com/image/upload/b_rgb:FFFFFF,c_pad,dpr_1.0,f_auto,h_375,q_auto,w_600/c_pad,h_375,w_600/v1/ProductImages/UsedGuns/usedgun_102021463_main?pgw=1 was preloaded using link preload but not used within a few seconds from the window's load event. Please make sure it has an appropriate `as` value and it is preloaded intentionally. @ https://www.cabelas.com/l/used-centerfire-pistol#sortCriteria=%40offerprice%20ascending&f-action=Revolver&firstResult=36:0
[ 2735810ms] [WARNING] The resource https://assets.basspro.com/image/upload/b_rgb:FFFFFF,c_pad,dpr_1.0,f_auto,h_375,q_auto,w_600/c_pad,h_375,w_600/v1/ProductImages/UsedGuns/usedgun_102044626_main?pgw=1 was preloaded using link preload but not used within a few seconds from the window's load event. Please make sure it has an appropriate `as` value and it is preloaded intentionally. @ https://www.cabelas.com/l/used-centerfire-pistol#sortCriteria=%40offerprice%20ascending&f-action=Revolver&firstResult=36:0
[ 2735811ms] [WARNING] The resource https://assets.basspro.com/image/upload/b_rgb:FFFFFF,c_pad,dpr_1.0,f_auto,h_375,q_auto,w_600/c_pad,h_375,w_600/v1/ProductImages/UsedGuns/usedgun_102039082_main?pgw=1 was preloaded using link preload but not used within a few seconds from the window's load event. Please make sure it has an appropriate `as` value and it is preloaded intentionally. @ https://www.cabelas.com/l/used-centerfire-pistol#sortCriteria=%40offerprice%20ascending&f-action=Revolver&firstResult=36:0
[ 2745964ms] [WARNING] The resource https://assets.basspro.com/image/upload/b_rgb:FFFFFF,c_pad,dpr_1.0,f_auto,h_375,q_auto,w_600/c_pad,h_375,w_600/v1/ProductImages/UsedGuns/usedgun_102043796_main?pgw=1 was preloaded using link preload but not used within a few seconds from the window's load event. Please make sure it has an appropriate `as` value and it is preloaded intentionally. @ https://www.cabelas.com/l/used-centerfire-pistol#sortCriteria=%40offerprice%20ascending&f-action=Revolver&firstResult=36:0
[ 2745964ms] [WARNING] The resource https://assets.basspro.com/image/upload/b_rgb:FFFFFF,c_pad,dpr_1.0,f_auto,h_375,q_auto,w_600/c_pad,h_375,w_600/v1/ProductImages/UsedGuns/usedgun_102021463_main?pgw=1 was preloaded using link preload but not used within a few seconds from the window's load event. Please make sure it has an appropriate `as` value and it is preloaded intentionally. @ https://www.cabelas.com/l/used-centerfire-pistol#sortCriteria=%40offerprice%20ascending&f-action=Revolver&firstResult=36:0
[ 2745964ms] [WARNING] The resource https://assets.basspro.com/image/upload/b_rgb:FFFFFF,c_pad,dpr_1.0,f_auto,h_375,q_auto,w_600/c_pad,h_375,w_600/v1/ProductImages/UsedGuns/usedgun_102044626_main?pgw=1 was preloaded using link preload but not used within a few seconds from the window's load event. Please make sure it has an appropriate `as` value and it is preloaded intentionally. @ https://www.cabelas.com/l/used-centerfire-pistol#sortCriteria=%40offerprice%20ascending&f-action=Revolver&firstResult=36:0
[ 2745964ms] [WARNING] The resource https://assets.basspro.com/image/upload/b_rgb:FFFFFF,c_pad,dpr_1.0,f_auto,h_375,q_auto,w_600/c_pad,h_375,w_600/v1/ProductImages/UsedGuns/usedgun_102039082_main?pgw=1 was preloaded using link preload but not used within a few seconds from the window's load event. Please make sure it has an appropriate `as` value and it is preloaded intentionally. @ https://www.cabelas.com/l/used-centerfire-pistol#sortCriteria=%40offerprice%20ascending&f-action=Revolver&firstResult=36:0
[ 2761008ms] [WARNING] The resource https://assets.basspro.com/image/upload/b_rgb:FFFFFF,c_pad,dpr_1.0,f_auto,h_375,q_auto,w_600/c_pad,h_375,w_600/v1/ProductImages/UsedGuns/usedgun_102043796_main?pgw=1 was preloaded using link preload but not used within a few seconds from the window's load event. Please make sure it has an appropriate `as` value and it is preloaded intentionally. @ https://www.cabelas.com/l/used-centerfire-pistol#sortCriteria=%40offerprice%20ascending&f-action=Revolver&firstResult=36:0
[ 2761008ms] [WARNING] The resource https://assets.basspro.com/image/upload/b_rgb:FFFFFF,c_pad,dpr_1.0,f_auto,h_375,q_auto,w_600/c_pad,h_375,w_600/v1/ProductImages/UsedGuns/usedgun_102021463_main?pgw=1 was preloaded using link preload but not used within a few seconds from the window's load event. Please make sure it has an appropriate `as` value and it is preloaded intentionally. @ https://www.cabelas.com/l/used-centerfire-pistol#sortCriteria=%40offerprice%20ascending&f-action=Revolver&firstResult=36:0
[ 2761008ms] [WARNING] The resource https://assets.basspro.com/image/upload/b_rgb:FFFFFF,c_pad,dpr_1.0,f_auto,h_375,q_auto,w_600/c_pad,h_375,w_600/v1/ProductImages/UsedGuns/usedgun_102044626_main?pgw=1 was preloaded using link preload but not used within a few seconds from the window's load event. Please make sure it has an appropriate `as` value and it is preloaded intentionally. @ https://www.cabelas.com/l/used-centerfire-pistol#sortCriteria=%40offerprice%20ascending&f-action=Revolver&firstResult=36:0
[ 2761008ms] [WARNING] The resource https://assets.basspro.com/image/upload/b_rgb:FFFFFF,c_pad,dpr_1.0,f_auto,h_375,q_auto,w_600/c_pad,h_375,w_600/v1/ProductImages/UsedGuns/usedgun_102039082_main?pgw=1 was preloaded using link preload but not used within a few seconds from the window's load event. Please make sure it has an appropriate `as` value and it is preloaded intentionally. @ https://www.cabelas.com/l/used-centerfire-pistol#sortCriteria=%40offerprice%20ascending&f-action=Revolver&firstResult=36:0
[ 2777529ms] [WARNING] The resource https://assets.basspro.com/image/upload/b_rgb:FFFFFF,c_pad,dpr_1.0,f_auto,h_375,q_auto,w_600/c_pad,h_375,w_600/v1/ProductImages/UsedGuns/usedgun_102043796_main?pgw=1 was preloaded using link preload but not used within a few seconds from the window's load event. Please make sure it has an appropriate `as` value and it is preloaded intentionally. @ https://www.cabelas.com/l/used-centerfire-pistol#sortCriteria=%40offerprice%20ascending&f-action=Revolver&firstResult=36:0
[ 2777529ms] [WARNING] The resource https://assets.basspro.com/image/upload/b_rgb:FFFFFF,c_pad,dpr_1.0,f_auto,h_375,q_auto,w_600/c_pad,h_375,w_600/v1/ProductImages/UsedGuns/usedgun_102021463_main?pgw=1 was preloaded using link preload but not used within a few seconds from the window's load event. Please make sure it has an appropriate `as` value and it is preloaded intentionally. @ https://www.cabelas.com/l/used-centerfire-pistol#sortCriteria=%40offerprice%20ascending&f-action=Revolver&firstResult=36:0
[ 2777529ms] [WARNING] The resource https://assets.basspro.com/image/upload/b_rgb:FFFFFF,c_pad,dpr_1.0,f_auto,h_375,q_auto,w_600/c_pad,h_375,w_600/v1/ProductImages/UsedGuns/usedgun_102044626_main?pgw=1 was preloaded using link preload but not used within a few seconds from the window's load event. Please make sure it has an appropriate `as` value and it is preloaded intentionally. @ https://www.cabelas.com/l/used-centerfire-pistol#sortCriteria=%40offerprice%20ascending&f-action=Revolver&firstResult=36:0
[ 2777529ms] [WARNING] The resource https://assets.basspro.com/image/upload/b_rgb:FFFFFF,c_pad,dpr_1.0,f_auto,h_375,q_auto,w_600/c_pad,h_375,w_600/v1/ProductImages/UsedGuns/usedgun_102039082_main?pgw=1 was preloaded using link preload but not used within a few seconds from the window's load event. Please make sure it has an appropriate `as` value and it is preloaded intentionally. @ https://www.cabelas.com/l/used-centerfire-pistol#sortCriteria=%40offerprice%20ascending&f-action=Revolver&firstResult=36:0
[ 2796144ms] [WARNING] The resource https://assets.basspro.com/image/upload/b_rgb:FFFFFF,c_pad,dpr_1.0,f_auto,h_375,q_auto,w_600/c_pad,h_375,w_600/v1/ProductImages/UsedGuns/usedgun_102043796_main?pgw=1 was preloaded using link preload but not used within a few seconds from the window's load event. Please make sure it has an appropriate `as` value and it is preloaded intentionally. @ https://www.cabelas.com/l/used-centerfire-pistol#sortCriteria=%40offerprice%20ascending&f-action=Revolver&firstResult=36:0
[ 2796144ms] [WARNING] The resource https://assets.basspro.com/image/upload/b_rgb:FFFFFF,c_pad,dpr_1.0,f_auto,h_375,q_auto,w_600/c_pad,h_375,w_600/v1/ProductImages/UsedGuns/usedgun_102021463_main?pgw=1 was preloaded using link preload but not used within a few seconds from the window's load event. Please make sure it has an appropriate `as` value and it is preloaded intentionally. @ https://www.cabelas.com/l/used-centerfire-pistol#sortCriteria=%40offerprice%20ascending&f-action=Revolver&firstResult=36:0
[ 2796144ms] [WARNING] The resource https://assets.basspro.com/image/upload/b_rgb:FFFFFF,c_pad,dpr_1.0,f_auto,h_375,q_auto,w_600/c_pad,h_375,w_600/v1/ProductImages/UsedGuns/usedgun_102044626_main?pgw=1 was preloaded using link preload but not used within a few seconds from the window's load event. Please make sure it has an appropriate `as` value and it is preloaded intentionally. @ https://www.cabelas.com/l/used-centerfire-pistol#sortCriteria=%40offerprice%20ascending&f-action=Revolver&firstResult=36:0
[ 2796144ms] [WARNING] The resource https://assets.basspro.com/image/upload/b_rgb:FFFFFF,c_pad,dpr_1.0,f_auto,h_375,q_auto,w_600/c_pad,h_375,w_600/v1/ProductImages/UsedGuns/usedgun_102039082_main?pgw=1 was preloaded using link preload but not used within a few seconds from the window's load event. Please make sure it has an appropriate `as` value and it is preloaded intentionally. @ https://www.cabelas.com/l/used-centerfire-pistol#sortCriteria=%40offerprice%20ascending&f-action=Revolver&firstResult=36:0
[ 2826521ms] [WARNING] The resource https://assets.basspro.com/image/upload/b_rgb:FFFFFF,c_pad,dpr_1.0,f_auto,h_375,q_auto,w_600/c_pad,h_375,w_600/v1/ProductImages/UsedGuns/usedgun_102043796_main?pgw=1 was preloaded using link preload but not used within a few seconds from the window's load event. Please make sure it has an appropriate `as` value and it is preloaded intentionally. @ https://www.cabelas.com/l/used-centerfire-pistol#sortCriteria=%40offerprice%20ascending&f-action=Revolver&firstResult=36:0
[ 2826521ms] [WARNING] The resource https://assets.basspro.com/image/upload/b_rgb:FFFFFF,c_pad,dpr_1.0,f_auto,h_375,q_auto,w_600/c_pad,h_375,w_600/v1/ProductImages/UsedGuns/usedgun_102021463_main?pgw=1 was preloaded using link preload but not used within a few seconds from the window's load event. Please make sure it has an appropriate `as` value and it is preloaded intentionally. @ https://www.cabelas.com/l/used-centerfire-pistol#sortCriteria=%40offerprice%20ascending&f-action=Revolver&firstResult=36:0
[ 2826521ms] [WARNING] The resource https://assets.basspro.com/image/upload/b_rgb:FFFFFF,c_pad,dpr_1.0,f_auto,h_375,q_auto,w_600/c_pad,h_375,w_600/v1/ProductImages/UsedGuns/usedgun_102044626_main?pgw=1 was preloaded using link preload but not used within a few seconds from the window's load event. Please make sure it has an appropriate `as` value and it is preloaded intentionally. @ https://www.cabelas.com/l/used-centerfire-pistol#sortCriteria=%40offerprice%20ascending&f-action=Revolver&firstResult=36:0
[ 2826521ms] [WARNING] The resource https://assets.basspro.com/image/upload/b_rgb:FFFFFF,c_pad,dpr_1.0,f_auto,h_375,q_auto,w_600/c_pad,h_375,w_600/v1/ProductImages/UsedGuns/usedgun_102039082_main?pgw=1 was preloaded using link preload but not used within a few seconds from the window's load event. Please make sure it has an appropriate `as` value and it is preloaded intentionally. @ https://www.cabelas.com/l/used-centerfire-pistol#sortCriteria=%40offerprice%20ascending&f-action=Revolver&firstResult=36:0
[ 2856186ms] [WARNING] The resource https://assets.basspro.com/image/upload/b_rgb:FFFFFF,c_pad,dpr_1.0,f_auto,h_375,q_auto,w_600/c_pad,h_375,w_600/v1/ProductImages/UsedGuns/usedgun_102043796_main?pgw=1 was preloaded using link preload but not used within a few seconds from the window's load event. Please make sure it has an appropriate `as` value and it is preloaded intentionally. @ https://www.cabelas.com/l/used-centerfire-pistol#sortCriteria=%40offerprice%20ascending&f-action=Revolver&firstResult=36:0
[ 2856187ms] [WARNING] The resource https://assets.basspro.com/image/upload/b_rgb:FFFFFF,c_pad,dpr_1.0,f_auto,h_375,q_auto,w_600/c_pad,h_375,w_600/v1/ProductImages/UsedGuns/usedgun_102021463_main?pgw=1 was preloaded using link preload but not used within a few seconds from the window's load event. Please make sure it has an appropriate `as` value and it is preloaded intentionally. @ https://www.cabelas.com/l/used-centerfire-pistol#sortCriteria=%40offerprice%20ascending&f-action=Revolver&firstResult=36:0
[ 2856187ms] [WARNING] The resource https://assets.basspro.com/image/upload/b_rgb:FFFFFF,c_pad,dpr_1.0,f_auto,h_375,q_auto,w_600/c_pad,h_375,w_600/v1/ProductImages/UsedGuns/usedgun_102044626_main?pgw=1 was preloaded using link preload but not used within a few seconds from the window's load event. Please make sure it has an appropriate `as` value and it is preloaded intentionally. @ https://www.cabelas.com/l/used-centerfire-pistol#sortCriteria=%40offerprice%20ascending&f-action=Revolver&firstResult=36:0
[ 2856187ms] [WARNING] The resource https://assets.basspro.com/image/upload/b_rgb:FFFFFF,c_pad,dpr_1.0,f_auto,h_375,q_auto,w_600/c_pad,h_375,w_600/v1/ProductImages/UsedGuns/usedgun_102039082_main?pgw=1 was preloaded using link preload but not used within a few seconds from the window's load event. Please make sure it has an appropriate `as` value and it is preloaded intentionally. @ https://www.cabelas.com/l/used-centerfire-pistol#sortCriteria=%40offerprice%20ascending&f-action=Revolver&firstResult=36:0
[ 2886394ms] [WARNING] The resource https://assets.basspro.com/image/upload/b_rgb:FFFFFF,c_pad,dpr_1.0,f_auto,h_375,q_auto,w_600/c_pad,h_375,w_600/v1/ProductImages/UsedGuns/usedgun_102043796_main?pgw=1 was preloaded using link preload but not used within a few seconds from the window's load event. Please make sure it has an appropriate `as` value and it is preloaded intentionally. @ https://www.cabelas.com/l/used-centerfire-pistol#sortCriteria=%40offerprice%20ascending&f-action=Revolver&firstResult=36:0
[ 2886394ms] [WARNING] The resource https://assets.basspro.com/image/upload/b_rgb:FFFFFF,c_pad,dpr_1.0,f_auto,h_375,q_auto,w_600/c_pad,h_375,w_600/v1/ProductImages/UsedGuns/usedgun_102021463_main?pgw=1 was preloaded using link preload but not used within a few seconds from the window's load event. Please make sure it has an appropriate `as` value and it is preloaded intentionally. @ https://www.cabelas.com/l/used-centerfire-pistol#sortCriteria=%40offerprice%20ascending&f-action=Revolver&firstResult=36:0
[ 2886394ms] [WARNING] The resource https://assets.basspro.com/image/upload/b_rgb:FFFFFF,c_pad,dpr_1.0,f_auto,h_375,q_auto,w_600/c_pad,h_375,w_600/v1/ProductImages/UsedGuns/usedgun_102044626_main?pgw=1 was preloaded using link preload but not used within a few seconds from the window's load event. Please make sure it has an appropriate `as` value and it is preloaded intentionally. @ https://www.cabelas.com/l/used-centerfire-pistol#sortCriteria=%40offerprice%20ascending&f-action=Revolver&firstResult=36:0
[ 2886395ms] [WARNING] The resource https://assets.basspro.com/image/upload/b_rgb:FFFFFF,c_pad,dpr_1.0,f_auto,h_375,q_auto,w_600/c_pad,h_375,w_600/v1/ProductImages/UsedGuns/usedgun_102039082_main?pgw=1 was preloaded using link preload but not used within a few seconds from the window's load event. Please make sure it has an appropriate `as` value and it is preloaded intentionally. @ https://www.cabelas.com/l/used-centerfire-pistol#sortCriteria=%40offerprice%20ascending&f-action=Revolver&firstResult=36:0
[ 2917524ms] [WARNING] The resource https://assets.basspro.com/image/upload/b_rgb:FFFFFF,c_pad,dpr_1.0,f_auto,h_375,q_auto,w_600/c_pad,h_375,w_600/v1/ProductImages/UsedGuns/usedgun_102043796_main?pgw=1 was preloaded using link preload but not used within a few seconds from the window's load event. Please make sure it has an appropriate `as` value and it is preloaded intentionally. @ https://www.cabelas.com/l/used-centerfire-pistol#sortCriteria=%40offerprice%20ascending&f-action=Revolver&firstResult=36:0
[ 2917525ms] [WARNING] The resource https://assets.basspro.com/image/upload/b_rgb:FFFFFF,c_pad,dpr_1.0,f_auto,h_375,q_auto,w_600/c_pad,h_375,w_600/v1/ProductImages/UsedGuns/usedgun_102021463_main?pgw=1 was preloaded using link preload but not used within a few seconds from the window's load event. Please make sure it has an appropriate `as` value and it is preloaded intentionally. @ https://www.cabelas.com/l/used-centerfire-pistol#sortCriteria=%40offerprice%20ascending&f-action=Revolver&firstResult=36:0
[ 2917525ms] [WARNING] The resource https://assets.basspro.com/image/upload/b_rgb:FFFFFF,c_pad,dpr_1.0,f_auto,h_375,q_auto,w_600/c_pad,h_375,w_600/v1/ProductImages/UsedGuns/usedgun_102044626_main?pgw=1 was preloaded using link preload but not used within a few seconds from the window's load event. Please make sure it has an appropriate `as` value and it is preloaded intentionally. @ https://www.cabelas.com/l/used-centerfire-pistol#sortCriteria=%40offerprice%20ascending&f-action=Revolver&firstResult=36:0
[ 2917525ms] [WARNING] The resource https://assets.basspro.com/image/upload/b_rgb:FFFFFF,c_pad,dpr_1.0,f_auto,h_375,q_auto,w_600/c_pad,h_375,w_600/v1/ProductImages/UsedGuns/usedgun_102039082_main?pgw=1 was preloaded using link preload but not used within a few seconds from the window's load event. Please make sure it has an appropriate `as` value and it is preloaded intentionally. @ https://www.cabelas.com/l/used-centerfire-pistol#sortCriteria=%40offerprice%20ascending&f-action=Revolver&firstResult=36:0
[ 2941254ms] [WARNING] The resource https://assets.basspro.com/image/upload/b_rgb:FFFFFF,c_pad,dpr_1.0,f_auto,h_375,q_auto,w_600/c_pad,h_375,w_600/v1/ProductImages/UsedGuns/usedgun_102043796_main?pgw=1 was preloaded using link preload but not used within a few seconds from the window's load event. Please make sure it has an appropriate `as` value and it is preloaded intentionally. @ https://www.cabelas.com/l/used-centerfire-pistol#sortCriteria=%40offerprice%20ascending&f-action=Revolver&firstResult=36:0
[ 2941254ms] [WARNING] The resource https://assets.basspro.com/image/upload/b_rgb:FFFFFF,c_pad,dpr_1.0,f_auto,h_375,q_auto,w_600/c_pad,h_375,w_600/v1/ProductImages/UsedGuns/usedgun_102021463_main?pgw=1 was preloaded using link preload but not used within a few seconds from the window's load event. Please make sure it has an appropriate `as` value and it is preloaded intentionally. @ https://www.cabelas.com/l/used-centerfire-pistol#sortCriteria=%40offerprice%20ascending&f-action=Revolver&firstResult=36:0
[ 2941254ms] [WARNING] The resource https://assets.basspro.com/image/upload/b_rgb:FFFFFF,c_pad,dpr_1.0,f_auto,h_375,q_auto,w_600/c_pad,h_375,w_600/v1/ProductImages/UsedGuns/usedgun_102044626_main?pgw=1 was preloaded using link preload but not used within a few seconds from the window's load event. Please make sure it has an appropriate `as` value and it is preloaded intentionally. @ https://www.cabelas.com/l/used-centerfire-pistol#sortCriteria=%40offerprice%20ascending&f-action=Revolver&firstResult=36:0
[ 2941254ms] [WARNING] The resource https://assets.basspro.com/image/upload/b_rgb:FFFFFF,c_pad,dpr_1.0,f_auto,h_375,q_auto,w_600/c_pad,h_375,w_600/v1/ProductImages/UsedGuns/usedgun_102039082_main?pgw=1 was preloaded using link preload but not used within a few seconds from the window's load event. Please make sure it has an appropriate `as` value and it is preloaded intentionally. @ https://www.cabelas.com/l/used-centerfire-pistol#sortCriteria=%40offerprice%20ascending&f-action=Revolver&firstResult=36:0
[ 2949085ms] [WARNING] The resource https://assets.basspro.com/image/upload/b_rgb:FFFFFF,c_pad,dpr_1.0,f_auto,h_375,q_auto,w_600/c_pad,h_375,w_600/v1/ProductImages/UsedGuns/usedgun_102043796_main?pgw=1 was preloaded using link preload but not used within a few seconds from the window's load event. Please make sure it has an appropriate `as` value and it is preloaded intentionally. @ https://www.cabelas.com/l/used-centerfire-pistol#sortCriteria=%40offerprice%20ascending&f-action=Revolver&firstResult=36:0
[ 2949085ms] [WARNING] The resource https://assets.basspro.com/image/upload/b_rgb:FFFFFF,c_pad,dpr_1.0,f_auto,h_375,q_auto,w_600/c_pad,h_375,w_600/v1/ProductImages/UsedGuns/usedgun_102021463_main?pgw=1 was preloaded using link preload but not used within a few seconds from the window's load event. Please make sure it has an appropriate `as` value and it is preloaded intentionally. @ https://www.cabelas.com/l/used-centerfire-pistol#sortCriteria=%40offerprice%20ascending&f-action=Revolver&firstResult=36:0
[ 2949085ms] [WARNING] The resource https://assets.basspro.com/image/upload/b_rgb:FFFFFF,c_pad,dpr_1.0,f_auto,h_375,q_auto,w_600/c_pad,h_375,w_600/v1/ProductImages/UsedGuns/usedgun_102044626_main?pgw=1 was preloaded using link preload but not used within a few seconds from the window's load event. Please make sure it has an appropriate `as` value and it is preloaded intentionally. @ https://www.cabelas.com/l/used-centerfire-pistol#sortCriteria=%40offerprice%20ascending&f-action=Revolver&firstResult=36:0
[ 2949085ms] [WARNING] The resource https://assets.basspro.com/image/upload/b_rgb:FFFFFF,c_pad,dpr_1.0,f_auto,h_375,q_auto,w_600/c_pad,h_375,w_600/v1/ProductImages/UsedGuns/usedgun_102039082_main?pgw=1 was preloaded using link preload but not used within a few seconds from the window's load event. Please make sure it has an appropriate `as` value and it is preloaded intentionally. @ https://www.cabelas.com/l/used-centerfire-pistol#sortCriteria=%40offerprice%20ascending&f-action=Revolver&firstResult=36:0
[ 2977060ms] [WARNING] The resource https://assets.basspro.com/image/upload/b_rgb:FFFFFF,c_pad,dpr_1.0,f_auto,h_375,q_auto,w_600/c_pad,h_375,w_600/v1/ProductImages/UsedGuns/usedgun_102043796_main?pgw=1 was preloaded using link preload but not used within a few seconds from the window's load event. Please make sure it has an appropriate `as` value and it is preloaded intentionally. @ https://www.cabelas.com/l/used-centerfire-pistol#sortCriteria=%40offerprice%20ascending&f-action=Revolver&firstResult=36:0
[ 2977061ms] [WARNING] The resource https://assets.basspro.com/image/upload/b_rgb:FFFFFF,c_pad,dpr_1.0,f_auto,h_375,q_auto,w_600/c_pad,h_375,w_600/v1/ProductImages/UsedGuns/usedgun_102021463_main?pgw=1 was preloaded using link preload but not used within a few seconds from the window's load event. Please make sure it has an appropriate `as` value and it is preloaded intentionally. @ https://www.cabelas.com/l/used-centerfire-pistol#sortCriteria=%40offerprice%20ascending&f-action=Revolver&firstResult=36:0
[ 2977061ms] [WARNING] The resource https://assets.basspro.com/image/upload/b_rgb:FFFFFF,c_pad,dpr_1.0,f_auto,h_375,q_auto,w_600/c_pad,h_375,w_600/v1/ProductImages/UsedGuns/usedgun_102044626_main?pgw=1 was preloaded using link preload but not used within a few seconds from the window's load event. Please make sure it has an appropriate `as` value and it is preloaded intentionally. @ https://www.cabelas.com/l/used-centerfire-pistol#sortCriteria=%40offerprice%20ascending&f-action=Revolver&firstResult=36:0
[ 2977061ms] [WARNING] The resource https://assets.basspro.com/image/upload/b_rgb:FFFFFF,c_pad,dpr_1.0,f_auto,h_375,q_auto,w_600/c_pad,h_375,w_600/v1/ProductImages/UsedGuns/usedgun_102039082_main?pgw=1 was preloaded using link preload but not used within a few seconds from the window's load event. Please make sure it has an appropriate `as` value and it is preloaded intentionally. @ https://www.cabelas.com/l/used-centerfire-pistol#sortCriteria=%40offerprice%20ascending&f-action=Revolver&firstResult=36:0
[ 3008654ms] [WARNING] The resource https://assets.basspro.com/image/upload/b_rgb:FFFFFF,c_pad,dpr_1.0,f_auto,h_375,q_auto,w_600/c_pad,h_375,w_600/v1/ProductImages/UsedGuns/usedgun_102043796_main?pgw=1 was preloaded using link preload but not used within a few seconds from the window's load event. Please make sure it has an appropriate `as` value and it is preloaded intentionally. @ https://www.cabelas.com/l/used-centerfire-pistol#sortCriteria=%40offerprice%20ascending&f-action=Revolver&firstResult=36:0
[ 3008654ms] [WARNING] The resource https://assets.basspro.com/image/upload/b_rgb:FFFFFF,c_pad,dpr_1.0,f_auto,h_375,q_auto,w_600/c_pad,h_375,w_600/v1/ProductImages/UsedGuns/usedgun_102021463_main?pgw=1 was preloaded using link preload but not used within a few seconds from the window's load event. Please make sure it has an appropriate `as` value and it is preloaded intentionally. @ https://www.cabelas.com/l/used-centerfire-pistol#sortCriteria=%40offerprice%20ascending&f-action=Revolver&firstResult=36:0
[ 3008654ms] [WARNING] The resource https://assets.basspro.com/image/upload/b_rgb:FFFFFF,c_pad,dpr_1.0,f_auto,h_375,q_auto,w_600/c_pad,h_375,w_600/v1/ProductImages/UsedGuns/usedgun_102044626_main?pgw=1 was preloaded using link preload but not used within a few seconds from the window's load event. Please make sure it has an appropriate `as` value and it is preloaded intentionally. @ https://www.cabelas.com/l/used-centerfire-pistol#sortCriteria=%40offerprice%20ascending&f-action=Revolver&firstResult=36:0
[ 3008654ms] [WARNING] The resource https://assets.basspro.com/image/upload/b_rgb:FFFFFF,c_pad,dpr_1.0,f_auto,h_375,q_auto,w_600/c_pad,h_375,w_600/v1/ProductImages/UsedGuns/usedgun_102039082_main?pgw=1 was preloaded using link preload but not used within a few seconds from the window's load event. Please make sure it has an appropriate `as` value and it is preloaded intentionally. @ https://www.cabelas.com/l/used-centerfire-pistol#sortCriteria=%40offerprice%20ascending&f-action=Revolver&firstResult=36:0
[ 3036579ms] [WARNING] The resource https://assets.basspro.com/image/upload/b_rgb:FFFFFF,c_pad,dpr_1.0,f_auto,h_375,q_auto,w_600/c_pad,h_375,w_600/v1/ProductImages/UsedGuns/usedgun_102043796_main?pgw=1 was preloaded using link preload but not used within a few seconds from the window's load event. Please make sure it has an appropriate `as` value and it is preloaded intentionally. @ https://www.cabelas.com/l/used-centerfire-pistol#sortCriteria=%40offerprice%20ascending&f-action=Revolver&firstResult=36:0
[ 3036580ms] [WARNING] The resource https://assets.basspro.com/image/upload/b_rgb:FFFFFF,c_pad,dpr_1.0,f_auto,h_375,q_auto,w_600/c_pad,h_375,w_600/v1/ProductImages/UsedGuns/usedgun_102021463_main?pgw=1 was preloaded using link preload but not used within a few seconds from the window's load event. Please make sure it has an appropriate `as` value and it is preloaded intentionally. @ https://www.cabelas.com/l/used-centerfire-pistol#sortCriteria=%40offerprice%20ascending&f-action=Revolver&firstResult=36:0
[ 3036580ms] [WARNING] The resource https://assets.basspro.com/image/upload/b_rgb:FFFFFF,c_pad,dpr_1.0,f_auto,h_375,q_auto,w_600/c_pad,h_375,w_600/v1/ProductImages/UsedGuns/usedgun_102044626_main?pgw=1 was preloaded using link preload but not used within a few seconds from the window's load event. Please make sure it has an appropriate `as` value and it is preloaded intentionally. @ https://www.cabelas.com/l/used-centerfire-pistol#sortCriteria=%40offerprice%20ascending&f-action=Revolver&firstResult=36:0
[ 3036580ms] [WARNING] The resource https://assets.basspro.com/image/upload/b_rgb:FFFFFF,c_pad,dpr_1.0,f_auto,h_375,q_auto,w_600/c_pad,h_375,w_600/v1/ProductImages/UsedGuns/usedgun_102039082_main?pgw=1 was preloaded using link preload but not used within a few seconds from the window's load event. Please make sure it has an appropriate `as` value and it is preloaded intentionally. @ https://www.cabelas.com/l/used-centerfire-pistol#sortCriteria=%40offerprice%20ascending&f-action=Revolver&firstResult=36:0
[ 3068150ms] [WARNING] The resource https://assets.basspro.com/image/upload/b_rgb:FFFFFF,c_pad,dpr_1.0,f_auto,h_375,q_auto,w_600/c_pad,h_375,w_600/v1/ProductImages/UsedGuns/usedgun_102043796_main?pgw=1 was preloaded using link preload but not used within a few seconds from the window's load event. Please make sure it has an appropriate `as` value and it is preloaded intentionally. @ https://www.cabelas.com/l/used-centerfire-pistol#sortCriteria=%40offerprice%20ascending&f-action=Revolver&firstResult=36:0
[ 3068150ms] [WARNING] The resource https://assets.basspro.com/image/upload/b_rgb:FFFFFF,c_pad,dpr_1.0,f_auto,h_375,q_auto,w_600/c_pad,h_375,w_600/v1/ProductImages/UsedGuns/usedgun_102021463_main?pgw=1 was preloaded using link preload but not used within a few seconds from the window's load event. Please make sure it has an appropriate `as` value and it is preloaded intentionally. @ https://www.cabelas.com/l/used-centerfire-pistol#sortCriteria=%40offerprice%20ascending&f-action=Revolver&firstResult=36:0
[ 3068150ms] [WARNING] The resource https://assets.basspro.com/image/upload/b_rgb:FFFFFF,c_pad,dpr_1.0,f_auto,h_375,q_auto,w_600/c_pad,h_375,w_600/v1/ProductImages/UsedGuns/usedgun_102044626_main?pgw=1 was preloaded using link preload but not used within a few seconds from the window's load event. Please make sure it has an appropriate `as` value and it is preloaded intentionally. @ https://www.cabelas.com/l/used-centerfire-pistol#sortCriteria=%40offerprice%20ascending&f-action=Revolver&firstResult=36:0
[ 3068150ms] [WARNING] The resource https://assets.basspro.com/image/upload/b_rgb:FFFFFF,c_pad,dpr_1.0,f_auto,h_375,q_auto,w_600/c_pad,h_375,w_600/v1/ProductImages/UsedGuns/usedgun_102039082_main?pgw=1 was preloaded using link preload but not used within a few seconds from the window's load event. Please make sure it has an appropriate `as` value and it is preloaded intentionally. @ https://www.cabelas.com/l/used-centerfire-pistol#sortCriteria=%40offerprice%20ascending&f-action=Revolver&firstResult=36:0
[ 3096121ms] [WARNING] The resource https://assets.basspro.com/image/upload/b_rgb:FFFFFF,c_pad,dpr_1.0,f_auto,h_375,q_auto,w_600/c_pad,h_375,w_600/v1/ProductImages/UsedGuns/usedgun_102043796_main?pgw=1 was preloaded using link preload but not used within a few seconds from the window's load event. Please make sure it has an appropriate `as` value and it is preloaded intentionally. @ https://www.cabelas.com/l/used-centerfire-pistol#sortCriteria=%40offerprice%20ascending&f-action=Revolver&firstResult=36:0
[ 3096121ms] [WARNING] The resource https://assets.basspro.com/image/upload/b_rgb:FFFFFF,c_pad,dpr_1.0,f_auto,h_375,q_auto,w_600/c_pad,h_375,w_600/v1/ProductImages/UsedGuns/usedgun_102021463_main?pgw=1 was preloaded using link preload but not used within a few seconds from the window's load event. Please make sure it has an appropriate `as` value and it is preloaded intentionally. @ https://www.cabelas.com/l/used-centerfire-pistol#sortCriteria=%40offerprice%20ascending&f-action=Revolver&firstResult=36:0
[ 3096121ms] [WARNING] The resource https://assets.basspro.com/image/upload/b_rgb:FFFFFF,c_pad,dpr_1.0,f_auto,h_375,q_auto,w_600/c_pad,h_375,w_600/v1/ProductImages/UsedGuns/usedgun_102044626_main?pgw=1 was preloaded using link preload but not used within a few seconds from the window's load event. Please make sure it has an appropriate `as` value and it is preloaded intentionally. @ https://www.cabelas.com/l/used-centerfire-pistol#sortCriteria=%40offerprice%20ascending&f-action=Revolver&firstResult=36:0
[ 3096121ms] [WARNING] The resource https://assets.basspro.com/image/upload/b_rgb:FFFFFF,c_pad,dpr_1.0,f_auto,h_375,q_auto,w_600/c_pad,h_375,w_600/v1/ProductImages/UsedGuns/usedgun_102039082_main?pgw=1 was preloaded using link preload but not used within a few seconds from the window's load event. Please make sure it has an appropriate `as` value and it is preloaded intentionally. @ https://www.cabelas.com/l/used-centerfire-pistol#sortCriteria=%40offerprice%20ascending&f-action=Revolver&firstResult=36:0
[ 3121042ms] [WARNING] The resource https://assets.basspro.com/image/upload/b_rgb:FFFFFF,c_pad,dpr_1.0,f_auto,h_375,q_auto,w_600/c_pad,h_375,w_600/v1/ProductImages/UsedGuns/usedgun_102043796_main?pgw=1 was preloaded using link preload but not used within a few seconds from the window's load event. Please make sure it has an appropriate `as` value and it is preloaded intentionally. @ https://www.cabelas.com/l/used-centerfire-pistol#sortCriteria=%40offerprice%20ascending&f-action=Revolver&firstResult=36:0
[ 3121043ms] [WARNING] The resource https://assets.basspro.com/image/upload/b_rgb:FFFFFF,c_pad,dpr_1.0,f_auto,h_375,q_auto,w_600/c_pad,h_375,w_600/v1/ProductImages/UsedGuns/usedgun_102021463_main?pgw=1 was preloaded using link preload but not used within a few seconds from the window's load event. Please make sure it has an appropriate `as` value and it is preloaded intentionally. @ https://www.cabelas.com/l/used-centerfire-pistol#sortCriteria=%40offerprice%20ascending&f-action=Revolver&firstResult=36:0
[ 3121043ms] [WARNING] The resource https://assets.basspro.com/image/upload/b_rgb:FFFFFF,c_pad,dpr_1.0,f_auto,h_375,q_auto,w_600/c_pad,h_375,w_600/v1/ProductImages/UsedGuns/usedgun_102044626_main?pgw=1 was preloaded using link preload but not used within a few seconds from the window's load event. Please make sure it has an appropriate `as` value and it is preloaded intentionally. @ https://www.cabelas.com/l/used-centerfire-pistol#sortCriteria=%40offerprice%20ascending&f-action=Revolver&firstResult=36:0
[ 3121043ms] [WARNING] The resource https://assets.basspro.com/image/upload/b_rgb:FFFFFF,c_pad,dpr_1.0,f_auto,h_375,q_auto,w_600/c_pad,h_375,w_600/v1/ProductImages/UsedGuns/usedgun_102039082_main?pgw=1 was preloaded using link preload but not used within a few seconds from the window's load event. Please make sure it has an appropriate `as` value and it is preloaded intentionally. @ https://www.cabelas.com/l/used-centerfire-pistol#sortCriteria=%40offerprice%20ascending&f-action=Revolver&firstResult=36:0
[ 3127669ms] [WARNING] The resource https://assets.basspro.com/image/upload/b_rgb:FFFFFF,c_pad,dpr_1.0,f_auto,h_375,q_auto,w_600/c_pad,h_375,w_600/v1/ProductImages/UsedGuns/usedgun_102043796_main?pgw=1 was preloaded using link preload but not used within a few seconds from the window's load event. Please make sure it has an appropriate `as` value and it is preloaded intentionally. @ https://www.cabelas.com/l/used-centerfire-pistol#sortCriteria=%40offerprice%20ascending&f-action=Revolver&firstResult=36:0
[ 3127670ms] [WARNING] The resource https://assets.basspro.com/image/upload/b_rgb:FFFFFF,c_pad,dpr_1.0,f_auto,h_375,q_auto,w_600/c_pad,h_375,w_600/v1/ProductImages/UsedGuns/usedgun_102021463_main?pgw=1 was preloaded using link preload but not used within a few seconds from the window's load event. Please make sure it has an appropriate `as` value and it is preloaded intentionally. @ https://www.cabelas.com/l/used-centerfire-pistol#sortCriteria=%40offerprice%20ascending&f-action=Revolver&firstResult=36:0
[ 3127670ms] [WARNING] The resource https://assets.basspro.com/image/upload/b_rgb:FFFFFF,c_pad,dpr_1.0,f_auto,h_375,q_auto,w_600/c_pad,h_375,w_600/v1/ProductImages/UsedGuns/usedgun_102044626_main?pgw=1 was preloaded using link preload but not used within a few seconds from the window's load event. Please make sure it has an appropriate `as` value and it is preloaded intentionally. @ https://www.cabelas.com/l/used-centerfire-pistol#sortCriteria=%40offerprice%20ascending&f-action=Revolver&firstResult=36:0
[ 3127670ms] [WARNING] The resource https://assets.basspro.com/image/upload/b_rgb:FFFFFF,c_pad,dpr_1.0,f_auto,h_375,q_auto,w_600/c_pad,h_375,w_600/v1/ProductImages/UsedGuns/usedgun_102039082_main?pgw=1 was preloaded using link preload but not used within a few seconds from the window's load event. Please make sure it has an appropriate `as` value and it is preloaded intentionally. @ https://www.cabelas.com/l/used-centerfire-pistol#sortCriteria=%40offerprice%20ascending&f-action=Revolver&firstResult=36:0
[ 3155650ms] [WARNING] The resource https://assets.basspro.com/image/upload/b_rgb:FFFFFF,c_pad,dpr_1.0,f_auto,h_375,q_auto,w_600/c_pad,h_375,w_600/v1/ProductImages/UsedGuns/usedgun_102043796_main?pgw=1 was preloaded using link preload but not used within a few seconds from the window's load event. Please make sure it has an appropriate `as` value and it is preloaded intentionally. @ https://www.cabelas.com/l/used-centerfire-pistol#sortCriteria=%40offerprice%20ascending&f-action=Revolver&firstResult=36:0
[ 3155650ms] [WARNING] The resource https://assets.basspro.com/image/upload/b_rgb:FFFFFF,c_pad,dpr_1.0,f_auto,h_375,q_auto,w_600/c_pad,h_375,w_600/v1/ProductImages/UsedGuns/usedgun_102021463_main?pgw=1 was preloaded using link preload but not used within a few seconds from the window's load event. Please make sure it has an appropriate `as` value and it is preloaded intentionally. @ https://www.cabelas.com/l/used-centerfire-pistol#sortCriteria=%40offerprice%20ascending&f-action=Revolver&firstResult=36:0
[ 3155650ms] [WARNING] The resource https://assets.basspro.com/image/upload/b_rgb:FFFFFF,c_pad,dpr_1.0,f_auto,h_375,q_auto,w_600/c_pad,h_375,w_600/v1/ProductImages/UsedGuns/usedgun_102044626_main?pgw=1 was preloaded using link preload but not used within a few seconds from the window's load event. Please make sure it has an appropriate `as` value and it is preloaded intentionally. @ https://www.cabelas.com/l/used-centerfire-pistol#sortCriteria=%40offerprice%20ascending&f-action=Revolver&firstResult=36:0
[ 3155650ms] [WARNING] The resource https://assets.basspro.com/image/upload/b_rgb:FFFFFF,c_pad,dpr_1.0,f_auto,h_375,q_auto,w_600/c_pad,h_375,w_600/v1/ProductImages/UsedGuns/usedgun_102039082_main?pgw=1 was preloaded using link preload but not used within a few seconds from the window's load event. Please make sure it has an appropriate `as` value and it is preloaded intentionally. @ https://www.cabelas.com/l/used-centerfire-pistol#sortCriteria=%40offerprice%20ascending&f-action=Revolver&firstResult=36:0
[ 3187223ms] [WARNING] The resource https://assets.basspro.com/image/upload/b_rgb:FFFFFF,c_pad,dpr_1.0,f_auto,h_375,q_auto,w_600/c_pad,h_375,w_600/v1/ProductImages/UsedGuns/usedgun_102043796_main?pgw=1 was preloaded using link preload but not used within a few seconds from the window's load event. Please make sure it has an appropriate `as` value and it is preloaded intentionally. @ https://www.cabelas.com/l/used-centerfire-pistol#sortCriteria=%40offerprice%20ascending&f-action=Revolver&firstResult=36:0
[ 3187224ms] [WARNING] The resource https://assets.basspro.com/image/upload/b_rgb:FFFFFF,c_pad,dpr_1.0,f_auto,h_375,q_auto,w_600/c_pad,h_375,w_600/v1/ProductImages/UsedGuns/usedgun_102021463_main?pgw=1 was preloaded using link preload but not used within a few seconds from the window's load event. Please make sure it has an appropriate `as` value and it is preloaded intentionally. @ https://www.cabelas.com/l/used-centerfire-pistol#sortCriteria=%40offerprice%20ascending&f-action=Revolver&firstResult=36:0
[ 3187224ms] [WARNING] The resource https://assets.basspro.com/image/upload/b_rgb:FFFFFF,c_pad,dpr_1.0,f_auto,h_375,q_auto,w_600/c_pad,h_375,w_600/v1/ProductImages/UsedGuns/usedgun_102044626_main?pgw=1 was preloaded using link preload but not used within a few seconds from the window's load event. Please make sure it has an appropriate `as` value and it is preloaded intentionally. @ https://www.cabelas.com/l/used-centerfire-pistol#sortCriteria=%40offerprice%20ascending&f-action=Revolver&firstResult=36:0
[ 3187224ms] [WARNING] The resource https://assets.basspro.com/image/upload/b_rgb:FFFFFF,c_pad,dpr_1.0,f_auto,h_375,q_auto,w_600/c_pad,h_375,w_600/v1/ProductImages/UsedGuns/usedgun_102039082_main?pgw=1 was preloaded using link preload but not used within a few seconds from the window's load event. Please make sure it has an appropriate `as` value and it is preloaded intentionally. @ https://www.cabelas.com/l/used-centerfire-pistol#sortCriteria=%40offerprice%20ascending&f-action=Revolver&firstResult=36:0
[ 3215187ms] [WARNING] The resource https://assets.basspro.com/image/upload/b_rgb:FFFFFF,c_pad,dpr_1.0,f_auto,h_375,q_auto,w_600/c_pad,h_375,w_600/v1/ProductImages/UsedGuns/usedgun_102043796_main?pgw=1 was preloaded using link preload but not used within a few seconds from the window's load event. Please make sure it has an appropriate `as` value and it is preloaded intentionally. @ https://www.cabelas.com/l/used-centerfire-pistol#sortCriteria=%40offerprice%20ascending&f-action=Revolver&firstResult=36:0
[ 3215187ms] [WARNING] The resource https://assets.basspro.com/image/upload/b_rgb:FFFFFF,c_pad,dpr_1.0,f_auto,h_375,q_auto,w_600/c_pad,h_375,w_600/v1/ProductImages/UsedGuns/usedgun_102021463_main?pgw=1 was preloaded using link preload but not used within a few seconds from the window's load event. Please make sure it has an appropriate `as` value and it is preloaded intentionally. @ https://www.cabelas.com/l/used-centerfire-pistol#sortCriteria=%40offerprice%20ascending&f-action=Revolver&firstResult=36:0
[ 3215187ms] [WARNING] The resource https://assets.basspro.com/image/upload/b_rgb:FFFFFF,c_pad,dpr_1.0,f_auto,h_375,q_auto,w_600/c_pad,h_375,w_600/v1/ProductImages/UsedGuns/usedgun_102044626_main?pgw=1 was preloaded using link preload but not used within a few seconds from the window's load event. Please make sure it has an appropriate `as` value and it is preloaded intentionally. @ https://www.cabelas.com/l/used-centerfire-pistol#sortCriteria=%40offerprice%20ascending&f-action=Revolver&firstResult=36:0
[ 3215187ms] [WARNING] The resource https://assets.basspro.com/image/upload/b_rgb:FFFFFF,c_pad,dpr_1.0,f_auto,h_375,q_auto,w_600/c_pad,h_375,w_600/v1/ProductImages/UsedGuns/usedgun_102039082_main?pgw=1 was preloaded using link preload but not used within a few seconds from the window's load event. Please make sure it has an appropriate `as` value and it is preloaded intentionally. @ https://www.cabelas.com/l/used-centerfire-pistol#sortCriteria=%40offerprice%20ascending&f-action=Revolver&firstResult=36:0
[ 3246761ms] [WARNING] The resource https://assets.basspro.com/image/upload/b_rgb:FFFFFF,c_pad,dpr_1.0,f_auto,h_375,q_auto,w_600/c_pad,h_375,w_600/v1/ProductImages/UsedGuns/usedgun_102043796_main?pgw=1 was preloaded using link preload but not used within a few seconds from the window's load event. Please make sure it has an appropriate `as` value and it is preloaded intentionally. @ https://www.cabelas.com/l/used-centerfire-pistol#sortCriteria=%40offerprice%20ascending&f-action=Revolver&firstResult=36:0
[ 3246761ms] [WARNING] The resource https://assets.basspro.com/image/upload/b_rgb:FFFFFF,c_pad,dpr_1.0,f_auto,h_375,q_auto,w_600/c_pad,h_375,w_600/v1/ProductImages/UsedGuns/usedgun_102021463_main?pgw=1 was preloaded using link preload but not used within a few seconds from the window's load event. Please make sure it has an appropriate `as` value and it is preloaded intentionally. @ https://www.cabelas.com/l/used-centerfire-pistol#sortCriteria=%40offerprice%20ascending&f-action=Revolver&firstResult=36:0
[ 3246761ms] [WARNING] The resource https://assets.basspro.com/image/upload/b_rgb:FFFFFF,c_pad,dpr_1.0,f_auto,h_375,q_auto,w_600/c_pad,h_375,w_600/v1/ProductImages/UsedGuns/usedgun_102044626_main?pgw=1 was preloaded using link preload but not used within a few seconds from the window's load event. Please make sure it has an appropriate `as` value and it is preloaded intentionally. @ https://www.cabelas.com/l/used-centerfire-pistol#sortCriteria=%40offerprice%20ascending&f-action=Revolver&firstResult=36:0
[ 3246761ms] [WARNING] The resource https://assets.basspro.com/image/upload/b_rgb:FFFFFF,c_pad,dpr_1.0,f_auto,h_375,q_auto,w_600/c_pad,h_375,w_600/v1/ProductImages/UsedGuns/usedgun_102039082_main?pgw=1 was preloaded using link preload but not used within a few seconds from the window's load event. Please make sure it has an appropriate `as` value and it is preloaded intentionally. @ https://www.cabelas.com/l/used-centerfire-pistol#sortCriteria=%40offerprice%20ascending&f-action=Revolver&firstResult=36:0
[ 3273045ms] [WARNING] The resource https://assets.basspro.com/image/upload/b_rgb:FFFFFF,c_pad,dpr_1.0,f_auto,h_375,q_auto,w_600/c_pad,h_375,w_600/v1/ProductImages/UsedGuns/usedgun_102043796_main?pgw=1 was preloaded using link preload but not used within a few seconds from the window's load event. Please make sure it has an appropriate `as` value and it is preloaded intentionally. @ https://www.cabelas.com/l/used-centerfire-pistol#sortCriteria=%40offerprice%20ascending&f-action=Revolver&firstResult=36:0
[ 3273045ms] [WARNING] The resource https://assets.basspro.com/image/upload/b_rgb:FFFFFF,c_pad,dpr_1.0,f_auto,h_375,q_auto,w_600/c_pad,h_375,w_600/v1/ProductImages/UsedGuns/usedgun_102021463_main?pgw=1 was preloaded using link preload but not used within a few seconds from the window's load event. Please make sure it has an appropriate `as` value and it is preloaded intentionally. @ https://www.cabelas.com/l/used-centerfire-pistol#sortCriteria=%40offerprice%20ascending&f-action=Revolver&firstResult=36:0
[ 3273045ms] [WARNING] The resource https://assets.basspro.com/image/upload/b_rgb:FFFFFF,c_pad,dpr_1.0,f_auto,h_375,q_auto,w_600/c_pad,h_375,w_600/v1/ProductImages/UsedGuns/usedgun_102044626_main?pgw=1 was preloaded using link preload but not used within a few seconds from the window's load event. Please make sure it has an appropriate `as` value and it is preloaded intentionally. @ https://www.cabelas.com/l/used-centerfire-pistol#sortCriteria=%40offerprice%20ascending&f-action=Revolver&firstResult=36:0
[ 3273045ms] [WARNING] The resource https://assets.basspro.com/image/upload/b_rgb:FFFFFF,c_pad,dpr_1.0,f_auto,h_375,q_auto,w_600/c_pad,h_375,w_600/v1/ProductImages/UsedGuns/usedgun_102039082_main?pgw=1 was preloaded using link preload but not used within a few seconds from the window's load event. Please make sure it has an appropriate `as` value and it is preloaded intentionally. @ https://www.cabelas.com/l/used-centerfire-pistol#sortCriteria=%40offerprice%20ascending&f-action=Revolver&firstResult=36:0
[ 3303128ms] [WARNING] The resource https://assets.basspro.com/image/upload/b_rgb:FFFFFF,c_pad,dpr_1.0,f_auto,h_375,q_auto,w_600/c_pad,h_375,w_600/v1/ProductImages/UsedGuns/usedgun_102043796_main?pgw=1 was preloaded using link preload but not used within a few seconds from the window's load event. Please make sure it has an appropriate `as` value and it is preloaded intentionally. @ https://www.cabelas.com/l/used-centerfire-pistol#sortCriteria=%40offerprice%20ascending&f-action=Revolver&firstResult=36:0
[ 3303128ms] [WARNING] The resource https://assets.basspro.com/image/upload/b_rgb:FFFFFF,c_pad,dpr_1.0,f_auto,h_375,q_auto,w_600/c_pad,h_375,w_600/v1/ProductImages/UsedGuns/usedgun_102021463_main?pgw=1 was preloaded using link preload but not used within a few seconds from the window's load event. Please make sure it has an appropriate `as` value and it is preloaded intentionally. @ https://www.cabelas.com/l/used-centerfire-pistol#sortCriteria=%40offerprice%20ascending&f-action=Revolver&firstResult=36:0
[ 3303128ms] [WARNING] The resource https://assets.basspro.com/image/upload/b_rgb:FFFFFF,c_pad,dpr_1.0,f_auto,h_375,q_auto,w_600/c_pad,h_375,w_600/v1/ProductImages/UsedGuns/usedgun_102044626_main?pgw=1 was preloaded using link preload but not used within a few seconds from the window's load event. Please make sure it has an appropriate `as` value and it is preloaded intentionally. @ https://www.cabelas.com/l/used-centerfire-pistol#sortCriteria=%40offerprice%20ascending&f-action=Revolver&firstResult=36:0
[ 3303128ms] [WARNING] The resource https://assets.basspro.com/image/upload/b_rgb:FFFFFF,c_pad,dpr_1.0,f_auto,h_375,q_auto,w_600/c_pad,h_375,w_600/v1/ProductImages/UsedGuns/usedgun_102039082_main?pgw=1 was preloaded using link preload but not used within a few seconds from the window's load event. Please make sure it has an appropriate `as` value and it is preloaded intentionally. @ https://www.cabelas.com/l/used-centerfire-pistol#sortCriteria=%40offerprice%20ascending&f-action=Revolver&firstResult=36:0
[ 3334251ms] [WARNING] The resource https://assets.basspro.com/image/upload/b_rgb:FFFFFF,c_pad,dpr_1.0,f_auto,h_375,q_auto,w_600/c_pad,h_375,w_600/v1/ProductImages/UsedGuns/usedgun_102043796_main?pgw=1 was preloaded using link preload but not used within a few seconds from the window's load event. Please make sure it has an appropriate `as` value and it is preloaded intentionally. @ https://www.cabelas.com/l/used-centerfire-pistol#sortCriteria=%40offerprice%20ascending&f-action=Revolver&firstResult=36:0
[ 3334252ms] [WARNING] The resource https://assets.basspro.com/image/upload/b_rgb:FFFFFF,c_pad,dpr_1.0,f_auto,h_375,q_auto,w_600/c_pad,h_375,w_600/v1/ProductImages/UsedGuns/usedgun_102021463_main?pgw=1 was preloaded using link preload but not used within a few seconds from the window's load event. Please make sure it has an appropriate `as` value and it is preloaded intentionally. @ https://www.cabelas.com/l/used-centerfire-pistol#sortCriteria=%40offerprice%20ascending&f-action=Revolver&firstResult=36:0
[ 3334252ms] [WARNING] The resource https://assets.basspro.com/image/upload/b_rgb:FFFFFF,c_pad,dpr_1.0,f_auto,h_375,q_auto,w_600/c_pad,h_375,w_600/v1/ProductImages/UsedGuns/usedgun_102044626_main?pgw=1 was preloaded using link preload but not used within a few seconds from the window's load event. Please make sure it has an appropriate `as` value and it is preloaded intentionally. @ https://www.cabelas.com/l/used-centerfire-pistol#sortCriteria=%40offerprice%20ascending&f-action=Revolver&firstResult=36:0
[ 3334252ms] [WARNING] The resource https://assets.basspro.com/image/upload/b_rgb:FFFFFF,c_pad,dpr_1.0,f_auto,h_375,q_auto,w_600/c_pad,h_375,w_600/v1/ProductImages/UsedGuns/usedgun_102039082_main?pgw=1 was preloaded using link preload but not used within a few seconds from the window's load event. Please make sure it has an appropriate `as` value and it is preloaded intentionally. @ https://www.cabelas.com/l/used-centerfire-pistol#sortCriteria=%40offerprice%20ascending&f-action=Revolver&firstResult=36:0
[ 3345892ms] [WARNING] The resource https://assets.basspro.com/image/upload/b_rgb:FFFFFF,c_pad,dpr_1.0,f_auto,h_375,q_auto,w_600/c_pad,h_375,w_600/v1/ProductImages/UsedGuns/usedgun_102043796_main?pgw=1 was preloaded using link preload but not used within a few seconds from the window's load event. Please make sure it has an appropriate `as` value and it is preloaded intentionally. @ https://www.cabelas.com/l/used-centerfire-pistol#sortCriteria=%40offerprice%20ascending&f-action=Revolver&firstResult=36:0
[ 3345892ms] [WARNING] The resource https://assets.basspro.com/image/upload/b_rgb:FFFFFF,c_pad,dpr_1.0,f_auto,h_375,q_auto,w_600/c_pad,h_375,w_600/v1/ProductImages/UsedGuns/usedgun_102021463_main?pgw=1 was preloaded using link preload but not used within a few seconds from the window's load event. Please make sure it has an appropriate `as` value and it is preloaded intentionally. @ https://www.cabelas.com/l/used-centerfire-pistol#sortCriteria=%40offerprice%20ascending&f-action=Revolver&firstResult=36:0
[ 3345892ms] [WARNING] The resource https://assets.basspro.com/image/upload/b_rgb:FFFFFF,c_pad,dpr_1.0,f_auto,h_375,q_auto,w_600/c_pad,h_375,w_600/v1/ProductImages/UsedGuns/usedgun_102044626_main?pgw=1 was preloaded using link preload but not used within a few seconds from the window's load event. Please make sure it has an appropriate `as` value and it is preloaded intentionally. @ https://www.cabelas.com/l/used-centerfire-pistol#sortCriteria=%40offerprice%20ascending&f-action=Revolver&firstResult=36:0
[ 3345893ms] [WARNING] The resource https://assets.basspro.com/image/upload/b_rgb:FFFFFF,c_pad,dpr_1.0,f_auto,h_375,q_auto,w_600/c_pad,h_375,w_600/v1/ProductImages/UsedGuns/usedgun_102039082_main?pgw=1 was preloaded using link preload but not used within a few seconds from the window's load event. Please make sure it has an appropriate `as` value and it is preloaded intentionally. @ https://www.cabelas.com/l/used-centerfire-pistol#sortCriteria=%40offerprice%20ascending&f-action=Revolver&firstResult=36:0
[ 3376329ms] [WARNING] The resource https://assets.basspro.com/image/upload/b_rgb:FFFFFF,c_pad,dpr_1.0,f_auto,h_375,q_auto,w_600/c_pad,h_375,w_600/v1/ProductImages/UsedGuns/usedgun_102043796_main?pgw=1 was preloaded using link preload but not used within a few seconds from the window's load event. Please make sure it has an appropriate `as` value and it is preloaded intentionally. @ https://www.cabelas.com/l/used-centerfire-pistol#sortCriteria=%40offerprice%20ascending&f-action=Revolver&firstResult=36:0
[ 3376329ms] [WARNING] The resource https://assets.basspro.com/image/upload/b_rgb:FFFFFF,c_pad,dpr_1.0,f_auto,h_375,q_auto,w_600/c_pad,h_375,w_600/v1/ProductImages/UsedGuns/usedgun_102021463_main?pgw=1 was preloaded using link preload but not used within a few seconds from the window's load event. Please make sure it has an appropriate `as` value and it is preloaded intentionally. @ https://www.cabelas.com/l/used-centerfire-pistol#sortCriteria=%40offerprice%20ascending&f-action=Revolver&firstResult=36:0
[ 3376329ms] [WARNING] The resource https://assets.basspro.com/image/upload/b_rgb:FFFFFF,c_pad,dpr_1.0,f_auto,h_375,q_auto,w_600/c_pad,h_375,w_600/v1/ProductImages/UsedGuns/usedgun_102044626_main?pgw=1 was preloaded using link preload but not used within a few seconds from the window's load event. Please make sure it has an appropriate `as` value and it is preloaded intentionally. @ https://www.cabelas.com/l/used-centerfire-pistol#sortCriteria=%40offerprice%20ascending&f-action=Revolver&firstResult=36:0
[ 3376329ms] [WARNING] The resource https://assets.basspro.com/image/upload/b_rgb:FFFFFF,c_pad,dpr_1.0,f_auto,h_375,q_auto,w_600/c_pad,h_375,w_600/v1/ProductImages/UsedGuns/usedgun_102039082_main?pgw=1 was preloaded using link preload but not used within a few seconds from the window's load event. Please make sure it has an appropriate `as` value and it is preloaded intentionally. @ https://www.cabelas.com/l/used-centerfire-pistol#sortCriteria=%40offerprice%20ascending&f-action=Revolver&firstResult=36:0
[ 3393838ms] [WARNING] The resource https://assets.basspro.com/image/upload/b_rgb:FFFFFF,c_pad,dpr_1.0,f_auto,h_375,q_auto,w_600/c_pad,h_375,w_600/v1/ProductImages/UsedGuns/usedgun_102043796_main?pgw=1 was preloaded using link preload but not used within a few seconds from the window's load event. Please make sure it has an appropriate `as` value and it is preloaded intentionally. @ https://www.cabelas.com/l/used-centerfire-pistol#sortCriteria=%40offerprice%20ascending&f-action=Revolver&firstResult=36:0
[ 3393838ms] [WARNING] The resource https://assets.basspro.com/image/upload/b_rgb:FFFFFF,c_pad,dpr_1.0,f_auto,h_375,q_auto,w_600/c_pad,h_375,w_600/v1/ProductImages/UsedGuns/usedgun_102021463_main?pgw=1 was preloaded using link preload but not used within a few seconds from the window's load event. Please make sure it has an appropriate `as` value and it is preloaded intentionally. @ https://www.cabelas.com/l/used-centerfire-pistol#sortCriteria=%40offerprice%20ascending&f-action=Revolver&firstResult=36:0
[ 3393838ms] [WARNING] The resource https://assets.basspro.com/image/upload/b_rgb:FFFFFF,c_pad,dpr_1.0,f_auto,h_375,q_auto,w_600/c_pad,h_375,w_600/v1/ProductImages/UsedGuns/usedgun_102044626_main?pgw=1 was preloaded using link preload but not used within a few seconds from the window's load event. Please make sure it has an appropriate `as` value and it is preloaded intentionally. @ https://www.cabelas.com/l/used-centerfire-pistol#sortCriteria=%40offerprice%20ascending&f-action=Revolver&firstResult=36:0
[ 3393838ms] [WARNING] The resource https://assets.basspro.com/image/upload/b_rgb:FFFFFF,c_pad,dpr_1.0,f_auto,h_375,q_auto,w_600/c_pad,h_375,w_600/v1/ProductImages/UsedGuns/usedgun_102039082_main?pgw=1 was preloaded using link preload but not used within a few seconds from the window's load event. Please make sure it has an appropriate `as` value and it is preloaded intentionally. @ https://www.cabelas.com/l/used-centerfire-pistol#sortCriteria=%40offerprice%20ascending&f-action=Revolver&firstResult=36:0
[ 3454543ms] [WARNING] The resource https://assets.basspro.com/image/upload/b_rgb:FFFFFF,c_pad,dpr_1.0,f_auto,h_375,q_auto,w_600/c_pad,h_375,w_600/v1/ProductImages/UsedGuns/usedgun_102043796_main?pgw=1 was preloaded using link preload but not used within a few seconds from the window's load event. Please make sure it has an appropriate `as` value and it is preloaded intentionally. @ https://www.cabelas.com/l/used-centerfire-pistol#sortCriteria=%40offerprice%20ascending&f-action=Revolver&firstResult=36:0
[ 3454543ms] [WARNING] The resource https://assets.basspro.com/image/upload/b_rgb:FFFFFF,c_pad,dpr_1.0,f_auto,h_375,q_auto,w_600/c_pad,h_375,w_600/v1/ProductImages/UsedGuns/usedgun_102021463_main?pgw=1 was preloaded using link preload but not used within a few seconds from the window's load event. Please make sure it has an appropriate `as` value and it is preloaded intentionally. @ https://www.cabelas.com/l/used-centerfire-pistol#sortCriteria=%40offerprice%20ascending&f-action=Revolver&firstResult=36:0
[ 3454543ms] [WARNING] The resource https://assets.basspro.com/image/upload/b_rgb:FFFFFF,c_pad,dpr_1.0,f_auto,h_375,q_auto,w_600/c_pad,h_375,w_600/v1/ProductImages/UsedGuns/usedgun_102044626_main?pgw=1 was preloaded using link preload but not used within a few seconds from the window's load event. Please make sure it has an appropriate `as` value and it is preloaded intentionally. @ https://www.cabelas.com/l/used-centerfire-pistol#sortCriteria=%40offerprice%20ascending&f-action=Revolver&firstResult=36:0
[ 3454543ms] [WARNING] The resource https://assets.basspro.com/image/upload/b_rgb:FFFFFF,c_pad,dpr_1.0,f_auto,h_375,q_auto,w_600/c_pad,h_375,w_600/v1/ProductImages/UsedGuns/usedgun_102039082_main?pgw=1 was preloaded using link preload but not used within a few seconds from the window's load event. Please make sure it has an appropriate `as` value and it is preloaded intentionally. @ https://www.cabelas.com/l/used-centerfire-pistol#sortCriteria=%40offerprice%20ascending&f-action=Revolver&firstResult=36:0
[ 3481062ms] [WARNING] The resource https://assets.basspro.com/image/upload/b_rgb:FFFFFF,c_pad,dpr_1.0,f_auto,h_375,q_auto,w_600/c_pad,h_375,w_600/v1/ProductImages/UsedGuns/usedgun_102043796_main?pgw=1 was preloaded using link preload but not used within a few seconds from the window's load event. Please make sure it has an appropriate `as` value and it is preloaded intentionally. @ https://www.cabelas.com/l/used-centerfire-pistol#sortCriteria=%40offerprice%20ascending&f-action=Revolver&firstResult=36:0
[ 3481062ms] [WARNING] The resource https://assets.basspro.com/image/upload/b_rgb:FFFFFF,c_pad,dpr_1.0,f_auto,h_375,q_auto,w_600/c_pad,h_375,w_600/v1/ProductImages/UsedGuns/usedgun_102021463_main?pgw=1 was preloaded using link preload but not used within a few seconds from the window's load event. Please make sure it has an appropriate `as` value and it is preloaded intentionally. @ https://www.cabelas.com/l/used-centerfire-pistol#sortCriteria=%40offerprice%20ascending&f-action=Revolver&firstResult=36:0
[ 3481062ms] [WARNING] The resource https://assets.basspro.com/image/upload/b_rgb:FFFFFF,c_pad,dpr_1.0,f_auto,h_375,q_auto,w_600/c_pad,h_375,w_600/v1/ProductImages/UsedGuns/usedgun_102044626_main?pgw=1 was preloaded using link preload but not used within a few seconds from the window's load event. Please make sure it has an appropriate `as` value and it is preloaded intentionally. @ https://www.cabelas.com/l/used-centerfire-pistol#sortCriteria=%40offerprice%20ascending&f-action=Revolver&firstResult=36:0
[ 3481062ms] [WARNING] The resource https://assets.basspro.com/image/upload/b_rgb:FFFFFF,c_pad,dpr_1.0,f_auto,h_375,q_auto,w_600/c_pad,h_375,w_600/v1/ProductImages/UsedGuns/usedgun_102039082_main?pgw=1 was preloaded using link preload but not used within a few seconds from the window's load event. Please make sure it has an appropriate `as` value and it is preloaded intentionally. @ https://www.cabelas.com/l/used-centerfire-pistol#sortCriteria=%40offerprice%20ascending&f-action=Revolver&firstResult=36:0
[ 3513697ms] [WARNING] The resource https://assets.basspro.com/image/upload/b_rgb:FFFFFF,c_pad,dpr_1.0,f_auto,h_375,q_auto,w_600/c_pad,h_375,w_600/v1/ProductImages/UsedGuns/usedgun_102043796_main?pgw=1 was preloaded using link preload but not used within a few seconds from the window's load event. Please make sure it has an appropriate `as` value and it is preloaded intentionally. @ https://www.cabelas.com/l/used-centerfire-pistol#sortCriteria=%40offerprice%20ascending&f-action=Revolver&firstResult=36:0
[ 3513697ms] [WARNING] The resource https://assets.basspro.com/image/upload/b_rgb:FFFFFF,c_pad,dpr_1.0,f_auto,h_375,q_auto,w_600/c_pad,h_375,w_600/v1/ProductImages/UsedGuns/usedgun_102021463_main?pgw=1 was preloaded using link preload but not used within a few seconds from the window's load event. Please make sure it has an appropriate `as` value and it is preloaded intentionally. @ https://www.cabelas.com/l/used-centerfire-pistol#sortCriteria=%40offerprice%20ascending&f-action=Revolver&firstResult=36:0
[ 3513697ms] [WARNING] The resource https://assets.basspro.com/image/upload/b_rgb:FFFFFF,c_pad,dpr_1.0,f_auto,h_375,q_auto,w_600/c_pad,h_375,w_600/v1/ProductImages/UsedGuns/usedgun_102044626_main?pgw=1 was preloaded using link preload but not used within a few seconds from the window's load event. Please make sure it has an appropriate `as` value and it is preloaded intentionally. @ https://www.cabelas.com/l/used-centerfire-pistol#sortCriteria=%40offerprice%20ascending&f-action=Revolver&firstResult=36:0
[ 3513697ms] [WARNING] The resource https://assets.basspro.com/image/upload/b_rgb:FFFFFF,c_pad,dpr_1.0,f_auto,h_375,q_auto,w_600/c_pad,h_375,w_600/v1/ProductImages/UsedGuns/usedgun_102039082_main?pgw=1 was preloaded using link preload but not used within a few seconds from the window's load event. Please make sure it has an appropriate `as` value and it is preloaded intentionally. @ https://www.cabelas.com/l/used-centerfire-pistol#sortCriteria=%40offerprice%20ascending&f-action=Revolver&firstResult=36:0
[ 3572798ms] [WARNING] The resource https://assets.basspro.com/image/upload/b_rgb:FFFFFF,c_pad,dpr_1.0,f_auto,h_375,q_auto,w_600/c_pad,h_375,w_600/v1/ProductImages/UsedGuns/usedgun_102043796_main?pgw=1 was preloaded using link preload but not used within a few seconds from the window's load event. Please make sure it has an appropriate `as` value and it is preloaded intentionally. @ https://www.cabelas.com/l/used-centerfire-pistol#sortCriteria=%40offerprice%20ascending&f-action=Revolver&firstResult=36:0
[ 3572798ms] [WARNING] The resource https://assets.basspro.com/image/upload/b_rgb:FFFFFF,c_pad,dpr_1.0,f_auto,h_375,q_auto,w_600/c_pad,h_375,w_600/v1/ProductImages/UsedGuns/usedgun_102021463_main?pgw=1 was preloaded using link preload but not used within a few seconds from the window's load event. Please make sure it has an appropriate `as` value and it is preloaded intentionally. @ https://www.cabelas.com/l/used-centerfire-pistol#sortCriteria=%40offerprice%20ascending&f-action=Revolver&firstResult=36:0
[ 3572798ms] [WARNING] The resource https://assets.basspro.com/image/upload/b_rgb:FFFFFF,c_pad,dpr_1.0,f_auto,h_375,q_auto,w_600/c_pad,h_375,w_600/v1/ProductImages/UsedGuns/usedgun_102044626_main?pgw=1 was preloaded using link preload but not used within a few seconds from the window's load event. Please make sure it has an appropriate `as` value and it is preloaded intentionally. @ https://www.cabelas.com/l/used-centerfire-pistol#sortCriteria=%40offerprice%20ascending&f-action=Revolver&firstResult=36:0
[ 3572798ms] [WARNING] The resource https://assets.basspro.com/image/upload/b_rgb:FFFFFF,c_pad,dpr_1.0,f_auto,h_375,q_auto,w_600/c_pad,h_375,w_600/v1/ProductImages/UsedGuns/usedgun_102039082_main?pgw=1 was preloaded using link preload but not used within a few seconds from the window's load event. Please make sure it has an appropriate `as` value and it is preloaded intentionally. @ https://www.cabelas.com/l/used-centerfire-pistol#sortCriteria=%40offerprice%20ascending&f-action=Revolver&firstResult=36:0
[ 3631889ms] [WARNING] The resource https://assets.basspro.com/image/upload/b_rgb:FFFFFF,c_pad,dpr_1.0,f_auto,h_375,q_auto,w_600/c_pad,h_375,w_600/v1/ProductImages/UsedGuns/usedgun_102043796_main?pgw=1 was preloaded using link preload but not used within a few seconds from the window's load event. Please make sure it has an appropriate `as` value and it is preloaded intentionally. @ https://www.cabelas.com/l/used-centerfire-pistol#sortCriteria=%40offerprice%20ascending&f-action=Revolver&firstResult=36:0
[ 3631889ms] [WARNING] The resource https://assets.basspro.com/image/upload/b_rgb:FFFFFF,c_pad,dpr_1.0,f_auto,h_375,q_auto,w_600/c_pad,h_375,w_600/v1/ProductImages/UsedGuns/usedgun_102021463_main?pgw=1 was preloaded using link preload but not used within a few seconds from the window's load event. Please make sure it has an appropriate `as` value and it is preloaded intentionally. @ https://www.cabelas.com/l/used-centerfire-pistol#sortCriteria=%40offerprice%20ascending&f-action=Revolver&firstResult=36:0
[ 3631889ms] [WARNING] The resource https://assets.basspro.com/image/upload/b_rgb:FFFFFF,c_pad,dpr_1.0,f_auto,h_375,q_auto,w_600/c_pad,h_375,w_600/v1/ProductImages/UsedGuns/usedgun_102044626_main?pgw=1 was preloaded using link preload but not used within a few seconds from the window's load event. Please make sure it has an appropriate `as` value and it is preloaded intentionally. @ https://www.cabelas.com/l/used-centerfire-pistol#sortCriteria=%40offerprice%20ascending&f-action=Revolver&firstResult=36:0
[ 3631889ms] [WARNING] The resource https://assets.basspro.com/image/upload/b_rgb:FFFFFF,c_pad,dpr_1.0,f_auto,h_375,q_auto,w_600/c_pad,h_375,w_600/v1/ProductImages/UsedGuns/usedgun_102039082_main?pgw=1 was preloaded using link preload but not used within a few seconds from the window's load event. Please make sure it has an appropriate `as` value and it is preloaded intentionally. @ https://www.cabelas.com/l/used-centerfire-pistol#sortCriteria=%40offerprice%20ascending&f-action=Revolver&firstResult=36:0
[ 3661045ms] [WARNING] The resource https://assets.basspro.com/image/upload/b_rgb:FFFFFF,c_pad,dpr_1.0,f_auto,h_375,q_auto,w_600/c_pad,h_375,w_600/v1/ProductImages/UsedGuns/usedgun_102043796_main?pgw=1 was preloaded using link preload but not used within a few seconds from the window's load event. Please make sure it has an appropriate `as` value and it is preloaded intentionally. @ https://www.cabelas.com/l/used-centerfire-pistol#sortCriteria=%40offerprice%20ascending&f-action=Revolver&firstResult=36:0
[ 3661045ms] [WARNING] The resource https://assets.basspro.com/image/upload/b_rgb:FFFFFF,c_pad,dpr_1.0,f_auto,h_375,q_auto,w_600/c_pad,h_375,w_600/v1/ProductImages/UsedGuns/usedgun_102021463_main?pgw=1 was preloaded using link preload but not used within a few seconds from the window's load event. Please make sure it has an appropriate `as` value and it is preloaded intentionally. @ https://www.cabelas.com/l/used-centerfire-pistol#sortCriteria=%40offerprice%20ascending&f-action=Revolver&firstResult=36:0
[ 3661045ms] [WARNING] The resource https://assets.basspro.com/image/upload/b_rgb:FFFFFF,c_pad,dpr_1.0,f_auto,h_375,q_auto,w_600/c_pad,h_375,w_600/v1/ProductImages/UsedGuns/usedgun_102044626_main?pgw=1 was preloaded using link preload but not used within a few seconds from the window's load event. Please make sure it has an appropriate `as` value and it is preloaded intentionally. @ https://www.cabelas.com/l/used-centerfire-pistol#sortCriteria=%40offerprice%20ascending&f-action=Revolver&firstResult=36:0
[ 3661045ms] [WARNING] The resource https://assets.basspro.com/image/upload/b_rgb:FFFFFF,c_pad,dpr_1.0,f_auto,h_375,q_auto,w_600/c_pad,h_375,w_600/v1/ProductImages/UsedGuns/usedgun_102039082_main?pgw=1 was preloaded using link preload but not used within a few seconds from the window's load event. Please make sure it has an appropriate `as` value and it is preloaded intentionally. @ https://www.cabelas.com/l/used-centerfire-pistol#sortCriteria=%40offerprice%20ascending&f-action=Revolver&firstResult=36:0
[ 3690994ms] [WARNING] The resource https://assets.basspro.com/image/upload/b_rgb:FFFFFF,c_pad,dpr_1.0,f_auto,h_375,q_auto,w_600/c_pad,h_375,w_600/v1/ProductImages/UsedGuns/usedgun_102043796_main?pgw=1 was preloaded using link preload but not used within a few seconds from the window's load event. Please make sure it has an appropriate `as` value and it is preloaded intentionally. @ https://www.cabelas.com/l/used-centerfire-pistol#sortCriteria=%40offerprice%20ascending&f-action=Revolver&firstResult=36:0
[ 3690994ms] [WARNING] The resource https://assets.basspro.com/image/upload/b_rgb:FFFFFF,c_pad,dpr_1.0,f_auto,h_375,q_auto,w_600/c_pad,h_375,w_600/v1/ProductImages/UsedGuns/usedgun_102021463_main?pgw=1 was preloaded using link preload but not used within a few seconds from the window's load event. Please make sure it has an appropriate `as` value and it is preloaded intentionally. @ https://www.cabelas.com/l/used-centerfire-pistol#sortCriteria=%40offerprice%20ascending&f-action=Revolver&firstResult=36:0
[ 3690994ms] [WARNING] The resource https://assets.basspro.com/image/upload/b_rgb:FFFFFF,c_pad,dpr_1.0,f_auto,h_375,q_auto,w_600/c_pad,h_375,w_600/v1/ProductImages/UsedGuns/usedgun_102044626_main?pgw=1 was preloaded using link preload but not used within a few seconds from the window's load event. Please make sure it has an appropriate `as` value and it is preloaded intentionally. @ https://www.cabelas.com/l/used-centerfire-pistol#sortCriteria=%40offerprice%20ascending&f-action=Revolver&firstResult=36:0
[ 3690994ms] [WARNING] The resource https://assets.basspro.com/image/upload/b_rgb:FFFFFF,c_pad,dpr_1.0,f_auto,h_375,q_auto,w_600/c_pad,h_375,w_600/v1/ProductImages/UsedGuns/usedgun_102039082_main?pgw=1 was preloaded using link preload but not used within a few seconds from the window's load event. Please make sure it has an appropriate `as` value and it is preloaded intentionally. @ https://www.cabelas.com/l/used-centerfire-pistol#sortCriteria=%40offerprice%20ascending&f-action=Revolver&firstResult=36:0
[ 3751131ms] [WARNING] The resource https://assets.basspro.com/image/upload/b_rgb:FFFFFF,c_pad,dpr_1.0,f_auto,h_375,q_auto,w_600/c_pad,h_375,w_600/v1/ProductImages/UsedGuns/usedgun_102043796_main?pgw=1 was preloaded using link preload but not used within a few seconds from the window's load event. Please make sure it has an appropriate `as` value and it is preloaded intentionally. @ https://www.cabelas.com/l/used-centerfire-pistol#sortCriteria=%40offerprice%20ascending&f-action=Revolver&firstResult=36:0
[ 3751131ms] [WARNING] The resource https://assets.basspro.com/image/upload/b_rgb:FFFFFF,c_pad,dpr_1.0,f_auto,h_375,q_auto,w_600/c_pad,h_375,w_600/v1/ProductImages/UsedGuns/usedgun_102021463_main?pgw=1 was preloaded using link preload but not used within a few seconds from the window's load event. Please make sure it has an appropriate `as` value and it is preloaded intentionally. @ https://www.cabelas.com/l/used-centerfire-pistol#sortCriteria=%40offerprice%20ascending&f-action=Revolver&firstResult=36:0
[ 3751132ms] [WARNING] The resource https://assets.basspro.com/image/upload/b_rgb:FFFFFF,c_pad,dpr_1.0,f_auto,h_375,q_auto,w_600/c_pad,h_375,w_600/v1/ProductImages/UsedGuns/usedgun_102044626_main?pgw=1 was preloaded using link preload but not used within a few seconds from the window's load event. Please make sure it has an appropriate `as` value and it is preloaded intentionally. @ https://www.cabelas.com/l/used-centerfire-pistol#sortCriteria=%40offerprice%20ascending&f-action=Revolver&firstResult=36:0
[ 3751132ms] [WARNING] The resource https://assets.basspro.com/image/upload/b_rgb:FFFFFF,c_pad,dpr_1.0,f_auto,h_375,q_auto,w_600/c_pad,h_375,w_600/v1/ProductImages/UsedGuns/usedgun_102039082_main?pgw=1 was preloaded using link preload but not used within a few seconds from the window's load event. Please make sure it has an appropriate `as` value and it is preloaded intentionally. @ https://www.cabelas.com/l/used-centerfire-pistol#sortCriteria=%40offerprice%20ascending&f-action=Revolver&firstResult=36:0
[ 3811211ms] [WARNING] The resource https://assets.basspro.com/image/upload/b_rgb:FFFFFF,c_pad,dpr_1.0,f_auto,h_375,q_auto,w_600/c_pad,h_375,w_600/v1/ProductImages/UsedGuns/usedgun_102043796_main?pgw=1 was preloaded using link preload but not used within a few seconds from the window's load event. Please make sure it has an appropriate `as` value and it is preloaded intentionally. @ https://www.cabelas.com/l/used-centerfire-pistol#sortCriteria=%40offerprice%20ascending&f-action=Revolver&firstResult=36:0
[ 3811211ms] [WARNING] The resource https://assets.basspro.com/image/upload/b_rgb:FFFFFF,c_pad,dpr_1.0,f_auto,h_375,q_auto,w_600/c_pad,h_375,w_600/v1/ProductImages/UsedGuns/usedgun_102021463_main?pgw=1 was preloaded using link preload but not used within a few seconds from the window's load event. Please make sure it has an appropriate `as` value and it is preloaded intentionally. @ https://www.cabelas.com/l/used-centerfire-pistol#sortCriteria=%40offerprice%20ascending&f-action=Revolver&firstResult=36:0
[ 3811211ms] [WARNING] The resource https://assets.basspro.com/image/upload/b_rgb:FFFFFF,c_pad,dpr_1.0,f_auto,h_375,q_auto,w_600/c_pad,h_375,w_600/v1/ProductImages/UsedGuns/usedgun_102044626_main?pgw=1 was preloaded using link preload but not used within a few seconds from the window's load event. Please make sure it has an appropriate `as` value and it is preloaded intentionally. @ https://www.cabelas.com/l/used-centerfire-pistol#sortCriteria=%40offerprice%20ascending&f-action=Revolver&firstResult=36:0
[ 3811211ms] [WARNING] The resource https://assets.basspro.com/image/upload/b_rgb:FFFFFF,c_pad,dpr_1.0,f_auto,h_375,q_auto,w_600/c_pad,h_375,w_600/v1/ProductImages/UsedGuns/usedgun_102039082_main?pgw=1 was preloaded using link preload but not used within a few seconds from the window's load event. Please make sure it has an appropriate `as` value and it is preloaded intentionally. @ https://www.cabelas.com/l/used-centerfire-pistol#sortCriteria=%40offerprice%20ascending&f-action=Revolver&firstResult=36:0
[ 3841057ms] [WARNING] The resource https://assets.basspro.com/image/upload/b_rgb:FFFFFF,c_pad,dpr_1.0,f_auto,h_375,q_auto,w_600/c_pad,h_375,w_600/v1/ProductImages/UsedGuns/usedgun_102043796_main?pgw=1 was preloaded using link preload but not used within a few seconds from the window's load event. Please make sure it has an appropriate `as` value and it is preloaded intentionally. @ https://www.cabelas.com/l/used-centerfire-pistol#sortCriteria=%40offerprice%20ascending&f-action=Revolver&firstResult=36:0
[ 3841058ms] [WARNING] The resource https://assets.basspro.com/image/upload/b_rgb:FFFFFF,c_pad,dpr_1.0,f_auto,h_375,q_auto,w_600/c_pad,h_375,w_600/v1/ProductImages/UsedGuns/usedgun_102021463_main?pgw=1 was preloaded using link preload but not used within a few seconds from the window's load event. Please make sure it has an appropriate `as` value and it is preloaded intentionally. @ https://www.cabelas.com/l/used-centerfire-pistol#sortCriteria=%40offerprice%20ascending&f-action=Revolver&firstResult=36:0
[ 3841058ms] [WARNING] The resource https://assets.basspro.com/image/upload/b_rgb:FFFFFF,c_pad,dpr_1.0,f_auto,h_375,q_auto,w_600/c_pad,h_375,w_600/v1/ProductImages/UsedGuns/usedgun_102044626_main?pgw=1 was preloaded using link preload but not used within a few seconds from the window's load event. Please make sure it has an appropriate `as` value and it is preloaded intentionally. @ https://www.cabelas.com/l/used-centerfire-pistol#sortCriteria=%40offerprice%20ascending&f-action=Revolver&firstResult=36:0
[ 3841058ms] [WARNING] The resource https://assets.basspro.com/image/upload/b_rgb:FFFFFF,c_pad,dpr_1.0,f_auto,h_375,q_auto,w_600/c_pad,h_375,w_600/v1/ProductImages/UsedGuns/usedgun_102039082_main?pgw=1 was preloaded using link preload but not used within a few seconds from the window's load event. Please make sure it has an appropriate `as` value and it is preloaded intentionally. @ https://www.cabelas.com/l/used-centerfire-pistol#sortCriteria=%40offerprice%20ascending&f-action=Revolver&firstResult=36:0
[ 3871393ms] [WARNING] The resource https://assets.basspro.com/image/upload/b_rgb:FFFFFF,c_pad,dpr_1.0,f_auto,h_375,q_auto,w_600/c_pad,h_375,w_600/v1/ProductImages/UsedGuns/usedgun_102043796_main?pgw=1 was preloaded using link preload but not used within a few seconds from the window's load event. Please make sure it has an appropriate `as` value and it is preloaded intentionally. @ https://www.cabelas.com/l/used-centerfire-pistol#sortCriteria=%40offerprice%20ascending&f-action=Revolver&firstResult=36:0
[ 3871393ms] [WARNING] The resource https://assets.basspro.com/image/upload/b_rgb:FFFFFF,c_pad,dpr_1.0,f_auto,h_375,q_auto,w_600/c_pad,h_375,w_600/v1/ProductImages/UsedGuns/usedgun_102021463_main?pgw=1 was preloaded using link preload but not used within a few seconds from the window's load event. Please make sure it has an appropriate `as` value and it is preloaded intentionally. @ https://www.cabelas.com/l/used-centerfire-pistol#sortCriteria=%40offerprice%20ascending&f-action=Revolver&firstResult=36:0
[ 3871393ms] [WARNING] The resource https://assets.basspro.com/image/upload/b_rgb:FFFFFF,c_pad,dpr_1.0,f_auto,h_375,q_auto,w_600/c_pad,h_375,w_600/v1/ProductImages/UsedGuns/usedgun_102044626_main?pgw=1 was preloaded using link preload but not used within a few seconds from the window's load event. Please make sure it has an appropriate `as` value and it is preloaded intentionally. @ https://www.cabelas.com/l/used-centerfire-pistol#sortCriteria=%40offerprice%20ascending&f-action=Revolver&firstResult=36:0
[ 3871393ms] [WARNING] The resource https://assets.basspro.com/image/upload/b_rgb:FFFFFF,c_pad,dpr_1.0,f_auto,h_375,q_auto,w_600/c_pad,h_375,w_600/v1/ProductImages/UsedGuns/usedgun_102039082_main?pgw=1 was preloaded using link preload but not used within a few seconds from the window's load event. Please make sure it has an appropriate `as` value and it is preloaded intentionally. @ https://www.cabelas.com/l/used-centerfire-pistol#sortCriteria=%40offerprice%20ascending&f-action=Revolver&firstResult=36:0
[ 3931498ms] [WARNING] The resource https://assets.basspro.com/image/upload/b_rgb:FFFFFF,c_pad,dpr_1.0,f_auto,h_375,q_auto,w_600/c_pad,h_375,w_600/v1/ProductImages/UsedGuns/usedgun_102043796_main?pgw=1 was preloaded using link preload but not used within a few seconds from the window's load event. Please make sure it has an appropriate `as` value and it is preloaded intentionally. @ https://www.cabelas.com/l/used-centerfire-pistol#sortCriteria=%40offerprice%20ascending&f-action=Revolver&firstResult=36:0
[ 3931498ms] [WARNING] The resource https://assets.basspro.com/image/upload/b_rgb:FFFFFF,c_pad,dpr_1.0,f_auto,h_375,q_auto,w_600/c_pad,h_375,w_600/v1/ProductImages/UsedGuns/usedgun_102021463_main?pgw=1 was preloaded using link preload but not used within a few seconds from the window's load event. Please make sure it has an appropriate `as` value and it is preloaded intentionally. @ https://www.cabelas.com/l/used-centerfire-pistol#sortCriteria=%40offerprice%20ascending&f-action=Revolver&firstResult=36:0
[ 3931498ms] [WARNING] The resource https://assets.basspro.com/image/upload/b_rgb:FFFFFF,c_pad,dpr_1.0,f_auto,h_375,q_auto,w_600/c_pad,h_375,w_600/v1/ProductImages/UsedGuns/usedgun_102044626_main?pgw=1 was preloaded using link preload but not used within a few seconds from the window's load event. Please make sure it has an appropriate `as` value and it is preloaded intentionally. @ https://www.cabelas.com/l/used-centerfire-pistol#sortCriteria=%40offerprice%20ascending&f-action=Revolver&firstResult=36:0
[ 3931499ms] [WARNING] The resource https://assets.basspro.com/image/upload/b_rgb:FFFFFF,c_pad,dpr_1.0,f_auto,h_375,q_auto,w_600/c_pad,h_375,w_600/v1/ProductImages/UsedGuns/usedgun_102039082_main?pgw=1 was preloaded using link preload but not used within a few seconds from the window's load event. Please make sure it has an appropriate `as` value and it is preloaded intentionally. @ https://www.cabelas.com/l/used-centerfire-pistol#sortCriteria=%40offerprice%20ascending&f-action=Revolver&firstResult=36:0
[ 3945872ms] [WARNING] The resource https://assets.basspro.com/image/upload/b_rgb:FFFFFF,c_pad,dpr_1.0,f_auto,h_375,q_auto,w_600/c_pad,h_375,w_600/v1/ProductImages/UsedGuns/usedgun_102043796_main?pgw=1 was preloaded using link preload but not used within a few seconds from the window's load event. Please make sure it has an appropriate `as` value and it is preloaded intentionally. @ https://www.cabelas.com/l/used-centerfire-pistol#sortCriteria=%40offerprice%20ascending&f-action=Revolver&firstResult=36:0
[ 3945872ms] [WARNING] The resource https://assets.basspro.com/image/upload/b_rgb:FFFFFF,c_pad,dpr_1.0,f_auto,h_375,q_auto,w_600/c_pad,h_375,w_600/v1/ProductImages/UsedGuns/usedgun_102021463_main?pgw=1 was preloaded using link preload but not used within a few seconds from the window's load event. Please make sure it has an appropriate `as` value and it is preloaded intentionally. @ https://www.cabelas.com/l/used-centerfire-pistol#sortCriteria=%40offerprice%20ascending&f-action=Revolver&firstResult=36:0
[ 3945872ms] [WARNING] The resource https://assets.basspro.com/image/upload/b_rgb:FFFFFF,c_pad,dpr_1.0,f_auto,h_375,q_auto,w_600/c_pad,h_375,w_600/v1/ProductImages/UsedGuns/usedgun_102044626_main?pgw=1 was preloaded using link preload but not used within a few seconds from the window's load event. Please make sure it has an appropriate `as` value and it is preloaded intentionally. @ https://www.cabelas.com/l/used-centerfire-pistol#sortCriteria=%40offerprice%20ascending&f-action=Revolver&firstResult=36:0
[ 3945872ms] [WARNING] The resource https://assets.basspro.com/image/upload/b_rgb:FFFFFF,c_pad,dpr_1.0,f_auto,h_375,q_auto,w_600/c_pad,h_375,w_600/v1/ProductImages/UsedGuns/usedgun_102039082_main?pgw=1 was preloaded using link preload but not used within a few seconds from the window's load event. Please make sure it has an appropriate `as` value and it is preloaded intentionally. @ https://www.cabelas.com/l/used-centerfire-pistol#sortCriteria=%40offerprice%20ascending&f-action=Revolver&firstResult=36:0
[ 3990642ms] [WARNING] The resource https://assets.basspro.com/image/upload/b_rgb:FFFFFF,c_pad,dpr_1.0,f_auto,h_375,q_auto,w_600/c_pad,h_375,w_600/v1/ProductImages/UsedGuns/usedgun_102043796_main?pgw=1 was preloaded using link preload but not used within a few seconds from the window's load event. Please make sure it has an appropriate `as` value and it is preloaded intentionally. @ https://www.cabelas.com/l/used-centerfire-pistol#sortCriteria=%40offerprice%20ascending&f-action=Revolver&firstResult=36:0
[ 3990642ms] [WARNING] The resource https://assets.basspro.com/image/upload/b_rgb:FFFFFF,c_pad,dpr_1.0,f_auto,h_375,q_auto,w_600/c_pad,h_375,w_600/v1/ProductImages/UsedGuns/usedgun_102021463_main?pgw=1 was preloaded using link preload but not used within a few seconds from the window's load event. Please make sure it has an appropriate `as` value and it is preloaded intentionally. @ https://www.cabelas.com/l/used-centerfire-pistol#sortCriteria=%40offerprice%20ascending&f-action=Revolver&firstResult=36:0
[ 3990642ms] [WARNING] The resource https://assets.basspro.com/image/upload/b_rgb:FFFFFF,c_pad,dpr_1.0,f_auto,h_375,q_auto,w_600/c_pad,h_375,w_600/v1/ProductImages/UsedGuns/usedgun_102044626_main?pgw=1 was preloaded using link preload but not used within a few seconds from the window's load event. Please make sure it has an appropriate `as` value and it is preloaded intentionally. @ https://www.cabelas.com/l/used-centerfire-pistol#sortCriteria=%40offerprice%20ascending&f-action=Revolver&firstResult=36:0
[ 3990642ms] [WARNING] The resource https://assets.basspro.com/image/upload/b_rgb:FFFFFF,c_pad,dpr_1.0,f_auto,h_375,q_auto,w_600/c_pad,h_375,w_600/v1/ProductImages/UsedGuns/usedgun_102039082_main?pgw=1 was preloaded using link preload but not used within a few seconds from the window's load event. Please make sure it has an appropriate `as` value and it is preloaded intentionally. @ https://www.cabelas.com/l/used-centerfire-pistol#sortCriteria=%40offerprice%20ascending&f-action=Revolver&firstResult=36:0
[ 4021065ms] [WARNING] The resource https://assets.basspro.com/image/upload/b_rgb:FFFFFF,c_pad,dpr_1.0,f_auto,h_375,q_auto,w_600/c_pad,h_375,w_600/v1/ProductImages/UsedGuns/usedgun_102043796_main?pgw=1 was preloaded using link preload but not used within a few seconds from the window's load event. Please make sure it has an appropriate `as` value and it is preloaded intentionally. @ https://www.cabelas.com/l/used-centerfire-pistol#sortCriteria=%40offerprice%20ascending&f-action=Revolver&firstResult=36:0
[ 4021065ms] [WARNING] The resource https://assets.basspro.com/image/upload/b_rgb:FFFFFF,c_pad,dpr_1.0,f_auto,h_375,q_auto,w_600/c_pad,h_375,w_600/v1/ProductImages/UsedGuns/usedgun_102021463_main?pgw=1 was preloaded using link preload but not used within a few seconds from the window's load event. Please make sure it has an appropriate `as` value and it is preloaded intentionally. @ https://www.cabelas.com/l/used-centerfire-pistol#sortCriteria=%40offerprice%20ascending&f-action=Revolver&firstResult=36:0
[ 4021065ms] [WARNING] The resource https://assets.basspro.com/image/upload/b_rgb:FFFFFF,c_pad,dpr_1.0,f_auto,h_375,q_auto,w_600/c_pad,h_375,w_600/v1/ProductImages/UsedGuns/usedgun_102044626_main?pgw=1 was preloaded using link preload but not used within a few seconds from the window's load event. Please make sure it has an appropriate `as` value and it is preloaded intentionally. @ https://www.cabelas.com/l/used-centerfire-pistol#sortCriteria=%40offerprice%20ascending&f-action=Revolver&firstResult=36:0
[ 4021065ms] [WARNING] The resource https://assets.basspro.com/image/upload/b_rgb:FFFFFF,c_pad,dpr_1.0,f_auto,h_375,q_auto,w_600/c_pad,h_375,w_600/v1/ProductImages/UsedGuns/usedgun_102039082_main?pgw=1 was preloaded using link preload but not used within a few seconds from the window's load event. Please make sure it has an appropriate `as` value and it is preloaded intentionally. @ https://www.cabelas.com/l/used-centerfire-pistol#sortCriteria=%40offerprice%20ascending&f-action=Revolver&firstResult=36:0
[ 4049750ms] [WARNING] The resource https://assets.basspro.com/image/upload/b_rgb:FFFFFF,c_pad,dpr_1.0,f_auto,h_375,q_auto,w_600/c_pad,h_375,w_600/v1/ProductImages/UsedGuns/usedgun_102043796_main?pgw=1 was preloaded using link preload but not used within a few seconds from the window's load event. Please make sure it has an appropriate `as` value and it is preloaded intentionally. @ https://www.cabelas.com/l/used-centerfire-pistol#sortCriteria=%40offerprice%20ascending&f-action=Revolver&firstResult=36:0
[ 4049750ms] [WARNING] The resource https://assets.basspro.com/image/upload/b_rgb:FFFFFF,c_pad,dpr_1.0,f_auto,h_375,q_auto,w_600/c_pad,h_375,w_600/v1/ProductImages/UsedGuns/usedgun_102021463_main?pgw=1 was preloaded using link preload but not used within a few seconds from the window's load event. Please make sure it has an appropriate `as` value and it is preloaded intentionally. @ https://www.cabelas.com/l/used-centerfire-pistol#sortCriteria=%40offerprice%20ascending&f-action=Revolver&firstResult=36:0
[ 4049750ms] [WARNING] The resource https://assets.basspro.com/image/upload/b_rgb:FFFFFF,c_pad,dpr_1.0,f_auto,h_375,q_auto,w_600/c_pad,h_375,w_600/v1/ProductImages/UsedGuns/usedgun_102044626_main?pgw=1 was preloaded using link preload but not used within a few seconds from the window's load event. Please make sure it has an appropriate `as` value and it is preloaded intentionally. @ https://www.cabelas.com/l/used-centerfire-pistol#sortCriteria=%40offerprice%20ascending&f-action=Revolver&firstResult=36:0
[ 4049750ms] [WARNING] The resource https://assets.basspro.com/image/upload/b_rgb:FFFFFF,c_pad,dpr_1.0,f_auto,h_375,q_auto,w_600/c_pad,h_375,w_600/v1/ProductImages/UsedGuns/usedgun_102039082_main?pgw=1 was preloaded using link preload but not used within a few seconds from the window's load event. Please make sure it has an appropriate `as` value and it is preloaded intentionally. @ https://www.cabelas.com/l/used-centerfire-pistol#sortCriteria=%40offerprice%20ascending&f-action=Revolver&firstResult=36:0
[ 4109948ms] [WARNING] The resource https://assets.basspro.com/image/upload/b_rgb:FFFFFF,c_pad,dpr_1.0,f_auto,h_375,q_auto,w_600/c_pad,h_375,w_600/v1/ProductImages/UsedGuns/usedgun_102043796_main?pgw=1 was preloaded using link preload but not used within a few seconds from the window's load event. Please make sure it has an appropriate `as` value and it is preloaded intentionally. @ https://www.cabelas.com/l/used-centerfire-pistol#sortCriteria=%40offerprice%20ascending&f-action=Revolver&firstResult=36:0
[ 4109948ms] [WARNING] The resource https://assets.basspro.com/image/upload/b_rgb:FFFFFF,c_pad,dpr_1.0,f_auto,h_375,q_auto,w_600/c_pad,h_375,w_600/v1/ProductImages/UsedGuns/usedgun_102021463_main?pgw=1 was preloaded using link preload but not used within a few seconds from the window's load event. Please make sure it has an appropriate `as` value and it is preloaded intentionally. @ https://www.cabelas.com/l/used-centerfire-pistol#sortCriteria=%40offerprice%20ascending&f-action=Revolver&firstResult=36:0
[ 4109948ms] [WARNING] The resource https://assets.basspro.com/image/upload/b_rgb:FFFFFF,c_pad,dpr_1.0,f_auto,h_375,q_auto,w_600/c_pad,h_375,w_600/v1/ProductImages/UsedGuns/usedgun_102044626_main?pgw=1 was preloaded using link preload but not used within a few seconds from the window's load event. Please make sure it has an appropriate `as` value and it is preloaded intentionally. @ https://www.cabelas.com/l/used-centerfire-pistol#sortCriteria=%40offerprice%20ascending&f-action=Revolver&firstResult=36:0
[ 4109948ms] [WARNING] The resource https://assets.basspro.com/image/upload/b_rgb:FFFFFF,c_pad,dpr_1.0,f_auto,h_375,q_auto,w_600/c_pad,h_375,w_600/v1/ProductImages/UsedGuns/usedgun_102039082_main?pgw=1 was preloaded using link preload but not used within a few seconds from the window's load event. Please make sure it has an appropriate `as` value and it is preloaded intentionally. @ https://www.cabelas.com/l/used-centerfire-pistol#sortCriteria=%40offerprice%20ascending&f-action=Revolver&firstResult=36:0
[ 4170153ms] [WARNING] The resource https://assets.basspro.com/image/upload/b_rgb:FFFFFF,c_pad,dpr_1.0,f_auto,h_375,q_auto,w_600/c_pad,h_375,w_600/v1/ProductImages/UsedGuns/usedgun_102043796_main?pgw=1 was preloaded using link preload but not used within a few seconds from the window's load event. Please make sure it has an appropriate `as` value and it is preloaded intentionally. @ https://www.cabelas.com/l/used-centerfire-pistol#sortCriteria=%40offerprice%20ascending&f-action=Revolver&firstResult=36:0
[ 4170153ms] [WARNING] The resource https://assets.basspro.com/image/upload/b_rgb:FFFFFF,c_pad,dpr_1.0,f_auto,h_375,q_auto,w_600/c_pad,h_375,w_600/v1/ProductImages/UsedGuns/usedgun_102021463_main?pgw=1 was preloaded using link preload but not used within a few seconds from the window's load event. Please make sure it has an appropriate `as` value and it is preloaded intentionally. @ https://www.cabelas.com/l/used-centerfire-pistol#sortCriteria=%40offerprice%20ascending&f-action=Revolver&firstResult=36:0
[ 4170154ms] [WARNING] The resource https://assets.basspro.com/image/upload/b_rgb:FFFFFF,c_pad,dpr_1.0,f_auto,h_375,q_auto,w_600/c_pad,h_375,w_600/v1/ProductImages/UsedGuns/usedgun_102044626_main?pgw=1 was preloaded using link preload but not used within a few seconds from the window's load event. Please make sure it has an appropriate `as` value and it is preloaded intentionally. @ https://www.cabelas.com/l/used-centerfire-pistol#sortCriteria=%40offerprice%20ascending&f-action=Revolver&firstResult=36:0
[ 4170154ms] [WARNING] The resource https://assets.basspro.com/image/upload/b_rgb:FFFFFF,c_pad,dpr_1.0,f_auto,h_375,q_auto,w_600/c_pad,h_375,w_600/v1/ProductImages/UsedGuns/usedgun_102039082_main?pgw=1 was preloaded using link preload but not used within a few seconds from the window's load event. Please make sure it has an appropriate `as` value and it is preloaded intentionally. @ https://www.cabelas.com/l/used-centerfire-pistol#sortCriteria=%40offerprice%20ascending&f-action=Revolver&firstResult=36:0
[ 4201073ms] [WARNING] The resource https://assets.basspro.com/image/upload/b_rgb:FFFFFF,c_pad,dpr_1.0,f_auto,h_375,q_auto,w_600/c_pad,h_375,w_600/v1/ProductImages/UsedGuns/usedgun_102043796_main?pgw=1 was preloaded using link preload but not used within a few seconds from the window's load event. Please make sure it has an appropriate `as` value and it is preloaded intentionally. @ https://www.cabelas.com/l/used-centerfire-pistol#sortCriteria=%40offerprice%20ascending&f-action=Revolver&firstResult=36:0
[ 4201073ms] [WARNING] The resource https://assets.basspro.com/image/upload/b_rgb:FFFFFF,c_pad,dpr_1.0,f_auto,h_375,q_auto,w_600/c_pad,h_375,w_600/v1/ProductImages/UsedGuns/usedgun_102021463_main?pgw=1 was preloaded using link preload but not used within a few seconds from the window's load event. Please make sure it has an appropriate `as` value and it is preloaded intentionally. @ https://www.cabelas.com/l/used-centerfire-pistol#sortCriteria=%40offerprice%20ascending&f-action=Revolver&firstResult=36:0
[ 4201074ms] [WARNING] The resource https://assets.basspro.com/image/upload/b_rgb:FFFFFF,c_pad,dpr_1.0,f_auto,h_375,q_auto,w_600/c_pad,h_375,w_600/v1/ProductImages/UsedGuns/usedgun_102044626_main?pgw=1 was preloaded using link preload but not used within a few seconds from the window's load event. Please make sure it has an appropriate `as` value and it is preloaded intentionally. @ https://www.cabelas.com/l/used-centerfire-pistol#sortCriteria=%40offerprice%20ascending&f-action=Revolver&firstResult=36:0
[ 4201074ms] [WARNING] The resource https://assets.basspro.com/image/upload/b_rgb:FFFFFF,c_pad,dpr_1.0,f_auto,h_375,q_auto,w_600/c_pad,h_375,w_600/v1/ProductImages/UsedGuns/usedgun_102039082_main?pgw=1 was preloaded using link preload but not used within a few seconds from the window's load event. Please make sure it has an appropriate `as` value and it is preloaded intentionally. @ https://www.cabelas.com/l/used-centerfire-pistol#sortCriteria=%40offerprice%20ascending&f-action=Revolver&firstResult=36:0
[ 4230245ms] [WARNING] The resource https://assets.basspro.com/image/upload/b_rgb:FFFFFF,c_pad,dpr_1.0,f_auto,h_375,q_auto,w_600/c_pad,h_375,w_600/v1/ProductImages/UsedGuns/usedgun_102043796_main?pgw=1 was preloaded using link preload but not used within a few seconds from the window's load event. Please make sure it has an appropriate `as` value and it is preloaded intentionally. @ https://www.cabelas.com/l/used-centerfire-pistol#sortCriteria=%40offerprice%20ascending&f-action=Revolver&firstResult=36:0
[ 4230245ms] [WARNING] The resource https://assets.basspro.com/image/upload/b_rgb:FFFFFF,c_pad,dpr_1.0,f_auto,h_375,q_auto,w_600/c_pad,h_375,w_600/v1/ProductImages/UsedGuns/usedgun_102021463_main?pgw=1 was preloaded using link preload but not used within a few seconds from the window's load event. Please make sure it has an appropriate `as` value and it is preloaded intentionally. @ https://www.cabelas.com/l/used-centerfire-pistol#sortCriteria=%40offerprice%20ascending&f-action=Revolver&firstResult=36:0
[ 4230245ms] [WARNING] The resource https://assets.basspro.com/image/upload/b_rgb:FFFFFF,c_pad,dpr_1.0,f_auto,h_375,q_auto,w_600/c_pad,h_375,w_600/v1/ProductImages/UsedGuns/usedgun_102044626_main?pgw=1 was preloaded using link preload but not used within a few seconds from the window's load event. Please make sure it has an appropriate `as` value and it is preloaded intentionally. @ https://www.cabelas.com/l/used-centerfire-pistol#sortCriteria=%40offerprice%20ascending&f-action=Revolver&firstResult=36:0
[ 4230245ms] [WARNING] The resource https://assets.basspro.com/image/upload/b_rgb:FFFFFF,c_pad,dpr_1.0,f_auto,h_375,q_auto,w_600/c_pad,h_375,w_600/v1/ProductImages/UsedGuns/usedgun_102039082_main?pgw=1 was preloaded using link preload but not used within a few seconds from the window's load event. Please make sure it has an appropriate `as` value and it is preloaded intentionally. @ https://www.cabelas.com/l/used-centerfire-pistol#sortCriteria=%40offerprice%20ascending&f-action=Revolver&firstResult=36:0
[ 4246022ms] [WARNING] The resource https://assets.basspro.com/image/upload/b_rgb:FFFFFF,c_pad,dpr_1.0,f_auto,h_375,q_auto,w_600/c_pad,h_375,w_600/v1/ProductImages/UsedGuns/usedgun_102043796_main?pgw=1 was preloaded using link preload but not used within a few seconds from the window's load event. Please make sure it has an appropriate `as` value and it is preloaded intentionally. @ https://www.cabelas.com/l/used-centerfire-pistol#sortCriteria=%40offerprice%20ascending&f-action=Revolver&firstResult=36:0
[ 4246022ms] [WARNING] The resource https://assets.basspro.com/image/upload/b_rgb:FFFFFF,c_pad,dpr_1.0,f_auto,h_375,q_auto,w_600/c_pad,h_375,w_600/v1/ProductImages/UsedGuns/usedgun_102021463_main?pgw=1 was preloaded using link preload but not used within a few seconds from the window's load event. Please make sure it has an appropriate `as` value and it is preloaded intentionally. @ https://www.cabelas.com/l/used-centerfire-pistol#sortCriteria=%40offerprice%20ascending&f-action=Revolver&firstResult=36:0
[ 4246022ms] [WARNING] The resource https://assets.basspro.com/image/upload/b_rgb:FFFFFF,c_pad,dpr_1.0,f_auto,h_375,q_auto,w_600/c_pad,h_375,w_600/v1/ProductImages/UsedGuns/usedgun_102044626_main?pgw=1 was preloaded using link preload but not used within a few seconds from the window's load event. Please make sure it has an appropriate `as` value and it is preloaded intentionally. @ https://www.cabelas.com/l/used-centerfire-pistol#sortCriteria=%40offerprice%20ascending&f-action=Revolver&firstResult=36:0
[ 4246022ms] [WARNING] The resource https://assets.basspro.com/image/upload/b_rgb:FFFFFF,c_pad,dpr_1.0,f_auto,h_375,q_auto,w_600/c_pad,h_375,w_600/v1/ProductImages/UsedGuns/usedgun_102039082_main?pgw=1 was preloaded using link preload but not used within a few seconds from the window's load event. Please make sure it has an appropriate `as` value and it is preloaded intentionally. @ https://www.cabelas.com/l/used-centerfire-pistol#sortCriteria=%40offerprice%20ascending&f-action=Revolver&firstResult=36:0
[ 4290402ms] [WARNING] The resource https://assets.basspro.com/image/upload/b_rgb:FFFFFF,c_pad,dpr_1.0,f_auto,h_375,q_auto,w_600/c_pad,h_375,w_600/v1/ProductImages/UsedGuns/usedgun_102043796_main?pgw=1 was preloaded using link preload but not used within a few seconds from the window's load event. Please make sure it has an appropriate `as` value and it is preloaded intentionally. @ https://www.cabelas.com/l/used-centerfire-pistol#sortCriteria=%40offerprice%20ascending&f-action=Revolver&firstResult=36:0
[ 4290402ms] [WARNING] The resource https://assets.basspro.com/image/upload/b_rgb:FFFFFF,c_pad,dpr_1.0,f_auto,h_375,q_auto,w_600/c_pad,h_375,w_600/v1/ProductImages/UsedGuns/usedgun_102021463_main?pgw=1 was preloaded using link preload but not used within a few seconds from the window's load event. Please make sure it has an appropriate `as` value and it is preloaded intentionally. @ https://www.cabelas.com/l/used-centerfire-pistol#sortCriteria=%40offerprice%20ascending&f-action=Revolver&firstResult=36:0
[ 4290402ms] [WARNING] The resource https://assets.basspro.com/image/upload/b_rgb:FFFFFF,c_pad,dpr_1.0,f_auto,h_375,q_auto,w_600/c_pad,h_375,w_600/v1/ProductImages/UsedGuns/usedgun_102044626_main?pgw=1 was preloaded using link preload but not used within a few seconds from the window's load event. Please make sure it has an appropriate `as` value and it is preloaded intentionally. @ https://www.cabelas.com/l/used-centerfire-pistol#sortCriteria=%40offerprice%20ascending&f-action=Revolver&firstResult=36:0
[ 4290402ms] [WARNING] The resource https://assets.basspro.com/image/upload/b_rgb:FFFFFF,c_pad,dpr_1.0,f_auto,h_375,q_auto,w_600/c_pad,h_375,w_600/v1/ProductImages/UsedGuns/usedgun_102039082_main?pgw=1 was preloaded using link preload but not used within a few seconds from the window's load event. Please make sure it has an appropriate `as` value and it is preloaded intentionally. @ https://www.cabelas.com/l/used-centerfire-pistol#sortCriteria=%40offerprice%20ascending&f-action=Revolver&firstResult=36:0
[ 4350657ms] [WARNING] The resource https://assets.basspro.com/image/upload/b_rgb:FFFFFF,c_pad,dpr_1.0,f_auto,h_375,q_auto,w_600/c_pad,h_375,w_600/v1/ProductImages/UsedGuns/usedgun_102043796_main?pgw=1 was preloaded using link preload but not used within a few seconds from the window's load event. Please make sure it has an appropriate `as` value and it is preloaded intentionally. @ https://www.cabelas.com/l/used-centerfire-pistol#sortCriteria=%40offerprice%20ascending&f-action=Revolver&firstResult=36:0
[ 4350657ms] [WARNING] The resource https://assets.basspro.com/image/upload/b_rgb:FFFFFF,c_pad,dpr_1.0,f_auto,h_375,q_auto,w_600/c_pad,h_375,w_600/v1/ProductImages/UsedGuns/usedgun_102021463_main?pgw=1 was preloaded using link preload but not used within a few seconds from the window's load event. Please make sure it has an appropriate `as` value and it is preloaded intentionally. @ https://www.cabelas.com/l/used-centerfire-pistol#sortCriteria=%40offerprice%20ascending&f-action=Revolver&firstResult=36:0
[ 4350657ms] [WARNING] The resource https://assets.basspro.com/image/upload/b_rgb:FFFFFF,c_pad,dpr_1.0,f_auto,h_375,q_auto,w_600/c_pad,h_375,w_600/v1/ProductImages/UsedGuns/usedgun_102044626_main?pgw=1 was preloaded using link preload but not used within a few seconds from the window's load event. Please make sure it has an appropriate `as` value and it is preloaded intentionally. @ https://www.cabelas.com/l/used-centerfire-pistol#sortCriteria=%40offerprice%20ascending&f-action=Revolver&firstResult=36:0
[ 4350657ms] [WARNING] The resource https://assets.basspro.com/image/upload/b_rgb:FFFFFF,c_pad,dpr_1.0,f_auto,h_375,q_auto,w_600/c_pad,h_375,w_600/v1/ProductImages/UsedGuns/usedgun_102039082_main?pgw=1 was preloaded using link preload but not used within a few seconds from the window's load event. Please make sure it has an appropriate `as` value and it is preloaded intentionally. @ https://www.cabelas.com/l/used-centerfire-pistol#sortCriteria=%40offerprice%20ascending&f-action=Revolver&firstResult=36:0
[ 4381065ms] [WARNING] The resource https://assets.basspro.com/image/upload/b_rgb:FFFFFF,c_pad,dpr_1.0,f_auto,h_375,q_auto,w_600/c_pad,h_375,w_600/v1/ProductImages/UsedGuns/usedgun_102043796_main?pgw=1 was preloaded using link preload but not used within a few seconds from the window's load event. Please make sure it has an appropriate `as` value and it is preloaded intentionally. @ https://www.cabelas.com/l/used-centerfire-pistol#sortCriteria=%40offerprice%20ascending&f-action=Revolver&firstResult=36:0
[ 4381065ms] [WARNING] The resource https://assets.basspro.com/image/upload/b_rgb:FFFFFF,c_pad,dpr_1.0,f_auto,h_375,q_auto,w_600/c_pad,h_375,w_600/v1/ProductImages/UsedGuns/usedgun_102021463_main?pgw=1 was preloaded using link preload but not used within a few seconds from the window's load event. Please make sure it has an appropriate `as` value and it is preloaded intentionally. @ https://www.cabelas.com/l/used-centerfire-pistol#sortCriteria=%40offerprice%20ascending&f-action=Revolver&firstResult=36:0
[ 4381065ms] [WARNING] The resource https://assets.basspro.com/image/upload/b_rgb:FFFFFF,c_pad,dpr_1.0,f_auto,h_375,q_auto,w_600/c_pad,h_375,w_600/v1/ProductImages/UsedGuns/usedgun_102044626_main?pgw=1 was preloaded using link preload but not used within a few seconds from the window's load event. Please make sure it has an appropriate `as` value and it is preloaded intentionally. @ https://www.cabelas.com/l/used-centerfire-pistol#sortCriteria=%40offerprice%20ascending&f-action=Revolver&firstResult=36:0
[ 4381065ms] [WARNING] The resource https://assets.basspro.com/image/upload/b_rgb:FFFFFF,c_pad,dpr_1.0,f_auto,h_375,q_auto,w_600/c_pad,h_375,w_600/v1/ProductImages/UsedGuns/usedgun_102039082_main?pgw=1 was preloaded using link preload but not used within a few seconds from the window's load event. Please make sure it has an appropriate `as` value and it is preloaded intentionally. @ https://www.cabelas.com/l/used-centerfire-pistol#sortCriteria=%40offerprice%20ascending&f-action=Revolver&firstResult=36:0
[ 4409765ms] [WARNING] The resource https://assets.basspro.com/image/upload/b_rgb:FFFFFF,c_pad,dpr_1.0,f_auto,h_375,q_auto,w_600/c_pad,h_375,w_600/v1/ProductImages/UsedGuns/usedgun_102043796_main?pgw=1 was preloaded using link preload but not used within a few seconds from the window's load event. Please make sure it has an appropriate `as` value and it is preloaded intentionally. @ https://www.cabelas.com/l/used-centerfire-pistol#sortCriteria=%40offerprice%20ascending&f-action=Revolver&firstResult=36:0
[ 4409765ms] [WARNING] The resource https://assets.basspro.com/image/upload/b_rgb:FFFFFF,c_pad,dpr_1.0,f_auto,h_375,q_auto,w_600/c_pad,h_375,w_600/v1/ProductImages/UsedGuns/usedgun_102021463_main?pgw=1 was preloaded using link preload but not used within a few seconds from the window's load event. Please make sure it has an appropriate `as` value and it is preloaded intentionally. @ https://www.cabelas.com/l/used-centerfire-pistol#sortCriteria=%40offerprice%20ascending&f-action=Revolver&firstResult=36:0
[ 4409765ms] [WARNING] The resource https://assets.basspro.com/image/upload/b_rgb:FFFFFF,c_pad,dpr_1.0,f_auto,h_375,q_auto,w_600/c_pad,h_375,w_600/v1/ProductImages/UsedGuns/usedgun_102044626_main?pgw=1 was preloaded using link preload but not used within a few seconds from the window's load event. Please make sure it has an appropriate `as` value and it is preloaded intentionally. @ https://www.cabelas.com/l/used-centerfire-pistol#sortCriteria=%40offerprice%20ascending&f-action=Revolver&firstResult=36:0
[ 4409765ms] [WARNING] The resource https://assets.basspro.com/image/upload/b_rgb:FFFFFF,c_pad,dpr_1.0,f_auto,h_375,q_auto,w_600/c_pad,h_375,w_600/v1/ProductImages/UsedGuns/usedgun_102039082_main?pgw=1 was preloaded using link preload but not used within a few seconds from the window's load event. Please make sure it has an appropriate `as` value and it is preloaded intentionally. @ https://www.cabelas.com/l/used-centerfire-pistol#sortCriteria=%40offerprice%20ascending&f-action=Revolver&firstResult=36:0
[ 4468884ms] [WARNING] The resource https://assets.basspro.com/image/upload/b_rgb:FFFFFF,c_pad,dpr_1.0,f_auto,h_375,q_auto,w_600/c_pad,h_375,w_600/v1/ProductImages/UsedGuns/usedgun_102043796_main?pgw=1 was preloaded using link preload but not used within a few seconds from the window's load event. Please make sure it has an appropriate `as` value and it is preloaded intentionally. @ https://www.cabelas.com/l/used-centerfire-pistol#sortCriteria=%40offerprice%20ascending&f-action=Revolver&firstResult=36:0
[ 4468884ms] [WARNING] The resource https://assets.basspro.com/image/upload/b_rgb:FFFFFF,c_pad,dpr_1.0,f_auto,h_375,q_auto,w_600/c_pad,h_375,w_600/v1/ProductImages/UsedGuns/usedgun_102021463_main?pgw=1 was preloaded using link preload but not used within a few seconds from the window's load event. Please make sure it has an appropriate `as` value and it is preloaded intentionally. @ https://www.cabelas.com/l/used-centerfire-pistol#sortCriteria=%40offerprice%20ascending&f-action=Revolver&firstResult=36:0
[ 4468885ms] [WARNING] The resource https://assets.basspro.com/image/upload/b_rgb:FFFFFF,c_pad,dpr_1.0,f_auto,h_375,q_auto,w_600/c_pad,h_375,w_600/v1/ProductImages/UsedGuns/usedgun_102044626_main?pgw=1 was preloaded using link preload but not used within a few seconds from the window's load event. Please make sure it has an appropriate `as` value and it is preloaded intentionally. @ https://www.cabelas.com/l/used-centerfire-pistol#sortCriteria=%40offerprice%20ascending&f-action=Revolver&firstResult=36:0
[ 4468885ms] [WARNING] The resource https://assets.basspro.com/image/upload/b_rgb:FFFFFF,c_pad,dpr_1.0,f_auto,h_375,q_auto,w_600/c_pad,h_375,w_600/v1/ProductImages/UsedGuns/usedgun_102039082_main?pgw=1 was preloaded using link preload but not used within a few seconds from the window's load event. Please make sure it has an appropriate `as` value and it is preloaded intentionally. @ https://www.cabelas.com/l/used-centerfire-pistol#sortCriteria=%40offerprice%20ascending&f-action=Revolver&firstResult=36:0
[ 4527992ms] [WARNING] The resource https://assets.basspro.com/image/upload/b_rgb:FFFFFF,c_pad,dpr_1.0,f_auto,h_375,q_auto,w_600/c_pad,h_375,w_600/v1/ProductImages/UsedGuns/usedgun_102043796_main?pgw=1 was preloaded using link preload but not used within a few seconds from the window's load event. Please make sure it has an appropriate `as` value and it is preloaded intentionally. @ https://www.cabelas.com/l/used-centerfire-pistol#sortCriteria=%40offerprice%20ascending&f-action=Revolver&firstResult=36:0
[ 4527992ms] [WARNING] The resource https://assets.basspro.com/image/upload/b_rgb:FFFFFF,c_pad,dpr_1.0,f_auto,h_375,q_auto,w_600/c_pad,h_375,w_600/v1/ProductImages/UsedGuns/usedgun_102021463_main?pgw=1 was preloaded using link preload but not used within a few seconds from the window's load event. Please make sure it has an appropriate `as` value and it is preloaded intentionally. @ https://www.cabelas.com/l/used-centerfire-pistol#sortCriteria=%40offerprice%20ascending&f-action=Revolver&firstResult=36:0
[ 4527992ms] [WARNING] The resource https://assets.basspro.com/image/upload/b_rgb:FFFFFF,c_pad,dpr_1.0,f_auto,h_375,q_auto,w_600/c_pad,h_375,w_600/v1/ProductImages/UsedGuns/usedgun_102044626_main?pgw=1 was preloaded using link preload but not used within a few seconds from the window's load event. Please make sure it has an appropriate `as` value and it is preloaded intentionally. @ https://www.cabelas.com/l/used-centerfire-pistol#sortCriteria=%40offerprice%20ascending&f-action=Revolver&firstResult=36:0
[ 4527992ms] [WARNING] The resource https://assets.basspro.com/image/upload/b_rgb:FFFFFF,c_pad,dpr_1.0,f_auto,h_375,q_auto,w_600/c_pad,h_375,w_600/v1/ProductImages/UsedGuns/usedgun_102039082_main?pgw=1 was preloaded using link preload but not used within a few seconds from the window's load event. Please make sure it has an appropriate `as` value and it is preloaded intentionally. @ https://www.cabelas.com/l/used-centerfire-pistol#sortCriteria=%40offerprice%20ascending&f-action=Revolver&firstResult=36:0
[ 4546132ms] [WARNING] The resource https://assets.basspro.com/image/upload/b_rgb:FFFFFF,c_pad,dpr_1.0,f_auto,h_375,q_auto,w_600/c_pad,h_375,w_600/v1/ProductImages/UsedGuns/usedgun_102043796_main?pgw=1 was preloaded using link preload but not used within a few seconds from the window's load event. Please make sure it has an appropriate `as` value and it is preloaded intentionally. @ https://www.cabelas.com/l/used-centerfire-pistol#sortCriteria=%40offerprice%20ascending&f-action=Revolver&firstResult=36:0
[ 4546132ms] [WARNING] The resource https://assets.basspro.com/image/upload/b_rgb:FFFFFF,c_pad,dpr_1.0,f_auto,h_375,q_auto,w_600/c_pad,h_375,w_600/v1/ProductImages/UsedGuns/usedgun_102021463_main?pgw=1 was preloaded using link preload but not used within a few seconds from the window's load event. Please make sure it has an appropriate `as` value and it is preloaded intentionally. @ https://www.cabelas.com/l/used-centerfire-pistol#sortCriteria=%40offerprice%20ascending&f-action=Revolver&firstResult=36:0
[ 4546132ms] [WARNING] The resource https://assets.basspro.com/image/upload/b_rgb:FFFFFF,c_pad,dpr_1.0,f_auto,h_375,q_auto,w_600/c_pad,h_375,w_600/v1/ProductImages/UsedGuns/usedgun_102044626_main?pgw=1 was preloaded using link preload but not used within a few seconds from the window's load event. Please make sure it has an appropriate `as` value and it is preloaded intentionally. @ https://www.cabelas.com/l/used-centerfire-pistol#sortCriteria=%40offerprice%20ascending&f-action=Revolver&firstResult=36:0
[ 4546132ms] [WARNING] The resource https://assets.basspro.com/image/upload/b_rgb:FFFFFF,c_pad,dpr_1.0,f_auto,h_375,q_auto,w_600/c_pad,h_375,w_600/v1/ProductImages/UsedGuns/usedgun_102039082_main?pgw=1 was preloaded using link preload but not used within a few seconds from the window's load event. Please make sure it has an appropriate `as` value and it is preloaded intentionally. @ https://www.cabelas.com/l/used-centerfire-pistol#sortCriteria=%40offerprice%20ascending&f-action=Revolver&firstResult=36:0
[ 4561043ms] [WARNING] The resource https://assets.basspro.com/image/upload/b_rgb:FFFFFF,c_pad,dpr_1.0,f_auto,h_375,q_auto,w_600/c_pad,h_375,w_600/v1/ProductImages/UsedGuns/usedgun_102043796_main?pgw=1 was preloaded using link preload but not used within a few seconds from the window's load event. Please make sure it has an appropriate `as` value and it is preloaded intentionally. @ https://www.cabelas.com/l/used-centerfire-pistol#sortCriteria=%40offerprice%20ascending&f-action=Revolver&firstResult=36:0
[ 4561043ms] [WARNING] The resource https://assets.basspro.com/image/upload/b_rgb:FFFFFF,c_pad,dpr_1.0,f_auto,h_375,q_auto,w_600/c_pad,h_375,w_600/v1/ProductImages/UsedGuns/usedgun_102021463_main?pgw=1 was preloaded using link preload but not used within a few seconds from the window's load event. Please make sure it has an appropriate `as` value and it is preloaded intentionally. @ https://www.cabelas.com/l/used-centerfire-pistol#sortCriteria=%40offerprice%20ascending&f-action=Revolver&firstResult=36:0
[ 4561043ms] [WARNING] The resource https://assets.basspro.com/image/upload/b_rgb:FFFFFF,c_pad,dpr_1.0,f_auto,h_375,q_auto,w_600/c_pad,h_375,w_600/v1/ProductImages/UsedGuns/usedgun_102044626_main?pgw=1 was preloaded using link preload but not used within a few seconds from the window's load event. Please make sure it has an appropriate `as` value and it is preloaded intentionally. @ https://www.cabelas.com/l/used-centerfire-pistol#sortCriteria=%40offerprice%20ascending&f-action=Revolver&firstResult=36:0
[ 4561043ms] [WARNING] The resource https://assets.basspro.com/image/upload/b_rgb:FFFFFF,c_pad,dpr_1.0,f_auto,h_375,q_auto,w_600/c_pad,h_375,w_600/v1/ProductImages/UsedGuns/usedgun_102039082_main?pgw=1 was preloaded using link preload but not used within a few seconds from the window's load event. Please make sure it has an appropriate `as` value and it is preloaded intentionally. @ https://www.cabelas.com/l/used-centerfire-pistol#sortCriteria=%40offerprice%20ascending&f-action=Revolver&firstResult=36:0
[ 4588053ms] [WARNING] The resource https://assets.basspro.com/image/upload/b_rgb:FFFFFF,c_pad,dpr_1.0,f_auto,h_375,q_auto,w_600/c_pad,h_375,w_600/v1/ProductImages/UsedGuns/usedgun_102043796_main?pgw=1 was preloaded using link preload but not used within a few seconds from the window's load event. Please make sure it has an appropriate `as` value and it is preloaded intentionally. @ https://www.cabelas.com/l/used-centerfire-pistol#sortCriteria=%40offerprice%20ascending&f-action=Revolver&firstResult=36:0
[ 4588053ms] [WARNING] The resource https://assets.basspro.com/image/upload/b_rgb:FFFFFF,c_pad,dpr_1.0,f_auto,h_375,q_auto,w_600/c_pad,h_375,w_600/v1/ProductImages/UsedGuns/usedgun_102021463_main?pgw=1 was preloaded using link preload but not used within a few seconds from the window's load event. Please make sure it has an appropriate `as` value and it is preloaded intentionally. @ https://www.cabelas.com/l/used-centerfire-pistol#sortCriteria=%40offerprice%20ascending&f-action=Revolver&firstResult=36:0
[ 4588053ms] [WARNING] The resource https://assets.basspro.com/image/upload/b_rgb:FFFFFF,c_pad,dpr_1.0,f_auto,h_375,q_auto,w_600/c_pad,h_375,w_600/v1/ProductImages/UsedGuns/usedgun_102044626_main?pgw=1 was preloaded using link preload but not used within a few seconds from the window's load event. Please make sure it has an appropriate `as` value and it is preloaded intentionally. @ https://www.cabelas.com/l/used-centerfire-pistol#sortCriteria=%40offerprice%20ascending&f-action=Revolver&firstResult=36:0
[ 4588053ms] [WARNING] The resource https://assets.basspro.com/image/upload/b_rgb:FFFFFF,c_pad,dpr_1.0,f_auto,h_375,q_auto,w_600/c_pad,h_375,w_600/v1/ProductImages/UsedGuns/usedgun_102039082_main?pgw=1 was preloaded using link preload but not used within a few seconds from the window's load event. Please make sure it has an appropriate `as` value and it is preloaded intentionally. @ https://www.cabelas.com/l/used-centerfire-pistol#sortCriteria=%40offerprice%20ascending&f-action=Revolver&firstResult=36:0
[ 4648181ms] [WARNING] The resource https://assets.basspro.com/image/upload/b_rgb:FFFFFF,c_pad,dpr_1.0,f_auto,h_375,q_auto,w_600/c_pad,h_375,w_600/v1/ProductImages/UsedGuns/usedgun_102043796_main?pgw=1 was preloaded using link preload but not used within a few seconds from the window's load event. Please make sure it has an appropriate `as` value and it is preloaded intentionally. @ https://www.cabelas.com/l/used-centerfire-pistol#sortCriteria=%40offerprice%20ascending&f-action=Revolver&firstResult=36:0
[ 4648181ms] [WARNING] The resource https://assets.basspro.com/image/upload/b_rgb:FFFFFF,c_pad,dpr_1.0,f_auto,h_375,q_auto,w_600/c_pad,h_375,w_600/v1/ProductImages/UsedGuns/usedgun_102021463_main?pgw=1 was preloaded using link preload but not used within a few seconds from the window's load event. Please make sure it has an appropriate `as` value and it is preloaded intentionally. @ https://www.cabelas.com/l/used-centerfire-pistol#sortCriteria=%40offerprice%20ascending&f-action=Revolver&firstResult=36:0
[ 4648181ms] [WARNING] The resource https://assets.basspro.com/image/upload/b_rgb:FFFFFF,c_pad,dpr_1.0,f_auto,h_375,q_auto,w_600/c_pad,h_375,w_600/v1/ProductImages/UsedGuns/usedgun_102044626_main?pgw=1 was preloaded using link preload but not used within a few seconds from the window's load event. Please make sure it has an appropriate `as` value and it is preloaded intentionally. @ https://www.cabelas.com/l/used-centerfire-pistol#sortCriteria=%40offerprice%20ascending&f-action=Revolver&firstResult=36:0
[ 4648181ms] [WARNING] The resource https://assets.basspro.com/image/upload/b_rgb:FFFFFF,c_pad,dpr_1.0,f_auto,h_375,q_auto,w_600/c_pad,h_375,w_600/v1/ProductImages/UsedGuns/usedgun_102039082_main?pgw=1 was preloaded using link preload but not used within a few seconds from the window's load event. Please make sure it has an appropriate `as` value and it is preloaded intentionally. @ https://www.cabelas.com/l/used-centerfire-pistol#sortCriteria=%40offerprice%20ascending&f-action=Revolver&firstResult=36:0
[ 4708225ms] [WARNING] The resource https://assets.basspro.com/image/upload/b_rgb:FFFFFF,c_pad,dpr_1.0,f_auto,h_375,q_auto,w_600/c_pad,h_375,w_600/v1/ProductImages/UsedGuns/usedgun_102043796_main?pgw=1 was preloaded using link preload but not used within a few seconds from the window's load event. Please make sure it has an appropriate `as` value and it is preloaded intentionally. @ https://www.cabelas.com/l/used-centerfire-pistol#sortCriteria=%40offerprice%20ascending&f-action=Revolver&firstResult=36:0
[ 4708225ms] [WARNING] The resource https://assets.basspro.com/image/upload/b_rgb:FFFFFF,c_pad,dpr_1.0,f_auto,h_375,q_auto,w_600/c_pad,h_375,w_600/v1/ProductImages/UsedGuns/usedgun_102021463_main?pgw=1 was preloaded using link preload but not used within a few seconds from the window's load event. Please make sure it has an appropriate `as` value and it is preloaded intentionally. @ https://www.cabelas.com/l/used-centerfire-pistol#sortCriteria=%40offerprice%20ascending&f-action=Revolver&firstResult=36:0
[ 4708225ms] [WARNING] The resource https://assets.basspro.com/image/upload/b_rgb:FFFFFF,c_pad,dpr_1.0,f_auto,h_375,q_auto,w_600/c_pad,h_375,w_600/v1/ProductImages/UsedGuns/usedgun_102044626_main?pgw=1 was preloaded using link preload but not used within a few seconds from the window's load event. Please make sure it has an appropriate `as` value and it is preloaded intentionally. @ https://www.cabelas.com/l/used-centerfire-pistol#sortCriteria=%40offerprice%20ascending&f-action=Revolver&firstResult=36:0
[ 4708225ms] [WARNING] The resource https://assets.basspro.com/image/upload/b_rgb:FFFFFF,c_pad,dpr_1.0,f_auto,h_375,q_auto,w_600/c_pad,h_375,w_600/v1/ProductImages/UsedGuns/usedgun_102039082_main?pgw=1 was preloaded using link preload but not used within a few seconds from the window's load event. Please make sure it has an appropriate `as` value and it is preloaded intentionally. @ https://www.cabelas.com/l/used-centerfire-pistol#sortCriteria=%40offerprice%20ascending&f-action=Revolver&firstResult=36:0
[ 4741063ms] [WARNING] The resource https://assets.basspro.com/image/upload/b_rgb:FFFFFF,c_pad,dpr_1.0,f_auto,h_375,q_auto,w_600/c_pad,h_375,w_600/v1/ProductImages/UsedGuns/usedgun_102043796_main?pgw=1 was preloaded using link preload but not used within a few seconds from the window's load event. Please make sure it has an appropriate `as` value and it is preloaded intentionally. @ https://www.cabelas.com/l/used-centerfire-pistol#sortCriteria=%40offerprice%20ascending&f-action=Revolver&firstResult=36:0
[ 4741063ms] [WARNING] The resource https://assets.basspro.com/image/upload/b_rgb:FFFFFF,c_pad,dpr_1.0,f_auto,h_375,q_auto,w_600/c_pad,h_375,w_600/v1/ProductImages/UsedGuns/usedgun_102021463_main?pgw=1 was preloaded using link preload but not used within a few seconds from the window's load event. Please make sure it has an appropriate `as` value and it is preloaded intentionally. @ https://www.cabelas.com/l/used-centerfire-pistol#sortCriteria=%40offerprice%20ascending&f-action=Revolver&firstResult=36:0
[ 4741063ms] [WARNING] The resource https://assets.basspro.com/image/upload/b_rgb:FFFFFF,c_pad,dpr_1.0,f_auto,h_375,q_auto,w_600/c_pad,h_375,w_600/v1/ProductImages/UsedGuns/usedgun_102044626_main?pgw=1 was preloaded using link preload but not used within a few seconds from the window's load event. Please make sure it has an appropriate `as` value and it is preloaded intentionally. @ https://www.cabelas.com/l/used-centerfire-pistol#sortCriteria=%40offerprice%20ascending&f-action=Revolver&firstResult=36:0
[ 4741063ms] [WARNING] The resource https://assets.basspro.com/image/upload/b_rgb:FFFFFF,c_pad,dpr_1.0,f_auto,h_375,q_auto,w_600/c_pad,h_375,w_600/v1/ProductImages/UsedGuns/usedgun_102039082_main?pgw=1 was preloaded using link preload but not used within a few seconds from the window's load event. Please make sure it has an appropriate `as` value and it is preloaded intentionally. @ https://www.cabelas.com/l/used-centerfire-pistol#sortCriteria=%40offerprice%20ascending&f-action=Revolver&firstResult=36:0
[ 4769497ms] [WARNING] The resource https://assets.basspro.com/image/upload/b_rgb:FFFFFF,c_pad,dpr_1.0,f_auto,h_375,q_auto,w_600/c_pad,h_375,w_600/v1/ProductImages/UsedGuns/usedgun_102043796_main?pgw=1 was preloaded using link preload but not used within a few seconds from the window's load event. Please make sure it has an appropriate `as` value and it is preloaded intentionally. @ https://www.cabelas.com/l/used-centerfire-pistol#sortCriteria=%40offerprice%20ascending&f-action=Revolver&firstResult=36:0
[ 4769497ms] [WARNING] The resource https://assets.basspro.com/image/upload/b_rgb:FFFFFF,c_pad,dpr_1.0,f_auto,h_375,q_auto,w_600/c_pad,h_375,w_600/v1/ProductImages/UsedGuns/usedgun_102021463_main?pgw=1 was preloaded using link preload but not used within a few seconds from the window's load event. Please make sure it has an appropriate `as` value and it is preloaded intentionally. @ https://www.cabelas.com/l/used-centerfire-pistol#sortCriteria=%40offerprice%20ascending&f-action=Revolver&firstResult=36:0
[ 4769497ms] [WARNING] The resource https://assets.basspro.com/image/upload/b_rgb:FFFFFF,c_pad,dpr_1.0,f_auto,h_375,q_auto,w_600/c_pad,h_375,w_600/v1/ProductImages/UsedGuns/usedgun_102044626_main?pgw=1 was preloaded using link preload but not used within a few seconds from the window's load event. Please make sure it has an appropriate `as` value and it is preloaded intentionally. @ https://www.cabelas.com/l/used-centerfire-pistol#sortCriteria=%40offerprice%20ascending&f-action=Revolver&firstResult=36:0
[ 4769498ms] [WARNING] The resource https://assets.basspro.com/image/upload/b_rgb:FFFFFF,c_pad,dpr_1.0,f_auto,h_375,q_auto,w_600/c_pad,h_375,w_600/v1/ProductImages/UsedGuns/usedgun_102039082_main?pgw=1 was preloaded using link preload but not used within a few seconds from the window's load event. Please make sure it has an appropriate `as` value and it is preloaded intentionally. @ https://www.cabelas.com/l/used-centerfire-pistol#sortCriteria=%40offerprice%20ascending&f-action=Revolver&firstResult=36:0
[ 4828672ms] [WARNING] The resource https://assets.basspro.com/image/upload/b_rgb:FFFFFF,c_pad,dpr_1.0,f_auto,h_375,q_auto,w_600/c_pad,h_375,w_600/v1/ProductImages/UsedGuns/usedgun_102043796_main?pgw=1 was preloaded using link preload but not used within a few seconds from the window's load event. Please make sure it has an appropriate `as` value and it is preloaded intentionally. @ https://www.cabelas.com/l/used-centerfire-pistol#sortCriteria=%40offerprice%20ascending&f-action=Revolver&firstResult=36:0
[ 4828672ms] [WARNING] The resource https://assets.basspro.com/image/upload/b_rgb:FFFFFF,c_pad,dpr_1.0,f_auto,h_375,q_auto,w_600/c_pad,h_375,w_600/v1/ProductImages/UsedGuns/usedgun_102021463_main?pgw=1 was preloaded using link preload but not used within a few seconds from the window's load event. Please make sure it has an appropriate `as` value and it is preloaded intentionally. @ https://www.cabelas.com/l/used-centerfire-pistol#sortCriteria=%40offerprice%20ascending&f-action=Revolver&firstResult=36:0
[ 4828672ms] [WARNING] The resource https://assets.basspro.com/image/upload/b_rgb:FFFFFF,c_pad,dpr_1.0,f_auto,h_375,q_auto,w_600/c_pad,h_375,w_600/v1/ProductImages/UsedGuns/usedgun_102044626_main?pgw=1 was preloaded using link preload but not used within a few seconds from the window's load event. Please make sure it has an appropriate `as` value and it is preloaded intentionally. @ https://www.cabelas.com/l/used-centerfire-pistol#sortCriteria=%40offerprice%20ascending&f-action=Revolver&firstResult=36:0
[ 4828672ms] [WARNING] The resource https://assets.basspro.com/image/upload/b_rgb:FFFFFF,c_pad,dpr_1.0,f_auto,h_375,q_auto,w_600/c_pad,h_375,w_600/v1/ProductImages/UsedGuns/usedgun_102039082_main?pgw=1 was preloaded using link preload but not used within a few seconds from the window's load event. Please make sure it has an appropriate `as` value and it is preloaded intentionally. @ https://www.cabelas.com/l/used-centerfire-pistol#sortCriteria=%40offerprice%20ascending&f-action=Revolver&firstResult=36:0
[ 4845974ms] [WARNING] The resource https://assets.basspro.com/image/upload/b_rgb:FFFFFF,c_pad,dpr_1.0,f_auto,h_375,q_auto,w_600/c_pad,h_375,w_600/v1/ProductImages/UsedGuns/usedgun_102043796_main?pgw=1 was preloaded using link preload but not used within a few seconds from the window's load event. Please make sure it has an appropriate `as` value and it is preloaded intentionally. @ https://www.cabelas.com/l/used-centerfire-pistol#sortCriteria=%40offerprice%20ascending&f-action=Revolver&firstResult=36:0
[ 4845974ms] [WARNING] The resource https://assets.basspro.com/image/upload/b_rgb:FFFFFF,c_pad,dpr_1.0,f_auto,h_375,q_auto,w_600/c_pad,h_375,w_600/v1/ProductImages/UsedGuns/usedgun_102021463_main?pgw=1 was preloaded using link preload but not used within a few seconds from the window's load event. Please make sure it has an appropriate `as` value and it is preloaded intentionally. @ https://www.cabelas.com/l/used-centerfire-pistol#sortCriteria=%40offerprice%20ascending&f-action=Revolver&firstResult=36:0
[ 4845974ms] [WARNING] The resource https://assets.basspro.com/image/upload/b_rgb:FFFFFF,c_pad,dpr_1.0,f_auto,h_375,q_auto,w_600/c_pad,h_375,w_600/v1/ProductImages/UsedGuns/usedgun_102044626_main?pgw=1 was preloaded using link preload but not used within a few seconds from the window's load event. Please make sure it has an appropriate `as` value and it is preloaded intentionally. @ https://www.cabelas.com/l/used-centerfire-pistol#sortCriteria=%40offerprice%20ascending&f-action=Revolver&firstResult=36:0
[ 4845974ms] [WARNING] The resource https://assets.basspro.com/image/upload/b_rgb:FFFFFF,c_pad,dpr_1.0,f_auto,h_375,q_auto,w_600/c_pad,h_375,w_600/v1/ProductImages/UsedGuns/usedgun_102039082_main?pgw=1 was preloaded using link preload but not used within a few seconds from the window's load event. Please make sure it has an appropriate `as` value and it is preloaded intentionally. @ https://www.cabelas.com/l/used-centerfire-pistol#sortCriteria=%40offerprice%20ascending&f-action=Revolver&firstResult=36:0
[ 4887787ms] [WARNING] The resource https://assets.basspro.com/image/upload/b_rgb:FFFFFF,c_pad,dpr_1.0,f_auto,h_375,q_auto,w_600/c_pad,h_375,w_600/v1/ProductImages/UsedGuns/usedgun_102043796_main?pgw=1 was preloaded using link preload but not used within a few seconds from the window's load event. Please make sure it has an appropriate `as` value and it is preloaded intentionally. @ https://www.cabelas.com/l/used-centerfire-pistol#sortCriteria=%40offerprice%20ascending&f-action=Revolver&firstResult=36:0
[ 4887787ms] [WARNING] The resource https://assets.basspro.com/image/upload/b_rgb:FFFFFF,c_pad,dpr_1.0,f_auto,h_375,q_auto,w_600/c_pad,h_375,w_600/v1/ProductImages/UsedGuns/usedgun_102021463_main?pgw=1 was preloaded using link preload but not used within a few seconds from the window's load event. Please make sure it has an appropriate `as` value and it is preloaded intentionally. @ https://www.cabelas.com/l/used-centerfire-pistol#sortCriteria=%40offerprice%20ascending&f-action=Revolver&firstResult=36:0
[ 4887787ms] [WARNING] The resource https://assets.basspro.com/image/upload/b_rgb:FFFFFF,c_pad,dpr_1.0,f_auto,h_375,q_auto,w_600/c_pad,h_375,w_600/v1/ProductImages/UsedGuns/usedgun_102044626_main?pgw=1 was preloaded using link preload but not used within a few seconds from the window's load event. Please make sure it has an appropriate `as` value and it is preloaded intentionally. @ https://www.cabelas.com/l/used-centerfire-pistol#sortCriteria=%40offerprice%20ascending&f-action=Revolver&firstResult=36:0
[ 4887787ms] [WARNING] The resource https://assets.basspro.com/image/upload/b_rgb:FFFFFF,c_pad,dpr_1.0,f_auto,h_375,q_auto,w_600/c_pad,h_375,w_600/v1/ProductImages/UsedGuns/usedgun_102039082_main?pgw=1 was preloaded using link preload but not used within a few seconds from the window's load event. Please make sure it has an appropriate `as` value and it is preloaded intentionally. @ https://www.cabelas.com/l/used-centerfire-pistol#sortCriteria=%40offerprice%20ascending&f-action=Revolver&firstResult=36:0
[ 4921059ms] [WARNING] The resource https://assets.basspro.com/image/upload/b_rgb:FFFFFF,c_pad,dpr_1.0,f_auto,h_375,q_auto,w_600/c_pad,h_375,w_600/v1/ProductImages/UsedGuns/usedgun_102043796_main?pgw=1 was preloaded using link preload but not used within a few seconds from the window's load event. Please make sure it has an appropriate `as` value and it is preloaded intentionally. @ https://www.cabelas.com/l/used-centerfire-pistol#sortCriteria=%40offerprice%20ascending&f-action=Revolver&firstResult=36:0
[ 4921059ms] [WARNING] The resource https://assets.basspro.com/image/upload/b_rgb:FFFFFF,c_pad,dpr_1.0,f_auto,h_375,q_auto,w_600/c_pad,h_375,w_600/v1/ProductImages/UsedGuns/usedgun_102021463_main?pgw=1 was preloaded using link preload but not used within a few seconds from the window's load event. Please make sure it has an appropriate `as` value and it is preloaded intentionally. @ https://www.cabelas.com/l/used-centerfire-pistol#sortCriteria=%40offerprice%20ascending&f-action=Revolver&firstResult=36:0
[ 4921059ms] [WARNING] The resource https://assets.basspro.com/image/upload/b_rgb:FFFFFF,c_pad,dpr_1.0,f_auto,h_375,q_auto,w_600/c_pad,h_375,w_600/v1/ProductImages/UsedGuns/usedgun_102044626_main?pgw=1 was preloaded using link preload but not used within a few seconds from the window's load event. Please make sure it has an appropriate `as` value and it is preloaded intentionally. @ https://www.cabelas.com/l/used-centerfire-pistol#sortCriteria=%40offerprice%20ascending&f-action=Revolver&firstResult=36:0
[ 4921059ms] [WARNING] The resource https://assets.basspro.com/image/upload/b_rgb:FFFFFF,c_pad,dpr_1.0,f_auto,h_375,q_auto,w_600/c_pad,h_375,w_600/v1/ProductImages/UsedGuns/usedgun_102039082_main?pgw=1 was preloaded using link preload but not used within a few seconds from the window's load event. Please make sure it has an appropriate `as` value and it is preloaded intentionally. @ https://www.cabelas.com/l/used-centerfire-pistol#sortCriteria=%40offerprice%20ascending&f-action=Revolver&firstResult=36:0
[ 4947014ms] [WARNING] The resource https://assets.basspro.com/image/upload/b_rgb:FFFFFF,c_pad,dpr_1.0,f_auto,h_375,q_auto,w_600/c_pad,h_375,w_600/v1/ProductImages/UsedGuns/usedgun_102043796_main?pgw=1 was preloaded using link preload but not used within a few seconds from the window's load event. Please make sure it has an appropriate `as` value and it is preloaded intentionally. @ https://www.cabelas.com/l/used-centerfire-pistol#sortCriteria=%40offerprice%20ascending&f-action=Revolver&firstResult=36:0
[ 4947014ms] [WARNING] The resource https://assets.basspro.com/image/upload/b_rgb:FFFFFF,c_pad,dpr_1.0,f_auto,h_375,q_auto,w_600/c_pad,h_375,w_600/v1/ProductImages/UsedGuns/usedgun_102021463_main?pgw=1 was preloaded using link preload but not used within a few seconds from the window's load event. Please make sure it has an appropriate `as` value and it is preloaded intentionally. @ https://www.cabelas.com/l/used-centerfire-pistol#sortCriteria=%40offerprice%20ascending&f-action=Revolver&firstResult=36:0
[ 4947014ms] [WARNING] The resource https://assets.basspro.com/image/upload/b_rgb:FFFFFF,c_pad,dpr_1.0,f_auto,h_375,q_auto,w_600/c_pad,h_375,w_600/v1/ProductImages/UsedGuns/usedgun_102044626_main?pgw=1 was preloaded using link preload but not used within a few seconds from the window's load event. Please make sure it has an appropriate `as` value and it is preloaded intentionally. @ https://www.cabelas.com/l/used-centerfire-pistol#sortCriteria=%40offerprice%20ascending&f-action=Revolver&firstResult=36:0
[ 4947014ms] [WARNING] The resource https://assets.basspro.com/image/upload/b_rgb:FFFFFF,c_pad,dpr_1.0,f_auto,h_375,q_auto,w_600/c_pad,h_375,w_600/v1/ProductImages/UsedGuns/usedgun_102039082_main?pgw=1 was preloaded using link preload but not used within a few seconds from the window's load event. Please make sure it has an appropriate `as` value and it is preloaded intentionally. @ https://www.cabelas.com/l/used-centerfire-pistol#sortCriteria=%40offerprice%20ascending&f-action=Revolver&firstResult=36:0
[ 5006142ms] [WARNING] The resource https://assets.basspro.com/image/upload/b_rgb:FFFFFF,c_pad,dpr_1.0,f_auto,h_375,q_auto,w_600/c_pad,h_375,w_600/v1/ProductImages/UsedGuns/usedgun_102043796_main?pgw=1 was preloaded using link preload but not used within a few seconds from the window's load event. Please make sure it has an appropriate `as` value and it is preloaded intentionally. @ https://www.cabelas.com/l/used-centerfire-pistol#sortCriteria=%40offerprice%20ascending&f-action=Revolver&firstResult=36:0
[ 5006143ms] [WARNING] The resource https://assets.basspro.com/image/upload/b_rgb:FFFFFF,c_pad,dpr_1.0,f_auto,h_375,q_auto,w_600/c_pad,h_375,w_600/v1/ProductImages/UsedGuns/usedgun_102021463_main?pgw=1 was preloaded using link preload but not used within a few seconds from the window's load event. Please make sure it has an appropriate `as` value and it is preloaded intentionally. @ https://www.cabelas.com/l/used-centerfire-pistol#sortCriteria=%40offerprice%20ascending&f-action=Revolver&firstResult=36:0
[ 5006143ms] [WARNING] The resource https://assets.basspro.com/image/upload/b_rgb:FFFFFF,c_pad,dpr_1.0,f_auto,h_375,q_auto,w_600/c_pad,h_375,w_600/v1/ProductImages/UsedGuns/usedgun_102044626_main?pgw=1 was preloaded using link preload but not used within a few seconds from the window's load event. Please make sure it has an appropriate `as` value and it is preloaded intentionally. @ https://www.cabelas.com/l/used-centerfire-pistol#sortCriteria=%40offerprice%20ascending&f-action=Revolver&firstResult=36:0
[ 5006143ms] [WARNING] The resource https://assets.basspro.com/image/upload/b_rgb:FFFFFF,c_pad,dpr_1.0,f_auto,h_375,q_auto,w_600/c_pad,h_375,w_600/v1/ProductImages/UsedGuns/usedgun_102039082_main?pgw=1 was preloaded using link preload but not used within a few seconds from the window's load event. Please make sure it has an appropriate `as` value and it is preloaded intentionally. @ https://www.cabelas.com/l/used-centerfire-pistol#sortCriteria=%40offerprice%20ascending&f-action=Revolver&firstResult=36:0
[ 5066198ms] [WARNING] The resource https://assets.basspro.com/image/upload/b_rgb:FFFFFF,c_pad,dpr_1.0,f_auto,h_375,q_auto,w_600/c_pad,h_375,w_600/v1/ProductImages/UsedGuns/usedgun_102043796_main?pgw=1 was preloaded using link preload but not used within a few seconds from the window's load event. Please make sure it has an appropriate `as` value and it is preloaded intentionally. @ https://www.cabelas.com/l/used-centerfire-pistol#sortCriteria=%40offerprice%20ascending&f-action=Revolver&firstResult=36:0
[ 5066198ms] [WARNING] The resource https://assets.basspro.com/image/upload/b_rgb:FFFFFF,c_pad,dpr_1.0,f_auto,h_375,q_auto,w_600/c_pad,h_375,w_600/v1/ProductImages/UsedGuns/usedgun_102021463_main?pgw=1 was preloaded using link preload but not used within a few seconds from the window's load event. Please make sure it has an appropriate `as` value and it is preloaded intentionally. @ https://www.cabelas.com/l/used-centerfire-pistol#sortCriteria=%40offerprice%20ascending&f-action=Revolver&firstResult=36:0
[ 5066198ms] [WARNING] The resource https://assets.basspro.com/image/upload/b_rgb:FFFFFF,c_pad,dpr_1.0,f_auto,h_375,q_auto,w_600/c_pad,h_375,w_600/v1/ProductImages/UsedGuns/usedgun_102044626_main?pgw=1 was preloaded using link preload but not used within a few seconds from the window's load event. Please make sure it has an appropriate `as` value and it is preloaded intentionally. @ https://www.cabelas.com/l/used-centerfire-pistol#sortCriteria=%40offerprice%20ascending&f-action=Revolver&firstResult=36:0
[ 5066198ms] [WARNING] The resource https://assets.basspro.com/image/upload/b_rgb:FFFFFF,c_pad,dpr_1.0,f_auto,h_375,q_auto,w_600/c_pad,h_375,w_600/v1/ProductImages/UsedGuns/usedgun_102039082_main?pgw=1 was preloaded using link preload but not used within a few seconds from the window's load event. Please make sure it has an appropriate `as` value and it is preloaded intentionally. @ https://www.cabelas.com/l/used-centerfire-pistol#sortCriteria=%40offerprice%20ascending&f-action=Revolver&firstResult=36:0
[ 5101065ms] [WARNING] The resource https://assets.basspro.com/image/upload/b_rgb:FFFFFF,c_pad,dpr_1.0,f_auto,h_375,q_auto,w_600/c_pad,h_375,w_600/v1/ProductImages/UsedGuns/usedgun_102043796_main?pgw=1 was preloaded using link preload but not used within a few seconds from the window's load event. Please make sure it has an appropriate `as` value and it is preloaded intentionally. @ https://www.cabelas.com/l/used-centerfire-pistol#sortCriteria=%40offerprice%20ascending&f-action=Revolver&firstResult=36:0
[ 5101065ms] [WARNING] The resource https://assets.basspro.com/image/upload/b_rgb:FFFFFF,c_pad,dpr_1.0,f_auto,h_375,q_auto,w_600/c_pad,h_375,w_600/v1/ProductImages/UsedGuns/usedgun_102021463_main?pgw=1 was preloaded using link preload but not used within a few seconds from the window's load event. Please make sure it has an appropriate `as` value and it is preloaded intentionally. @ https://www.cabelas.com/l/used-centerfire-pistol#sortCriteria=%40offerprice%20ascending&f-action=Revolver&firstResult=36:0
[ 5101065ms] [WARNING] The resource https://assets.basspro.com/image/upload/b_rgb:FFFFFF,c_pad,dpr_1.0,f_auto,h_375,q_auto,w_600/c_pad,h_375,w_600/v1/ProductImages/UsedGuns/usedgun_102044626_main?pgw=1 was preloaded using link preload but not used within a few seconds from the window's load event. Please make sure it has an appropriate `as` value and it is preloaded intentionally. @ https://www.cabelas.com/l/used-centerfire-pistol#sortCriteria=%40offerprice%20ascending&f-action=Revolver&firstResult=36:0
[ 5101065ms] [WARNING] The resource https://assets.basspro.com/image/upload/b_rgb:FFFFFF,c_pad,dpr_1.0,f_auto,h_375,q_auto,w_600/c_pad,h_375,w_600/v1/ProductImages/UsedGuns/usedgun_102039082_main?pgw=1 was preloaded using link preload but not used within a few seconds from the window's load event. Please make sure it has an appropriate `as` value and it is preloaded intentionally. @ https://www.cabelas.com/l/used-centerfire-pistol#sortCriteria=%40offerprice%20ascending&f-action=Revolver&firstResult=36:0
[ 5126331ms] [WARNING] The resource https://assets.basspro.com/image/upload/b_rgb:FFFFFF,c_pad,dpr_1.0,f_auto,h_375,q_auto,w_600/c_pad,h_375,w_600/v1/ProductImages/UsedGuns/usedgun_102043796_main?pgw=1 was preloaded using link preload but not used within a few seconds from the window's load event. Please make sure it has an appropriate `as` value and it is preloaded intentionally. @ https://www.cabelas.com/l/used-centerfire-pistol#sortCriteria=%40offerprice%20ascending&f-action=Revolver&firstResult=36:0
[ 5126331ms] [WARNING] The resource https://assets.basspro.com/image/upload/b_rgb:FFFFFF,c_pad,dpr_1.0,f_auto,h_375,q_auto,w_600/c_pad,h_375,w_600/v1/ProductImages/UsedGuns/usedgun_102021463_main?pgw=1 was preloaded using link preload but not used within a few seconds from the window's load event. Please make sure it has an appropriate `as` value and it is preloaded intentionally. @ https://www.cabelas.com/l/used-centerfire-pistol#sortCriteria=%40offerprice%20ascending&f-action=Revolver&firstResult=36:0
[ 5126331ms] [WARNING] The resource https://assets.basspro.com/image/upload/b_rgb:FFFFFF,c_pad,dpr_1.0,f_auto,h_375,q_auto,w_600/c_pad,h_375,w_600/v1/ProductImages/UsedGuns/usedgun_102044626_main?pgw=1 was preloaded using link preload but not used within a few seconds from the window's load event. Please make sure it has an appropriate `as` value and it is preloaded intentionally. @ https://www.cabelas.com/l/used-centerfire-pistol#sortCriteria=%40offerprice%20ascending&f-action=Revolver&firstResult=36:0
[ 5126331ms] [WARNING] The resource https://assets.basspro.com/image/upload/b_rgb:FFFFFF,c_pad,dpr_1.0,f_auto,h_375,q_auto,w_600/c_pad,h_375,w_600/v1/ProductImages/UsedGuns/usedgun_102039082_main?pgw=1 was preloaded using link preload but not used within a few seconds from the window's load event. Please make sure it has an appropriate `as` value and it is preloaded intentionally. @ https://www.cabelas.com/l/used-centerfire-pistol#sortCriteria=%40offerprice%20ascending&f-action=Revolver&firstResult=36:0
[ 5146021ms] [WARNING] The resource https://assets.basspro.com/image/upload/b_rgb:FFFFFF,c_pad,dpr_1.0,f_auto,h_375,q_auto,w_600/c_pad,h_375,w_600/v1/ProductImages/UsedGuns/usedgun_102043796_main?pgw=1 was preloaded using link preload but not used within a few seconds from the window's load event. Please make sure it has an appropriate `as` value and it is preloaded intentionally. @ https://www.cabelas.com/l/used-centerfire-pistol#sortCriteria=%40offerprice%20ascending&f-action=Revolver&firstResult=36:0
[ 5146021ms] [WARNING] The resource https://assets.basspro.com/image/upload/b_rgb:FFFFFF,c_pad,dpr_1.0,f_auto,h_375,q_auto,w_600/c_pad,h_375,w_600/v1/ProductImages/UsedGuns/usedgun_102021463_main?pgw=1 was preloaded using link preload but not used within a few seconds from the window's load event. Please make sure it has an appropriate `as` value and it is preloaded intentionally. @ https://www.cabelas.com/l/used-centerfire-pistol#sortCriteria=%40offerprice%20ascending&f-action=Revolver&firstResult=36:0
[ 5146021ms] [WARNING] The resource https://assets.basspro.com/image/upload/b_rgb:FFFFFF,c_pad,dpr_1.0,f_auto,h_375,q_auto,w_600/c_pad,h_375,w_600/v1/ProductImages/UsedGuns/usedgun_102044626_main?pgw=1 was preloaded using link preload but not used within a few seconds from the window's load event. Please make sure it has an appropriate `as` value and it is preloaded intentionally. @ https://www.cabelas.com/l/used-centerfire-pistol#sortCriteria=%40offerprice%20ascending&f-action=Revolver&firstResult=36:0
[ 5146021ms] [WARNING] The resource https://assets.basspro.com/image/upload/b_rgb:FFFFFF,c_pad,dpr_1.0,f_auto,h_375,q_auto,w_600/c_pad,h_375,w_600/v1/ProductImages/UsedGuns/usedgun_102039082_main?pgw=1 was preloaded using link preload but not used within a few seconds from the window's load event. Please make sure it has an appropriate `as` value and it is preloaded intentionally. @ https://www.cabelas.com/l/used-centerfire-pistol#sortCriteria=%40offerprice%20ascending&f-action=Revolver&firstResult=36:0
[ 5186475ms] [WARNING] The resource https://assets.basspro.com/image/upload/b_rgb:FFFFFF,c_pad,dpr_1.0,f_auto,h_375,q_auto,w_600/c_pad,h_375,w_600/v1/ProductImages/UsedGuns/usedgun_102043796_main?pgw=1 was preloaded using link preload but not used within a few seconds from the window's load event. Please make sure it has an appropriate `as` value and it is preloaded intentionally. @ https://www.cabelas.com/l/used-centerfire-pistol#sortCriteria=%40offerprice%20ascending&f-action=Revolver&firstResult=36:0
[ 5186476ms] [WARNING] The resource https://assets.basspro.com/image/upload/b_rgb:FFFFFF,c_pad,dpr_1.0,f_auto,h_375,q_auto,w_600/c_pad,h_375,w_600/v1/ProductImages/UsedGuns/usedgun_102021463_main?pgw=1 was preloaded using link preload but not used within a few seconds from the window's load event. Please make sure it has an appropriate `as` value and it is preloaded intentionally. @ https://www.cabelas.com/l/used-centerfire-pistol#sortCriteria=%40offerprice%20ascending&f-action=Revolver&firstResult=36:0
[ 5186476ms] [WARNING] The resource https://assets.basspro.com/image/upload/b_rgb:FFFFFF,c_pad,dpr_1.0,f_auto,h_375,q_auto,w_600/c_pad,h_375,w_600/v1/ProductImages/UsedGuns/usedgun_102044626_main?pgw=1 was preloaded using link preload but not used within a few seconds from the window's load event. Please make sure it has an appropriate `as` value and it is preloaded intentionally. @ https://www.cabelas.com/l/used-centerfire-pistol#sortCriteria=%40offerprice%20ascending&f-action=Revolver&firstResult=36:0
[ 5186476ms] [WARNING] The resource https://assets.basspro.com/image/upload/b_rgb:FFFFFF,c_pad,dpr_1.0,f_auto,h_375,q_auto,w_600/c_pad,h_375,w_600/v1/ProductImages/UsedGuns/usedgun_102039082_main?pgw=1 was preloaded using link preload but not used within a few seconds from the window's load event. Please make sure it has an appropriate `as` value and it is preloaded intentionally. @ https://www.cabelas.com/l/used-centerfire-pistol#sortCriteria=%40offerprice%20ascending&f-action=Revolver&firstResult=36:0
[ 5246727ms] [WARNING] The resource https://assets.basspro.com/image/upload/b_rgb:FFFFFF,c_pad,dpr_1.0,f_auto,h_375,q_auto,w_600/c_pad,h_375,w_600/v1/ProductImages/UsedGuns/usedgun_102043796_main?pgw=1 was preloaded using link preload but not used within a few seconds from the window's load event. Please make sure it has an appropriate `as` value and it is preloaded intentionally. @ https://www.cabelas.com/l/used-centerfire-pistol#sortCriteria=%40offerprice%20ascending&f-action=Revolver&firstResult=36:0
[ 5246727ms] [WARNING] The resource https://assets.basspro.com/image/upload/b_rgb:FFFFFF,c_pad,dpr_1.0,f_auto,h_375,q_auto,w_600/c_pad,h_375,w_600/v1/ProductImages/UsedGuns/usedgun_102021463_main?pgw=1 was preloaded using link preload but not used within a few seconds from the window's load event. Please make sure it has an appropriate `as` value and it is preloaded intentionally. @ https://www.cabelas.com/l/used-centerfire-pistol#sortCriteria=%40offerprice%20ascending&f-action=Revolver&firstResult=36:0
[ 5246727ms] [WARNING] The resource https://assets.basspro.com/image/upload/b_rgb:FFFFFF,c_pad,dpr_1.0,f_auto,h_375,q_auto,w_600/c_pad,h_375,w_600/v1/ProductImages/UsedGuns/usedgun_102044626_main?pgw=1 was preloaded using link preload but not used within a few seconds from the window's load event. Please make sure it has an appropriate `as` value and it is preloaded intentionally. @ https://www.cabelas.com/l/used-centerfire-pistol#sortCriteria=%40offerprice%20ascending&f-action=Revolver&firstResult=36:0
[ 5246727ms] [WARNING] The resource https://assets.basspro.com/image/upload/b_rgb:FFFFFF,c_pad,dpr_1.0,f_auto,h_375,q_auto,w_600/c_pad,h_375,w_600/v1/ProductImages/UsedGuns/usedgun_102039082_main?pgw=1 was preloaded using link preload but not used within a few seconds from the window's load event. Please make sure it has an appropriate `as` value and it is preloaded intentionally. @ https://www.cabelas.com/l/used-centerfire-pistol#sortCriteria=%40offerprice%20ascending&f-action=Revolver&firstResult=36:0
[ 5281055ms] [WARNING] The resource https://assets.basspro.com/image/upload/b_rgb:FFFFFF,c_pad,dpr_1.0,f_auto,h_375,q_auto,w_600/c_pad,h_375,w_600/v1/ProductImages/UsedGuns/usedgun_102043796_main?pgw=1 was preloaded using link preload but not used within a few seconds from the window's load event. Please make sure it has an appropriate `as` value and it is preloaded intentionally. @ https://www.cabelas.com/l/used-centerfire-pistol#sortCriteria=%40offerprice%20ascending&f-action=Revolver&firstResult=36:0
[ 5281055ms] [WARNING] The resource https://assets.basspro.com/image/upload/b_rgb:FFFFFF,c_pad,dpr_1.0,f_auto,h_375,q_auto,w_600/c_pad,h_375,w_600/v1/ProductImages/UsedGuns/usedgun_102021463_main?pgw=1 was preloaded using link preload but not used within a few seconds from the window's load event. Please make sure it has an appropriate `as` value and it is preloaded intentionally. @ https://www.cabelas.com/l/used-centerfire-pistol#sortCriteria=%40offerprice%20ascending&f-action=Revolver&firstResult=36:0
[ 5281055ms] [WARNING] The resource https://assets.basspro.com/image/upload/b_rgb:FFFFFF,c_pad,dpr_1.0,f_auto,h_375,q_auto,w_600/c_pad,h_375,w_600/v1/ProductImages/UsedGuns/usedgun_102044626_main?pgw=1 was preloaded using link preload but not used within a few seconds from the window's load event. Please make sure it has an appropriate `as` value and it is preloaded intentionally. @ https://www.cabelas.com/l/used-centerfire-pistol#sortCriteria=%40offerprice%20ascending&f-action=Revolver&firstResult=36:0
[ 5281055ms] [WARNING] The resource https://assets.basspro.com/image/upload/b_rgb:FFFFFF,c_pad,dpr_1.0,f_auto,h_375,q_auto,w_600/c_pad,h_375,w_600/v1/ProductImages/UsedGuns/usedgun_102039082_main?pgw=1 was preloaded using link preload but not used within a few seconds from the window's load event. Please make sure it has an appropriate `as` value and it is preloaded intentionally. @ https://www.cabelas.com/l/used-centerfire-pistol#sortCriteria=%40offerprice%20ascending&f-action=Revolver&firstResult=36:0
[ 5305901ms] [WARNING] The resource https://assets.basspro.com/image/upload/b_rgb:FFFFFF,c_pad,dpr_1.0,f_auto,h_375,q_auto,w_600/c_pad,h_375,w_600/v1/ProductImages/UsedGuns/usedgun_102043796_main?pgw=1 was preloaded using link preload but not used within a few seconds from the window's load event. Please make sure it has an appropriate `as` value and it is preloaded intentionally. @ https://www.cabelas.com/l/used-centerfire-pistol#sortCriteria=%40offerprice%20ascending&f-action=Revolver&firstResult=36:0
[ 5305901ms] [WARNING] The resource https://assets.basspro.com/image/upload/b_rgb:FFFFFF,c_pad,dpr_1.0,f_auto,h_375,q_auto,w_600/c_pad,h_375,w_600/v1/ProductImages/UsedGuns/usedgun_102021463_main?pgw=1 was preloaded using link preload but not used within a few seconds from the window's load event. Please make sure it has an appropriate `as` value and it is preloaded intentionally. @ https://www.cabelas.com/l/used-centerfire-pistol#sortCriteria=%40offerprice%20ascending&f-action=Revolver&firstResult=36:0
[ 5305901ms] [WARNING] The resource https://assets.basspro.com/image/upload/b_rgb:FFFFFF,c_pad,dpr_1.0,f_auto,h_375,q_auto,w_600/c_pad,h_375,w_600/v1/ProductImages/UsedGuns/usedgun_102044626_main?pgw=1 was preloaded using link preload but not used within a few seconds from the window's load event. Please make sure it has an appropriate `as` value and it is preloaded intentionally. @ https://www.cabelas.com/l/used-centerfire-pistol#sortCriteria=%40offerprice%20ascending&f-action=Revolver&firstResult=36:0
[ 5305901ms] [WARNING] The resource https://assets.basspro.com/image/upload/b_rgb:FFFFFF,c_pad,dpr_1.0,f_auto,h_375,q_auto,w_600/c_pad,h_375,w_600/v1/ProductImages/UsedGuns/usedgun_102039082_main?pgw=1 was preloaded using link preload but not used within a few seconds from the window's load event. Please make sure it has an appropriate `as` value and it is preloaded intentionally. @ https://www.cabelas.com/l/used-centerfire-pistol#sortCriteria=%40offerprice%20ascending&f-action=Revolver&firstResult=36:0
[ 5365037ms] [WARNING] The resource https://assets.basspro.com/image/upload/b_rgb:FFFFFF,c_pad,dpr_1.0,f_auto,h_375,q_auto,w_600/c_pad,h_375,w_600/v1/ProductImages/UsedGuns/usedgun_102043796_main?pgw=1 was preloaded using link preload but not used within a few seconds from the window's load event. Please make sure it has an appropriate `as` value and it is preloaded intentionally. @ https://www.cabelas.com/l/used-centerfire-pistol#sortCriteria=%40offerprice%20ascending&f-action=Revolver&firstResult=36:0
[ 5365037ms] [WARNING] The resource https://assets.basspro.com/image/upload/b_rgb:FFFFFF,c_pad,dpr_1.0,f_auto,h_375,q_auto,w_600/c_pad,h_375,w_600/v1/ProductImages/UsedGuns/usedgun_102021463_main?pgw=1 was preloaded using link preload but not used within a few seconds from the window's load event. Please make sure it has an appropriate `as` value and it is preloaded intentionally. @ https://www.cabelas.com/l/used-centerfire-pistol#sortCriteria=%40offerprice%20ascending&f-action=Revolver&firstResult=36:0
[ 5365037ms] [WARNING] The resource https://assets.basspro.com/image/upload/b_rgb:FFFFFF,c_pad,dpr_1.0,f_auto,h_375,q_auto,w_600/c_pad,h_375,w_600/v1/ProductImages/UsedGuns/usedgun_102044626_main?pgw=1 was preloaded using link preload but not used within a few seconds from the window's load event. Please make sure it has an appropriate `as` value and it is preloaded intentionally. @ https://www.cabelas.com/l/used-centerfire-pistol#sortCriteria=%40offerprice%20ascending&f-action=Revolver&firstResult=36:0
[ 5365037ms] [WARNING] The resource https://assets.basspro.com/image/upload/b_rgb:FFFFFF,c_pad,dpr_1.0,f_auto,h_375,q_auto,w_600/c_pad,h_375,w_600/v1/ProductImages/UsedGuns/usedgun_102039082_main?pgw=1 was preloaded using link preload but not used within a few seconds from the window's load event. Please make sure it has an appropriate `as` value and it is preloaded intentionally. @ https://www.cabelas.com/l/used-centerfire-pistol#sortCriteria=%40offerprice%20ascending&f-action=Revolver&firstResult=36:0
[ 5426289ms] [WARNING] The resource https://assets.basspro.com/image/upload/b_rgb:FFFFFF,c_pad,dpr_1.0,f_auto,h_375,q_auto,w_600/c_pad,h_375,w_600/v1/ProductImages/UsedGuns/usedgun_102043796_main?pgw=1 was preloaded using link preload but not used within a few seconds from the window's load event. Please make sure it has an appropriate `as` value and it is preloaded intentionally. @ https://www.cabelas.com/l/used-centerfire-pistol#sortCriteria=%40offerprice%20ascending&f-action=Revolver&firstResult=36:0
[ 5426289ms] [WARNING] The resource https://assets.basspro.com/image/upload/b_rgb:FFFFFF,c_pad,dpr_1.0,f_auto,h_375,q_auto,w_600/c_pad,h_375,w_600/v1/ProductImages/UsedGuns/usedgun_102021463_main?pgw=1 was preloaded using link preload but not used within a few seconds from the window's load event. Please make sure it has an appropriate `as` value and it is preloaded intentionally. @ https://www.cabelas.com/l/used-centerfire-pistol#sortCriteria=%40offerprice%20ascending&f-action=Revolver&firstResult=36:0
[ 5426289ms] [WARNING] The resource https://assets.basspro.com/image/upload/b_rgb:FFFFFF,c_pad,dpr_1.0,f_auto,h_375,q_auto,w_600/c_pad,h_375,w_600/v1/ProductImages/UsedGuns/usedgun_102044626_main?pgw=1 was preloaded using link preload but not used within a few seconds from the window's load event. Please make sure it has an appropriate `as` value and it is preloaded intentionally. @ https://www.cabelas.com/l/used-centerfire-pistol#sortCriteria=%40offerprice%20ascending&f-action=Revolver&firstResult=36:0
[ 5426289ms] [WARNING] The resource https://assets.basspro.com/image/upload/b_rgb:FFFFFF,c_pad,dpr_1.0,f_auto,h_375,q_auto,w_600/c_pad,h_375,w_600/v1/ProductImages/UsedGuns/usedgun_102039082_main?pgw=1 was preloaded using link preload but not used within a few seconds from the window's load event. Please make sure it has an appropriate `as` value and it is preloaded intentionally. @ https://www.cabelas.com/l/used-centerfire-pistol#sortCriteria=%40offerprice%20ascending&f-action=Revolver&firstResult=36:0
[ 5445931ms] [WARNING] The resource https://assets.basspro.com/image/upload/b_rgb:FFFFFF,c_pad,dpr_1.0,f_auto,h_375,q_auto,w_600/c_pad,h_375,w_600/v1/ProductImages/UsedGuns/usedgun_102043796_main?pgw=1 was preloaded using link preload but not used within a few seconds from the window's load event. Please make sure it has an appropriate `as` value and it is preloaded intentionally. @ https://www.cabelas.com/l/used-centerfire-pistol#sortCriteria=%40offerprice%20ascending&f-action=Revolver&firstResult=36:0
[ 5445931ms] [WARNING] The resource https://assets.basspro.com/image/upload/b_rgb:FFFFFF,c_pad,dpr_1.0,f_auto,h_375,q_auto,w_600/c_pad,h_375,w_600/v1/ProductImages/UsedGuns/usedgun_102021463_main?pgw=1 was preloaded using link preload but not used within a few seconds from the window's load event. Please make sure it has an appropriate `as` value and it is preloaded intentionally. @ https://www.cabelas.com/l/used-centerfire-pistol#sortCriteria=%40offerprice%20ascending&f-action=Revolver&firstResult=36:0
[ 5445931ms] [WARNING] The resource https://assets.basspro.com/image/upload/b_rgb:FFFFFF,c_pad,dpr_1.0,f_auto,h_375,q_auto,w_600/c_pad,h_375,w_600/v1/ProductImages/UsedGuns/usedgun_102044626_main?pgw=1 was preloaded using link preload but not used within a few seconds from the window's load event. Please make sure it has an appropriate `as` value and it is preloaded intentionally. @ https://www.cabelas.com/l/used-centerfire-pistol#sortCriteria=%40offerprice%20ascending&f-action=Revolver&firstResult=36:0
[ 5445931ms] [WARNING] The resource https://assets.basspro.com/image/upload/b_rgb:FFFFFF,c_pad,dpr_1.0,f_auto,h_375,q_auto,w_600/c_pad,h_375,w_600/v1/ProductImages/UsedGuns/usedgun_102039082_main?pgw=1 was preloaded using link preload but not used within a few seconds from the window's load event. Please make sure it has an appropriate `as` value and it is preloaded intentionally. @ https://www.cabelas.com/l/used-centerfire-pistol#sortCriteria=%40offerprice%20ascending&f-action=Revolver&firstResult=36:0
[ 5461079ms] [WARNING] The resource https://assets.basspro.com/image/upload/b_rgb:FFFFFF,c_pad,dpr_1.0,f_auto,h_375,q_auto,w_600/c_pad,h_375,w_600/v1/ProductImages/UsedGuns/usedgun_102043796_main?pgw=1 was preloaded using link preload but not used within a few seconds from the window's load event. Please make sure it has an appropriate `as` value and it is preloaded intentionally. @ https://www.cabelas.com/l/used-centerfire-pistol#sortCriteria=%40offerprice%20ascending&f-action=Revolver&firstResult=36:0
[ 5461079ms] [WARNING] The resource https://assets.basspro.com/image/upload/b_rgb:FFFFFF,c_pad,dpr_1.0,f_auto,h_375,q_auto,w_600/c_pad,h_375,w_600/v1/ProductImages/UsedGuns/usedgun_102021463_main?pgw=1 was preloaded using link preload but not used within a few seconds from the window's load event. Please make sure it has an appropriate `as` value and it is preloaded intentionally. @ https://www.cabelas.com/l/used-centerfire-pistol#sortCriteria=%40offerprice%20ascending&f-action=Revolver&firstResult=36:0
[ 5461079ms] [WARNING] The resource https://assets.basspro.com/image/upload/b_rgb:FFFFFF,c_pad,dpr_1.0,f_auto,h_375,q_auto,w_600/c_pad,h_375,w_600/v1/ProductImages/UsedGuns/usedgun_102044626_main?pgw=1 was preloaded using link preload but not used within a few seconds from the window's load event. Please make sure it has an appropriate `as` value and it is preloaded intentionally. @ https://www.cabelas.com/l/used-centerfire-pistol#sortCriteria=%40offerprice%20ascending&f-action=Revolver&firstResult=36:0
[ 5461079ms] [WARNING] The resource https://assets.basspro.com/image/upload/b_rgb:FFFFFF,c_pad,dpr_1.0,f_auto,h_375,q_auto,w_600/c_pad,h_375,w_600/v1/ProductImages/UsedGuns/usedgun_102039082_main?pgw=1 was preloaded using link preload but not used within a few seconds from the window's load event. Please make sure it has an appropriate `as` value and it is preloaded intentionally. @ https://www.cabelas.com/l/used-centerfire-pistol#sortCriteria=%40offerprice%20ascending&f-action=Revolver&firstResult=36:0
[ 5486513ms] [WARNING] The resource https://assets.basspro.com/image/upload/b_rgb:FFFFFF,c_pad,dpr_1.0,f_auto,h_375,q_auto,w_600/c_pad,h_375,w_600/v1/ProductImages/UsedGuns/usedgun_102043796_main?pgw=1 was preloaded using link preload but not used within a few seconds from the window's load event. Please make sure it has an appropriate `as` value and it is preloaded intentionally. @ https://www.cabelas.com/l/used-centerfire-pistol#sortCriteria=%40offerprice%20ascending&f-action=Revolver&firstResult=36:0
[ 5486513ms] [WARNING] The resource https://assets.basspro.com/image/upload/b_rgb:FFFFFF,c_pad,dpr_1.0,f_auto,h_375,q_auto,w_600/c_pad,h_375,w_600/v1/ProductImages/UsedGuns/usedgun_102021463_main?pgw=1 was preloaded using link preload but not used within a few seconds from the window's load event. Please make sure it has an appropriate `as` value and it is preloaded intentionally. @ https://www.cabelas.com/l/used-centerfire-pistol#sortCriteria=%40offerprice%20ascending&f-action=Revolver&firstResult=36:0
[ 5486513ms] [WARNING] The resource https://assets.basspro.com/image/upload/b_rgb:FFFFFF,c_pad,dpr_1.0,f_auto,h_375,q_auto,w_600/c_pad,h_375,w_600/v1/ProductImages/UsedGuns/usedgun_102044626_main?pgw=1 was preloaded using link preload but not used within a few seconds from the window's load event. Please make sure it has an appropriate `as` value and it is preloaded intentionally. @ https://www.cabelas.com/l/used-centerfire-pistol#sortCriteria=%40offerprice%20ascending&f-action=Revolver&firstResult=36:0
[ 5486513ms] [WARNING] The resource https://assets.basspro.com/image/upload/b_rgb:FFFFFF,c_pad,dpr_1.0,f_auto,h_375,q_auto,w_600/c_pad,h_375,w_600/v1/ProductImages/UsedGuns/usedgun_102039082_main?pgw=1 was preloaded using link preload but not used within a few seconds from the window's load event. Please make sure it has an appropriate `as` value and it is preloaded intentionally. @ https://www.cabelas.com/l/used-centerfire-pistol#sortCriteria=%40offerprice%20ascending&f-action=Revolver&firstResult=36:0
[ 5545594ms] [WARNING] The resource https://assets.basspro.com/image/upload/b_rgb:FFFFFF,c_pad,dpr_1.0,f_auto,h_375,q_auto,w_600/c_pad,h_375,w_600/v1/ProductImages/UsedGuns/usedgun_102043796_main?pgw=1 was preloaded using link preload but not used within a few seconds from the window's load event. Please make sure it has an appropriate `as` value and it is preloaded intentionally. @ https://www.cabelas.com/l/used-centerfire-pistol#sortCriteria=%40offerprice%20ascending&f-action=Revolver&firstResult=36:0
[ 5545595ms] [WARNING] The resource https://assets.basspro.com/image/upload/b_rgb:FFFFFF,c_pad,dpr_1.0,f_auto,h_375,q_auto,w_600/c_pad,h_375,w_600/v1/ProductImages/UsedGuns/usedgun_102021463_main?pgw=1 was preloaded using link preload but not used within a few seconds from the window's load event. Please make sure it has an appropriate `as` value and it is preloaded intentionally. @ https://www.cabelas.com/l/used-centerfire-pistol#sortCriteria=%40offerprice%20ascending&f-action=Revolver&firstResult=36:0
[ 5545595ms] [WARNING] The resource https://assets.basspro.com/image/upload/b_rgb:FFFFFF,c_pad,dpr_1.0,f_auto,h_375,q_auto,w_600/c_pad,h_375,w_600/v1/ProductImages/UsedGuns/usedgun_102044626_main?pgw=1 was preloaded using link preload but not used within a few seconds from the window's load event. Please make sure it has an appropriate `as` value and it is preloaded intentionally. @ https://www.cabelas.com/l/used-centerfire-pistol#sortCriteria=%40offerprice%20ascending&f-action=Revolver&firstResult=36:0
[ 5545595ms] [WARNING] The resource https://assets.basspro.com/image/upload/b_rgb:FFFFFF,c_pad,dpr_1.0,f_auto,h_375,q_auto,w_600/c_pad,h_375,w_600/v1/ProductImages/UsedGuns/usedgun_102039082_main?pgw=1 was preloaded using link preload but not used within a few seconds from the window's load event. Please make sure it has an appropriate `as` value and it is preloaded intentionally. @ https://www.cabelas.com/l/used-centerfire-pistol#sortCriteria=%40offerprice%20ascending&f-action=Revolver&firstResult=36:0
[ 5604773ms] [WARNING] The resource https://assets.basspro.com/image/upload/b_rgb:FFFFFF,c_pad,dpr_1.0,f_auto,h_375,q_auto,w_600/c_pad,h_375,w_600/v1/ProductImages/UsedGuns/usedgun_102043796_main?pgw=1 was preloaded using link preload but not used within a few seconds from the window's load event. Please make sure it has an appropriate `as` value and it is preloaded intentionally. @ https://www.cabelas.com/l/used-centerfire-pistol#sortCriteria=%40offerprice%20ascending&f-action=Revolver&firstResult=36:0
[ 5604773ms] [WARNING] The resource https://assets.basspro.com/image/upload/b_rgb:FFFFFF,c_pad,dpr_1.0,f_auto,h_375,q_auto,w_600/c_pad,h_375,w_600/v1/ProductImages/UsedGuns/usedgun_102021463_main?pgw=1 was preloaded using link preload but not used within a few seconds from the window's load event. Please make sure it has an appropriate `as` value and it is preloaded intentionally. @ https://www.cabelas.com/l/used-centerfire-pistol#sortCriteria=%40offerprice%20ascending&f-action=Revolver&firstResult=36:0
[ 5604773ms] [WARNING] The resource https://assets.basspro.com/image/upload/b_rgb:FFFFFF,c_pad,dpr_1.0,f_auto,h_375,q_auto,w_600/c_pad,h_375,w_600/v1/ProductImages/UsedGuns/usedgun_102044626_main?pgw=1 was preloaded using link preload but not used within a few seconds from the window's load event. Please make sure it has an appropriate `as` value and it is preloaded intentionally. @ https://www.cabelas.com/l/used-centerfire-pistol#sortCriteria=%40offerprice%20ascending&f-action=Revolver&firstResult=36:0
[ 5604773ms] [WARNING] The resource https://assets.basspro.com/image/upload/b_rgb:FFFFFF,c_pad,dpr_1.0,f_auto,h_375,q_auto,w_600/c_pad,h_375,w_600/v1/ProductImages/UsedGuns/usedgun_102039082_main?pgw=1 was preloaded using link preload but not used within a few seconds from the window's load event. Please make sure it has an appropriate `as` value and it is preloaded intentionally. @ https://www.cabelas.com/l/used-centerfire-pistol#sortCriteria=%40offerprice%20ascending&f-action=Revolver&firstResult=36:0
[ 5641088ms] [WARNING] The resource https://assets.basspro.com/image/upload/b_rgb:FFFFFF,c_pad,dpr_1.0,f_auto,h_375,q_auto,w_600/c_pad,h_375,w_600/v1/ProductImages/UsedGuns/usedgun_102043796_main?pgw=1 was preloaded using link preload but not used within a few seconds from the window's load event. Please make sure it has an appropriate `as` value and it is preloaded intentionally. @ https://www.cabelas.com/l/used-centerfire-pistol#sortCriteria=%40offerprice%20ascending&f-action=Revolver&firstResult=36:0
[ 5641088ms] [WARNING] The resource https://assets.basspro.com/image/upload/b_rgb:FFFFFF,c_pad,dpr_1.0,f_auto,h_375,q_auto,w_600/c_pad,h_375,w_600/v1/ProductImages/UsedGuns/usedgun_102021463_main?pgw=1 was preloaded using link preload but not used within a few seconds from the window's load event. Please make sure it has an appropriate `as` value and it is preloaded intentionally. @ https://www.cabelas.com/l/used-centerfire-pistol#sortCriteria=%40offerprice%20ascending&f-action=Revolver&firstResult=36:0
[ 5641088ms] [WARNING] The resource https://assets.basspro.com/image/upload/b_rgb:FFFFFF,c_pad,dpr_1.0,f_auto,h_375,q_auto,w_600/c_pad,h_375,w_600/v1/ProductImages/UsedGuns/usedgun_102044626_main?pgw=1 was preloaded using link preload but not used within a few seconds from the window's load event. Please make sure it has an appropriate `as` value and it is preloaded intentionally. @ https://www.cabelas.com/l/used-centerfire-pistol#sortCriteria=%40offerprice%20ascending&f-action=Revolver&firstResult=36:0
[ 5641088ms] [WARNING] The resource https://assets.basspro.com/image/upload/b_rgb:FFFFFF,c_pad,dpr_1.0,f_auto,h_375,q_auto,w_600/c_pad,h_375,w_600/v1/ProductImages/UsedGuns/usedgun_102039082_main?pgw=1 was preloaded using link preload but not used within a few seconds from the window's load event. Please make sure it has an appropriate `as` value and it is preloaded intentionally. @ https://www.cabelas.com/l/used-centerfire-pistol#sortCriteria=%40offerprice%20ascending&f-action=Revolver&firstResult=36:0
[ 5663830ms] [WARNING] The resource https://assets.basspro.com/image/upload/b_rgb:FFFFFF,c_pad,dpr_1.0,f_auto,h_375,q_auto,w_600/c_pad,h_375,w_600/v1/ProductImages/UsedGuns/usedgun_102043796_main?pgw=1 was preloaded using link preload but not used within a few seconds from the window's load event. Please make sure it has an appropriate `as` value and it is preloaded intentionally. @ https://www.cabelas.com/l/used-centerfire-pistol#sortCriteria=%40offerprice%20ascending&f-action=Revolver&firstResult=36:0
[ 5663830ms] [WARNING] The resource https://assets.basspro.com/image/upload/b_rgb:FFFFFF,c_pad,dpr_1.0,f_auto,h_375,q_auto,w_600/c_pad,h_375,w_600/v1/ProductImages/UsedGuns/usedgun_102021463_main?pgw=1 was preloaded using link preload but not used within a few seconds from the window's load event. Please make sure it has an appropriate `as` value and it is preloaded intentionally. @ https://www.cabelas.com/l/used-centerfire-pistol#sortCriteria=%40offerprice%20ascending&f-action=Revolver&firstResult=36:0
[ 5663830ms] [WARNING] The resource https://assets.basspro.com/image/upload/b_rgb:FFFFFF,c_pad,dpr_1.0,f_auto,h_375,q_auto,w_600/c_pad,h_375,w_600/v1/ProductImages/UsedGuns/usedgun_102044626_main?pgw=1 was preloaded using link preload but not used within a few seconds from the window's load event. Please make sure it has an appropriate `as` value and it is preloaded intentionally. @ https://www.cabelas.com/l/used-centerfire-pistol#sortCriteria=%40offerprice%20ascending&f-action=Revolver&firstResult=36:0
[ 5663830ms] [WARNING] The resource https://assets.basspro.com/image/upload/b_rgb:FFFFFF,c_pad,dpr_1.0,f_auto,h_375,q_auto,w_600/c_pad,h_375,w_600/v1/ProductImages/UsedGuns/usedgun_102039082_main?pgw=1 was preloaded using link preload but not used within a few seconds from the window's load event. Please make sure it has an appropriate `as` value and it is preloaded intentionally. @ https://www.cabelas.com/l/used-centerfire-pistol#sortCriteria=%40offerprice%20ascending&f-action=Revolver&firstResult=36:0
[ 5723108ms] [WARNING] The resource https://assets.basspro.com/image/upload/b_rgb:FFFFFF,c_pad,dpr_1.0,f_auto,h_375,q_auto,w_600/c_pad,h_375,w_600/v1/ProductImages/UsedGuns/usedgun_102043796_main?pgw=1 was preloaded using link preload but not used within a few seconds from the window's load event. Please make sure it has an appropriate `as` value and it is preloaded intentionally. @ https://www.cabelas.com/l/used-centerfire-pistol#sortCriteria=%40offerprice%20ascending&f-action=Revolver&firstResult=36:0
[ 5723108ms] [WARNING] The resource https://assets.basspro.com/image/upload/b_rgb:FFFFFF,c_pad,dpr_1.0,f_auto,h_375,q_auto,w_600/c_pad,h_375,w_600/v1/ProductImages/UsedGuns/usedgun_102021463_main?pgw=1 was preloaded using link preload but not used within a few seconds from the window's load event. Please make sure it has an appropriate `as` value and it is preloaded intentionally. @ https://www.cabelas.com/l/used-centerfire-pistol#sortCriteria=%40offerprice%20ascending&f-action=Revolver&firstResult=36:0
[ 5723108ms] [WARNING] The resource https://assets.basspro.com/image/upload/b_rgb:FFFFFF,c_pad,dpr_1.0,f_auto,h_375,q_auto,w_600/c_pad,h_375,w_600/v1/ProductImages/UsedGuns/usedgun_102044626_main?pgw=1 was preloaded using link preload but not used within a few seconds from the window's load event. Please make sure it has an appropriate `as` value and it is preloaded intentionally. @ https://www.cabelas.com/l/used-centerfire-pistol#sortCriteria=%40offerprice%20ascending&f-action=Revolver&firstResult=36:0
[ 5723108ms] [WARNING] The resource https://assets.basspro.com/image/upload/b_rgb:FFFFFF,c_pad,dpr_1.0,f_auto,h_375,q_auto,w_600/c_pad,h_375,w_600/v1/ProductImages/UsedGuns/usedgun_102039082_main?pgw=1 was preloaded using link preload but not used within a few seconds from the window's load event. Please make sure it has an appropriate `as` value and it is preloaded intentionally. @ https://www.cabelas.com/l/used-centerfire-pistol#sortCriteria=%40offerprice%20ascending&f-action=Revolver&firstResult=36:0
[ 5746144ms] [WARNING] The resource https://assets.basspro.com/image/upload/b_rgb:FFFFFF,c_pad,dpr_1.0,f_auto,h_375,q_auto,w_600/c_pad,h_375,w_600/v1/ProductImages/UsedGuns/usedgun_102043796_main?pgw=1 was preloaded using link preload but not used within a few seconds from the window's load event. Please make sure it has an appropriate `as` value and it is preloaded intentionally. @ https://www.cabelas.com/l/used-centerfire-pistol#sortCriteria=%40offerprice%20ascending&f-action=Revolver&firstResult=36:0
[ 5746144ms] [WARNING] The resource https://assets.basspro.com/image/upload/b_rgb:FFFFFF,c_pad,dpr_1.0,f_auto,h_375,q_auto,w_600/c_pad,h_375,w_600/v1/ProductImages/UsedGuns/usedgun_102021463_main?pgw=1 was preloaded using link preload but not used within a few seconds from the window's load event. Please make sure it has an appropriate `as` value and it is preloaded intentionally. @ https://www.cabelas.com/l/used-centerfire-pistol#sortCriteria=%40offerprice%20ascending&f-action=Revolver&firstResult=36:0
[ 5746144ms] [WARNING] The resource https://assets.basspro.com/image/upload/b_rgb:FFFFFF,c_pad,dpr_1.0,f_auto,h_375,q_auto,w_600/c_pad,h_375,w_600/v1/ProductImages/UsedGuns/usedgun_102044626_main?pgw=1 was preloaded using link preload but not used within a few seconds from the window's load event. Please make sure it has an appropriate `as` value and it is preloaded intentionally. @ https://www.cabelas.com/l/used-centerfire-pistol#sortCriteria=%40offerprice%20ascending&f-action=Revolver&firstResult=36:0
[ 5746144ms] [WARNING] The resource https://assets.basspro.com/image/upload/b_rgb:FFFFFF,c_pad,dpr_1.0,f_auto,h_375,q_auto,w_600/c_pad,h_375,w_600/v1/ProductImages/UsedGuns/usedgun_102039082_main?pgw=1 was preloaded using link preload but not used within a few seconds from the window's load event. Please make sure it has an appropriate `as` value and it is preloaded intentionally. @ https://www.cabelas.com/l/used-centerfire-pistol#sortCriteria=%40offerprice%20ascending&f-action=Revolver&firstResult=36:0
[ 5783277ms] [WARNING] The resource https://assets.basspro.com/image/upload/b_rgb:FFFFFF,c_pad,dpr_1.0,f_auto,h_375,q_auto,w_600/c_pad,h_375,w_600/v1/ProductImages/UsedGuns/usedgun_102043796_main?pgw=1 was preloaded using link preload but not used within a few seconds from the window's load event. Please make sure it has an appropriate `as` value and it is preloaded intentionally. @ https://www.cabelas.com/l/used-centerfire-pistol#sortCriteria=%40offerprice%20ascending&f-action=Revolver&firstResult=36:0
[ 5783277ms] [WARNING] The resource https://assets.basspro.com/image/upload/b_rgb:FFFFFF,c_pad,dpr_1.0,f_auto,h_375,q_auto,w_600/c_pad,h_375,w_600/v1/ProductImages/UsedGuns/usedgun_102021463_main?pgw=1 was preloaded using link preload but not used within a few seconds from the window's load event. Please make sure it has an appropriate `as` value and it is preloaded intentionally. @ https://www.cabelas.com/l/used-centerfire-pistol#sortCriteria=%40offerprice%20ascending&f-action=Revolver&firstResult=36:0
[ 5783277ms] [WARNING] The resource https://assets.basspro.com/image/upload/b_rgb:FFFFFF,c_pad,dpr_1.0,f_auto,h_375,q_auto,w_600/c_pad,h_375,w_600/v1/ProductImages/UsedGuns/usedgun_102044626_main?pgw=1 was preloaded using link preload but not used within a few seconds from the window's load event. Please make sure it has an appropriate `as` value and it is preloaded intentionally. @ https://www.cabelas.com/l/used-centerfire-pistol#sortCriteria=%40offerprice%20ascending&f-action=Revolver&firstResult=36:0
[ 5783277ms] [WARNING] The resource https://assets.basspro.com/image/upload/b_rgb:FFFFFF,c_pad,dpr_1.0,f_auto,h_375,q_auto,w_600/c_pad,h_375,w_600/v1/ProductImages/UsedGuns/usedgun_102039082_main?pgw=1 was preloaded using link preload but not used within a few seconds from the window's load event. Please make sure it has an appropriate `as` value and it is preloaded intentionally. @ https://www.cabelas.com/l/used-centerfire-pistol#sortCriteria=%40offerprice%20ascending&f-action=Revolver&firstResult=36:0
[ 5821078ms] [WARNING] The resource https://assets.basspro.com/image/upload/b_rgb:FFFFFF,c_pad,dpr_1.0,f_auto,h_375,q_auto,w_600/c_pad,h_375,w_600/v1/ProductImages/UsedGuns/usedgun_102043796_main?pgw=1 was preloaded using link preload but not used within a few seconds from the window's load event. Please make sure it has an appropriate `as` value and it is preloaded intentionally. @ https://www.cabelas.com/l/used-centerfire-pistol#sortCriteria=%40offerprice%20ascending&f-action=Revolver&firstResult=36:0
[ 5821078ms] [WARNING] The resource https://assets.basspro.com/image/upload/b_rgb:FFFFFF,c_pad,dpr_1.0,f_auto,h_375,q_auto,w_600/c_pad,h_375,w_600/v1/ProductImages/UsedGuns/usedgun_102021463_main?pgw=1 was preloaded using link preload but not used within a few seconds from the window's load event. Please make sure it has an appropriate `as` value and it is preloaded intentionally. @ https://www.cabelas.com/l/used-centerfire-pistol#sortCriteria=%40offerprice%20ascending&f-action=Revolver&firstResult=36:0
[ 5821078ms] [WARNING] The resource https://assets.basspro.com/image/upload/b_rgb:FFFFFF,c_pad,dpr_1.0,f_auto,h_375,q_auto,w_600/c_pad,h_375,w_600/v1/ProductImages/UsedGuns/usedgun_102044626_main?pgw=1 was preloaded using link preload but not used within a few seconds from the window's load event. Please make sure it has an appropriate `as` value and it is preloaded intentionally. @ https://www.cabelas.com/l/used-centerfire-pistol#sortCriteria=%40offerprice%20ascending&f-action=Revolver&firstResult=36:0
[ 5821078ms] [WARNING] The resource https://assets.basspro.com/image/upload/b_rgb:FFFFFF,c_pad,dpr_1.0,f_auto,h_375,q_auto,w_600/c_pad,h_375,w_600/v1/ProductImages/UsedGuns/usedgun_102039082_main?pgw=1 was preloaded using link preload but not used within a few seconds from the window's load event. Please make sure it has an appropriate `as` value and it is preloaded intentionally. @ https://www.cabelas.com/l/used-centerfire-pistol#sortCriteria=%40offerprice%20ascending&f-action=Revolver&firstResult=36:0
[ 5843395ms] [WARNING] The resource https://assets.basspro.com/image/upload/b_rgb:FFFFFF,c_pad,dpr_1.0,f_auto,h_375,q_auto,w_600/c_pad,h_375,w_600/v1/ProductImages/UsedGuns/usedgun_102043796_main?pgw=1 was preloaded using link preload but not used within a few seconds from the window's load event. Please make sure it has an appropriate `as` value and it is preloaded intentionally. @ https://www.cabelas.com/l/used-centerfire-pistol#sortCriteria=%40offerprice%20ascending&f-action=Revolver&firstResult=36:0
[ 5843395ms] [WARNING] The resource https://assets.basspro.com/image/upload/b_rgb:FFFFFF,c_pad,dpr_1.0,f_auto,h_375,q_auto,w_600/c_pad,h_375,w_600/v1/ProductImages/UsedGuns/usedgun_102021463_main?pgw=1 was preloaded using link preload but not used within a few seconds from the window's load event. Please make sure it has an appropriate `as` value and it is preloaded intentionally. @ https://www.cabelas.com/l/used-centerfire-pistol#sortCriteria=%40offerprice%20ascending&f-action=Revolver&firstResult=36:0
[ 5843395ms] [WARNING] The resource https://assets.basspro.com/image/upload/b_rgb:FFFFFF,c_pad,dpr_1.0,f_auto,h_375,q_auto,w_600/c_pad,h_375,w_600/v1/ProductImages/UsedGuns/usedgun_102044626_main?pgw=1 was preloaded using link preload but not used within a few seconds from the window's load event. Please make sure it has an appropriate `as` value and it is preloaded intentionally. @ https://www.cabelas.com/l/used-centerfire-pistol#sortCriteria=%40offerprice%20ascending&f-action=Revolver&firstResult=36:0
[ 5843395ms] [WARNING] The resource https://assets.basspro.com/image/upload/b_rgb:FFFFFF,c_pad,dpr_1.0,f_auto,h_375,q_auto,w_600/c_pad,h_375,w_600/v1/ProductImages/UsedGuns/usedgun_102039082_main?pgw=1 was preloaded using link preload but not used within a few seconds from the window's load event. Please make sure it has an appropriate `as` value and it is preloaded intentionally. @ https://www.cabelas.com/l/used-centerfire-pistol#sortCriteria=%40offerprice%20ascending&f-action=Revolver&firstResult=36:0
[ 5903551ms] [WARNING] The resource https://assets.basspro.com/image/upload/b_rgb:FFFFFF,c_pad,dpr_1.0,f_auto,h_375,q_auto,w_600/c_pad,h_375,w_600/v1/ProductImages/UsedGuns/usedgun_102043796_main?pgw=1 was preloaded using link preload but not used within a few seconds from the window's load event. Please make sure it has an appropriate `as` value and it is preloaded intentionally. @ https://www.cabelas.com/l/used-centerfire-pistol#sortCriteria=%40offerprice%20ascending&f-action=Revolver&firstResult=36:0
[ 5903551ms] [WARNING] The resource https://assets.basspro.com/image/upload/b_rgb:FFFFFF,c_pad,dpr_1.0,f_auto,h_375,q_auto,w_600/c_pad,h_375,w_600/v1/ProductImages/UsedGuns/usedgun_102021463_main?pgw=1 was preloaded using link preload but not used within a few seconds from the window's load event. Please make sure it has an appropriate `as` value and it is preloaded intentionally. @ https://www.cabelas.com/l/used-centerfire-pistol#sortCriteria=%40offerprice%20ascending&f-action=Revolver&firstResult=36:0
[ 5903551ms] [WARNING] The resource https://assets.basspro.com/image/upload/b_rgb:FFFFFF,c_pad,dpr_1.0,f_auto,h_375,q_auto,w_600/c_pad,h_375,w_600/v1/ProductImages/UsedGuns/usedgun_102044626_main?pgw=1 was preloaded using link preload but not used within a few seconds from the window's load event. Please make sure it has an appropriate `as` value and it is preloaded intentionally. @ https://www.cabelas.com/l/used-centerfire-pistol#sortCriteria=%40offerprice%20ascending&f-action=Revolver&firstResult=36:0
[ 5903551ms] [WARNING] The resource https://assets.basspro.com/image/upload/b_rgb:FFFFFF,c_pad,dpr_1.0,f_auto,h_375,q_auto,w_600/c_pad,h_375,w_600/v1/ProductImages/UsedGuns/usedgun_102039082_main?pgw=1 was preloaded using link preload but not used within a few seconds from the window's load event. Please make sure it has an appropriate `as` value and it is preloaded intentionally. @ https://www.cabelas.com/l/used-centerfire-pistol#sortCriteria=%40offerprice%20ascending&f-action=Revolver&firstResult=36:0
[ 5962635ms] [WARNING] The resource https://assets.basspro.com/image/upload/b_rgb:FFFFFF,c_pad,dpr_1.0,f_auto,h_375,q_auto,w_600/c_pad,h_375,w_600/v1/ProductImages/UsedGuns/usedgun_102043796_main?pgw=1 was preloaded using link preload but not used within a few seconds from the window's load event. Please make sure it has an appropriate `as` value and it is preloaded intentionally. @ https://www.cabelas.com/l/used-centerfire-pistol#sortCriteria=%40offerprice%20ascending&f-action=Revolver&firstResult=36:0
[ 5962635ms] [WARNING] The resource https://assets.basspro.com/image/upload/b_rgb:FFFFFF,c_pad,dpr_1.0,f_auto,h_375,q_auto,w_600/c_pad,h_375,w_600/v1/ProductImages/UsedGuns/usedgun_102021463_main?pgw=1 was preloaded using link preload but not used within a few seconds from the window's load event. Please make sure it has an appropriate `as` value and it is preloaded intentionally. @ https://www.cabelas.com/l/used-centerfire-pistol#sortCriteria=%40offerprice%20ascending&f-action=Revolver&firstResult=36:0
[ 5962635ms] [WARNING] The resource https://assets.basspro.com/image/upload/b_rgb:FFFFFF,c_pad,dpr_1.0,f_auto,h_375,q_auto,w_600/c_pad,h_375,w_600/v1/ProductImages/UsedGuns/usedgun_102044626_main?pgw=1 was preloaded using link preload but not used within a few seconds from the window's load event. Please make sure it has an appropriate `as` value and it is preloaded intentionally. @ https://www.cabelas.com/l/used-centerfire-pistol#sortCriteria=%40offerprice%20ascending&f-action=Revolver&firstResult=36:0
[ 5962635ms] [WARNING] The resource https://assets.basspro.com/image/upload/b_rgb:FFFFFF,c_pad,dpr_1.0,f_auto,h_375,q_auto,w_600/c_pad,h_375,w_600/v1/ProductImages/UsedGuns/usedgun_102039082_main?pgw=1 was preloaded using link preload but not used within a few seconds from the window's load event. Please make sure it has an appropriate `as` value and it is preloaded intentionally. @ https://www.cabelas.com/l/used-centerfire-pistol#sortCriteria=%40offerprice%20ascending&f-action=Revolver&firstResult=36:0
[ 6001091ms] [WARNING] The resource https://assets.basspro.com/image/upload/b_rgb:FFFFFF,c_pad,dpr_1.0,f_auto,h_375,q_auto,w_600/c_pad,h_375,w_600/v1/ProductImages/UsedGuns/usedgun_102043796_main?pgw=1 was preloaded using link preload but not used within a few seconds from the window's load event. Please make sure it has an appropriate `as` value and it is preloaded intentionally. @ https://www.cabelas.com/l/used-centerfire-pistol#sortCriteria=%40offerprice%20ascending&f-action=Revolver&firstResult=36:0
[ 6001091ms] [WARNING] The resource https://assets.basspro.com/image/upload/b_rgb:FFFFFF,c_pad,dpr_1.0,f_auto,h_375,q_auto,w_600/c_pad,h_375,w_600/v1/ProductImages/UsedGuns/usedgun_102021463_main?pgw=1 was preloaded using link preload but not used within a few seconds from the window's load event. Please make sure it has an appropriate `as` value and it is preloaded intentionally. @ https://www.cabelas.com/l/used-centerfire-pistol#sortCriteria=%40offerprice%20ascending&f-action=Revolver&firstResult=36:0
[ 6001091ms] [WARNING] The resource https://assets.basspro.com/image/upload/b_rgb:FFFFFF,c_pad,dpr_1.0,f_auto,h_375,q_auto,w_600/c_pad,h_375,w_600/v1/ProductImages/UsedGuns/usedgun_102044626_main?pgw=1 was preloaded using link preload but not used within a few seconds from the window's load event. Please make sure it has an appropriate `as` value and it is preloaded intentionally. @ https://www.cabelas.com/l/used-centerfire-pistol#sortCriteria=%40offerprice%20ascending&f-action=Revolver&firstResult=36:0
[ 6001091ms] [WARNING] The resource https://assets.basspro.com/image/upload/b_rgb:FFFFFF,c_pad,dpr_1.0,f_auto,h_375,q_auto,w_600/c_pad,h_375,w_600/v1/ProductImages/UsedGuns/usedgun_102039082_main?pgw=1 was preloaded using link preload but not used within a few seconds from the window's load event. Please make sure it has an appropriate `as` value and it is preloaded intentionally. @ https://www.cabelas.com/l/used-centerfire-pistol#sortCriteria=%40offerprice%20ascending&f-action=Revolver&firstResult=36:0
[ 6021794ms] [WARNING] The resource https://assets.basspro.com/image/upload/b_rgb:FFFFFF,c_pad,dpr_1.0,f_auto,h_375,q_auto,w_600/c_pad,h_375,w_600/v1/ProductImages/UsedGuns/usedgun_102043796_main?pgw=1 was preloaded using link preload but not used within a few seconds from the window's load event. Please make sure it has an appropriate `as` value and it is preloaded intentionally. @ https://www.cabelas.com/l/used-centerfire-pistol#sortCriteria=%40offerprice%20ascending&f-action=Revolver&firstResult=36:0
[ 6021794ms] [WARNING] The resource https://assets.basspro.com/image/upload/b_rgb:FFFFFF,c_pad,dpr_1.0,f_auto,h_375,q_auto,w_600/c_pad,h_375,w_600/v1/ProductImages/UsedGuns/usedgun_102021463_main?pgw=1 was preloaded using link preload but not used within a few seconds from the window's load event. Please make sure it has an appropriate `as` value and it is preloaded intentionally. @ https://www.cabelas.com/l/used-centerfire-pistol#sortCriteria=%40offerprice%20ascending&f-action=Revolver&firstResult=36:0
[ 6021794ms] [WARNING] The resource https://assets.basspro.com/image/upload/b_rgb:FFFFFF,c_pad,dpr_1.0,f_auto,h_375,q_auto,w_600/c_pad,h_375,w_600/v1/ProductImages/UsedGuns/usedgun_102044626_main?pgw=1 was preloaded using link preload but not used within a few seconds from the window's load event. Please make sure it has an appropriate `as` value and it is preloaded intentionally. @ https://www.cabelas.com/l/used-centerfire-pistol#sortCriteria=%40offerprice%20ascending&f-action=Revolver&firstResult=36:0
[ 6021794ms] [WARNING] The resource https://assets.basspro.com/image/upload/b_rgb:FFFFFF,c_pad,dpr_1.0,f_auto,h_375,q_auto,w_600/c_pad,h_375,w_600/v1/ProductImages/UsedGuns/usedgun_102039082_main?pgw=1 was preloaded using link preload but not used within a few seconds from the window's load event. Please make sure it has an appropriate `as` value and it is preloaded intentionally. @ https://www.cabelas.com/l/used-centerfire-pistol#sortCriteria=%40offerprice%20ascending&f-action=Revolver&firstResult=36:0
[ 6081954ms] [WARNING] The resource https://assets.basspro.com/image/upload/b_rgb:FFFFFF,c_pad,dpr_1.0,f_auto,h_375,q_auto,w_600/c_pad,h_375,w_600/v1/ProductImages/UsedGuns/usedgun_102043796_main?pgw=1 was preloaded using link preload but not used within a few seconds from the window's load event. Please make sure it has an appropriate `as` value and it is preloaded intentionally. @ https://www.cabelas.com/l/used-centerfire-pistol#sortCriteria=%40offerprice%20ascending&f-action=Revolver&firstResult=36:0
[ 6081954ms] [WARNING] The resource https://assets.basspro.com/image/upload/b_rgb:FFFFFF,c_pad,dpr_1.0,f_auto,h_375,q_auto,w_600/c_pad,h_375,w_600/v1/ProductImages/UsedGuns/usedgun_102021463_main?pgw=1 was preloaded using link preload but not used within a few seconds from the window's load event. Please make sure it has an appropriate `as` value and it is preloaded intentionally. @ https://www.cabelas.com/l/used-centerfire-pistol#sortCriteria=%40offerprice%20ascending&f-action=Revolver&firstResult=36:0
[ 6081954ms] [WARNING] The resource https://assets.basspro.com/image/upload/b_rgb:FFFFFF,c_pad,dpr_1.0,f_auto,h_375,q_auto,w_600/c_pad,h_375,w_600/v1/ProductImages/UsedGuns/usedgun_102044626_main?pgw=1 was preloaded using link preload but not used within a few seconds from the window's load event. Please make sure it has an appropriate `as` value and it is preloaded intentionally. @ https://www.cabelas.com/l/used-centerfire-pistol#sortCriteria=%40offerprice%20ascending&f-action=Revolver&firstResult=36:0
[ 6081954ms] [WARNING] The resource https://assets.basspro.com/image/upload/b_rgb:FFFFFF,c_pad,dpr_1.0,f_auto,h_375,q_auto,w_600/c_pad,h_375,w_600/v1/ProductImages/UsedGuns/usedgun_102039082_main?pgw=1 was preloaded using link preload but not used within a few seconds from the window's load event. Please make sure it has an appropriate `as` value and it is preloaded intentionally. @ https://www.cabelas.com/l/used-centerfire-pistol#sortCriteria=%40offerprice%20ascending&f-action=Revolver&firstResult=36:0
[ 6142166ms] [WARNING] The resource https://assets.basspro.com/image/upload/b_rgb:FFFFFF,c_pad,dpr_1.0,f_auto,h_375,q_auto,w_600/c_pad,h_375,w_600/v1/ProductImages/UsedGuns/usedgun_102043796_main?pgw=1 was preloaded using link preload but not used within a few seconds from the window's load event. Please make sure it has an appropriate `as` value and it is preloaded intentionally. @ https://www.cabelas.com/l/used-centerfire-pistol#sortCriteria=%40offerprice%20ascending&f-action=Revolver&firstResult=36:0
[ 6142166ms] [WARNING] The resource https://assets.basspro.com/image/upload/b_rgb:FFFFFF,c_pad,dpr_1.0,f_auto,h_375,q_auto,w_600/c_pad,h_375,w_600/v1/ProductImages/UsedGuns/usedgun_102021463_main?pgw=1 was preloaded using link preload but not used within a few seconds from the window's load event. Please make sure it has an appropriate `as` value and it is preloaded intentionally. @ https://www.cabelas.com/l/used-centerfire-pistol#sortCriteria=%40offerprice%20ascending&f-action=Revolver&firstResult=36:0
[ 6142166ms] [WARNING] The resource https://assets.basspro.com/image/upload/b_rgb:FFFFFF,c_pad,dpr_1.0,f_auto,h_375,q_auto,w_600/c_pad,h_375,w_600/v1/ProductImages/UsedGuns/usedgun_102044626_main?pgw=1 was preloaded using link preload but not used within a few seconds from the window's load event. Please make sure it has an appropriate `as` value and it is preloaded intentionally. @ https://www.cabelas.com/l/used-centerfire-pistol#sortCriteria=%40offerprice%20ascending&f-action=Revolver&firstResult=36:0
[ 6142166ms] [WARNING] The resource https://assets.basspro.com/image/upload/b_rgb:FFFFFF,c_pad,dpr_1.0,f_auto,h_375,q_auto,w_600/c_pad,h_375,w_600/v1/ProductImages/UsedGuns/usedgun_102039082_main?pgw=1 was preloaded using link preload but not used within a few seconds from the window's load event. Please make sure it has an appropriate `as` value and it is preloaded intentionally. @ https://www.cabelas.com/l/used-centerfire-pistol#sortCriteria=%40offerprice%20ascending&f-action=Revolver&firstResult=36:0
[ 6181048ms] [WARNING] The resource https://assets.basspro.com/image/upload/b_rgb:FFFFFF,c_pad,dpr_1.0,f_auto,h_375,q_auto,w_600/c_pad,h_375,w_600/v1/ProductImages/UsedGuns/usedgun_102043796_main?pgw=1 was preloaded using link preload but not used within a few seconds from the window's load event. Please make sure it has an appropriate `as` value and it is preloaded intentionally. @ https://www.cabelas.com/l/used-centerfire-pistol#sortCriteria=%40offerprice%20ascending&f-action=Revolver&firstResult=36:0
[ 6181048ms] [WARNING] The resource https://assets.basspro.com/image/upload/b_rgb:FFFFFF,c_pad,dpr_1.0,f_auto,h_375,q_auto,w_600/c_pad,h_375,w_600/v1/ProductImages/UsedGuns/usedgun_102021463_main?pgw=1 was preloaded using link preload but not used within a few seconds from the window's load event. Please make sure it has an appropriate `as` value and it is preloaded intentionally. @ https://www.cabelas.com/l/used-centerfire-pistol#sortCriteria=%40offerprice%20ascending&f-action=Revolver&firstResult=36:0
[ 6181048ms] [WARNING] The resource https://assets.basspro.com/image/upload/b_rgb:FFFFFF,c_pad,dpr_1.0,f_auto,h_375,q_auto,w_600/c_pad,h_375,w_600/v1/ProductImages/UsedGuns/usedgun_102044626_main?pgw=1 was preloaded using link preload but not used within a few seconds from the window's load event. Please make sure it has an appropriate `as` value and it is preloaded intentionally. @ https://www.cabelas.com/l/used-centerfire-pistol#sortCriteria=%40offerprice%20ascending&f-action=Revolver&firstResult=36:0
[ 6181048ms] [WARNING] The resource https://assets.basspro.com/image/upload/b_rgb:FFFFFF,c_pad,dpr_1.0,f_auto,h_375,q_auto,w_600/c_pad,h_375,w_600/v1/ProductImages/UsedGuns/usedgun_102039082_main?pgw=1 was preloaded using link preload but not used within a few seconds from the window's load event. Please make sure it has an appropriate `as` value and it is preloaded intentionally. @ https://www.cabelas.com/l/used-centerfire-pistol#sortCriteria=%40offerprice%20ascending&f-action=Revolver&firstResult=36:0
[ 6202244ms] [WARNING] The resource https://assets.basspro.com/image/upload/b_rgb:FFFFFF,c_pad,dpr_1.0,f_auto,h_375,q_auto,w_600/c_pad,h_375,w_600/v1/ProductImages/UsedGuns/usedgun_102043796_main?pgw=1 was preloaded using link preload but not used within a few seconds from the window's load event. Please make sure it has an appropriate `as` value and it is preloaded intentionally. @ https://www.cabelas.com/l/used-centerfire-pistol#sortCriteria=%40offerprice%20ascending&f-action=Revolver&firstResult=36:0
[ 6202244ms] [WARNING] The resource https://assets.basspro.com/image/upload/b_rgb:FFFFFF,c_pad,dpr_1.0,f_auto,h_375,q_auto,w_600/c_pad,h_375,w_600/v1/ProductImages/UsedGuns/usedgun_102021463_main?pgw=1 was preloaded using link preload but not used within a few seconds from the window's load event. Please make sure it has an appropriate `as` value and it is preloaded intentionally. @ https://www.cabelas.com/l/used-centerfire-pistol#sortCriteria=%40offerprice%20ascending&f-action=Revolver&firstResult=36:0
[ 6202244ms] [WARNING] The resource https://assets.basspro.com/image/upload/b_rgb:FFFFFF,c_pad,dpr_1.0,f_auto,h_375,q_auto,w_600/c_pad,h_375,w_600/v1/ProductImages/UsedGuns/usedgun_102044626_main?pgw=1 was preloaded using link preload but not used within a few seconds from the window's load event. Please make sure it has an appropriate `as` value and it is preloaded intentionally. @ https://www.cabelas.com/l/used-centerfire-pistol#sortCriteria=%40offerprice%20ascending&f-action=Revolver&firstResult=36:0
[ 6202244ms] [WARNING] The resource https://assets.basspro.com/image/upload/b_rgb:FFFFFF,c_pad,dpr_1.0,f_auto,h_375,q_auto,w_600/c_pad,h_375,w_600/v1/ProductImages/UsedGuns/usedgun_102039082_main?pgw=1 was preloaded using link preload but not used within a few seconds from the window's load event. Please make sure it has an appropriate `as` value and it is preloaded intentionally. @ https://www.cabelas.com/l/used-centerfire-pistol#sortCriteria=%40offerprice%20ascending&f-action=Revolver&firstResult=36:0
[ 6262330ms] [WARNING] The resource https://assets.basspro.com/image/upload/b_rgb:FFFFFF,c_pad,dpr_1.0,f_auto,h_375,q_auto,w_600/c_pad,h_375,w_600/v1/ProductImages/UsedGuns/usedgun_102043796_main?pgw=1 was preloaded using link preload but not used within a few seconds from the window's load event. Please make sure it has an appropriate `as` value and it is preloaded intentionally. @ https://www.cabelas.com/l/used-centerfire-pistol#sortCriteria=%40offerprice%20ascending&f-action=Revolver&firstResult=36:0
[ 6262330ms] [WARNING] The resource https://assets.basspro.com/image/upload/b_rgb:FFFFFF,c_pad,dpr_1.0,f_auto,h_375,q_auto,w_600/c_pad,h_375,w_600/v1/ProductImages/UsedGuns/usedgun_102021463_main?pgw=1 was preloaded using link preload but not used within a few seconds from the window's load event. Please make sure it has an appropriate `as` value and it is preloaded intentionally. @ https://www.cabelas.com/l/used-centerfire-pistol#sortCriteria=%40offerprice%20ascending&f-action=Revolver&firstResult=36:0
[ 6262330ms] [WARNING] The resource https://assets.basspro.com/image/upload/b_rgb:FFFFFF,c_pad,dpr_1.0,f_auto,h_375,q_auto,w_600/c_pad,h_375,w_600/v1/ProductImages/UsedGuns/usedgun_102044626_main?pgw=1 was preloaded using link preload but not used within a few seconds from the window's load event. Please make sure it has an appropriate `as` value and it is preloaded intentionally. @ https://www.cabelas.com/l/used-centerfire-pistol#sortCriteria=%40offerprice%20ascending&f-action=Revolver&firstResult=36:0
[ 6262330ms] [WARNING] The resource https://assets.basspro.com/image/upload/b_rgb:FFFFFF,c_pad,dpr_1.0,f_auto,h_375,q_auto,w_600/c_pad,h_375,w_600/v1/ProductImages/UsedGuns/usedgun_102039082_main?pgw=1 was preloaded using link preload but not used within a few seconds from the window's load event. Please make sure it has an appropriate `as` value and it is preloaded intentionally. @ https://www.cabelas.com/l/used-centerfire-pistol#sortCriteria=%40offerprice%20ascending&f-action=Revolver&firstResult=36:0
[ 6322614ms] [WARNING] The resource https://assets.basspro.com/image/upload/b_rgb:FFFFFF,c_pad,dpr_1.0,f_auto,h_375,q_auto,w_600/c_pad,h_375,w_600/v1/ProductImages/UsedGuns/usedgun_102043796_main?pgw=1 was preloaded using link preload but not used within a few seconds from the window's load event. Please make sure it has an appropriate `as` value and it is preloaded intentionally. @ https://www.cabelas.com/l/used-centerfire-pistol#sortCriteria=%40offerprice%20ascending&f-action=Revolver&firstResult=36:0
[ 6322614ms] [WARNING] The resource https://assets.basspro.com/image/upload/b_rgb:FFFFFF,c_pad,dpr_1.0,f_auto,h_375,q_auto,w_600/c_pad,h_375,w_600/v1/ProductImages/UsedGuns/usedgun_102021463_main?pgw=1 was preloaded using link preload but not used within a few seconds from the window's load event. Please make sure it has an appropriate `as` value and it is preloaded intentionally. @ https://www.cabelas.com/l/used-centerfire-pistol#sortCriteria=%40offerprice%20ascending&f-action=Revolver&firstResult=36:0
[ 6322614ms] [WARNING] The resource https://assets.basspro.com/image/upload/b_rgb:FFFFFF,c_pad,dpr_1.0,f_auto,h_375,q_auto,w_600/c_pad,h_375,w_600/v1/ProductImages/UsedGuns/usedgun_102044626_main?pgw=1 was preloaded using link preload but not used within a few seconds from the window's load event. Please make sure it has an appropriate `as` value and it is preloaded intentionally. @ https://www.cabelas.com/l/used-centerfire-pistol#sortCriteria=%40offerprice%20ascending&f-action=Revolver&firstResult=36:0
[ 6322614ms] [WARNING] The resource https://assets.basspro.com/image/upload/b_rgb:FFFFFF,c_pad,dpr_1.0,f_auto,h_375,q_auto,w_600/c_pad,h_375,w_600/v1/ProductImages/UsedGuns/usedgun_102039082_main?pgw=1 was preloaded using link preload but not used within a few seconds from the window's load event. Please make sure it has an appropriate `as` value and it is preloaded intentionally. @ https://www.cabelas.com/l/used-centerfire-pistol#sortCriteria=%40offerprice%20ascending&f-action=Revolver&firstResult=36:0
[ 6345956ms] [WARNING] The resource https://assets.basspro.com/image/upload/b_rgb:FFFFFF,c_pad,dpr_1.0,f_auto,h_375,q_auto,w_600/c_pad,h_375,w_600/v1/ProductImages/UsedGuns/usedgun_102043796_main?pgw=1 was preloaded using link preload but not used within a few seconds from the window's load event. Please make sure it has an appropriate `as` value and it is preloaded intentionally. @ https://www.cabelas.com/l/used-centerfire-pistol#sortCriteria=%40offerprice%20ascending&f-action=Revolver&firstResult=36:0
[ 6345956ms] [WARNING] The resource https://assets.basspro.com/image/upload/b_rgb:FFFFFF,c_pad,dpr_1.0,f_auto,h_375,q_auto,w_600/c_pad,h_375,w_600/v1/ProductImages/UsedGuns/usedgun_102021463_main?pgw=1 was preloaded using link preload but not used within a few seconds from the window's load event. Please make sure it has an appropriate `as` value and it is preloaded intentionally. @ https://www.cabelas.com/l/used-centerfire-pistol#sortCriteria=%40offerprice%20ascending&f-action=Revolver&firstResult=36:0
[ 6345956ms] [WARNING] The resource https://assets.basspro.com/image/upload/b_rgb:FFFFFF,c_pad,dpr_1.0,f_auto,h_375,q_auto,w_600/c_pad,h_375,w_600/v1/ProductImages/UsedGuns/usedgun_102044626_main?pgw=1 was preloaded using link preload but not used within a few seconds from the window's load event. Please make sure it has an appropriate `as` value and it is preloaded intentionally. @ https://www.cabelas.com/l/used-centerfire-pistol#sortCriteria=%40offerprice%20ascending&f-action=Revolver&firstResult=36:0
[ 6345956ms] [WARNING] The resource https://assets.basspro.com/image/upload/b_rgb:FFFFFF,c_pad,dpr_1.0,f_auto,h_375,q_auto,w_600/c_pad,h_375,w_600/v1/ProductImages/UsedGuns/usedgun_102039082_main?pgw=1 was preloaded using link preload but not used within a few seconds from the window's load event. Please make sure it has an appropriate `as` value and it is preloaded intentionally. @ https://www.cabelas.com/l/used-centerfire-pistol#sortCriteria=%40offerprice%20ascending&f-action=Revolver&firstResult=36:0
[ 6361053ms] [WARNING] The resource https://assets.basspro.com/image/upload/b_rgb:FFFFFF,c_pad,dpr_1.0,f_auto,h_375,q_auto,w_600/c_pad,h_375,w_600/v1/ProductImages/UsedGuns/usedgun_102043796_main?pgw=1 was preloaded using link preload but not used within a few seconds from the window's load event. Please make sure it has an appropriate `as` value and it is preloaded intentionally. @ https://www.cabelas.com/l/used-centerfire-pistol#sortCriteria=%40offerprice%20ascending&f-action=Revolver&firstResult=36:0
[ 6361053ms] [WARNING] The resource https://assets.basspro.com/image/upload/b_rgb:FFFFFF,c_pad,dpr_1.0,f_auto,h_375,q_auto,w_600/c_pad,h_375,w_600/v1/ProductImages/UsedGuns/usedgun_102021463_main?pgw=1 was preloaded using link preload but not used within a few seconds from the window's load event. Please make sure it has an appropriate `as` value and it is preloaded intentionally. @ https://www.cabelas.com/l/used-centerfire-pistol#sortCriteria=%40offerprice%20ascending&f-action=Revolver&firstResult=36:0
[ 6361053ms] [WARNING] The resource https://assets.basspro.com/image/upload/b_rgb:FFFFFF,c_pad,dpr_1.0,f_auto,h_375,q_auto,w_600/c_pad,h_375,w_600/v1/ProductImages/UsedGuns/usedgun_102044626_main?pgw=1 was preloaded using link preload but not used within a few seconds from the window's load event. Please make sure it has an appropriate `as` value and it is preloaded intentionally. @ https://www.cabelas.com/l/used-centerfire-pistol#sortCriteria=%40offerprice%20ascending&f-action=Revolver&firstResult=36:0
[ 6361053ms] [WARNING] The resource https://assets.basspro.com/image/upload/b_rgb:FFFFFF,c_pad,dpr_1.0,f_auto,h_375,q_auto,w_600/c_pad,h_375,w_600/v1/ProductImages/UsedGuns/usedgun_102039082_main?pgw=1 was preloaded using link preload but not used within a few seconds from the window's load event. Please make sure it has an appropriate `as` value and it is preloaded intentionally. @ https://www.cabelas.com/l/used-centerfire-pistol#sortCriteria=%40offerprice%20ascending&f-action=Revolver&firstResult=36:0
[ 6381691ms] [WARNING] The resource https://assets.basspro.com/image/upload/b_rgb:FFFFFF,c_pad,dpr_1.0,f_auto,h_375,q_auto,w_600/c_pad,h_375,w_600/v1/ProductImages/UsedGuns/usedgun_102043796_main?pgw=1 was preloaded using link preload but not used within a few seconds from the window's load event. Please make sure it has an appropriate `as` value and it is preloaded intentionally. @ https://www.cabelas.com/l/used-centerfire-pistol#sortCriteria=%40offerprice%20ascending&f-action=Revolver&firstResult=36:0
[ 6381691ms] [WARNING] The resource https://assets.basspro.com/image/upload/b_rgb:FFFFFF,c_pad,dpr_1.0,f_auto,h_375,q_auto,w_600/c_pad,h_375,w_600/v1/ProductImages/UsedGuns/usedgun_102021463_main?pgw=1 was preloaded using link preload but not used within a few seconds from the window's load event. Please make sure it has an appropriate `as` value and it is preloaded intentionally. @ https://www.cabelas.com/l/used-centerfire-pistol#sortCriteria=%40offerprice%20ascending&f-action=Revolver&firstResult=36:0
[ 6381691ms] [WARNING] The resource https://assets.basspro.com/image/upload/b_rgb:FFFFFF,c_pad,dpr_1.0,f_auto,h_375,q_auto,w_600/c_pad,h_375,w_600/v1/ProductImages/UsedGuns/usedgun_102044626_main?pgw=1 was preloaded using link preload but not used within a few seconds from the window's load event. Please make sure it has an appropriate `as` value and it is preloaded intentionally. @ https://www.cabelas.com/l/used-centerfire-pistol#sortCriteria=%40offerprice%20ascending&f-action=Revolver&firstResult=36:0
[ 6381691ms] [WARNING] The resource https://assets.basspro.com/image/upload/b_rgb:FFFFFF,c_pad,dpr_1.0,f_auto,h_375,q_auto,w_600/c_pad,h_375,w_600/v1/ProductImages/UsedGuns/usedgun_102039082_main?pgw=1 was preloaded using link preload but not used within a few seconds from the window's load event. Please make sure it has an appropriate `as` value and it is preloaded intentionally. @ https://www.cabelas.com/l/used-centerfire-pistol#sortCriteria=%40offerprice%20ascending&f-action=Revolver&firstResult=36:0
[ 6440863ms] [WARNING] The resource https://assets.basspro.com/image/upload/b_rgb:FFFFFF,c_pad,dpr_1.0,f_auto,h_375,q_auto,w_600/c_pad,h_375,w_600/v1/ProductImages/UsedGuns/usedgun_102043796_main?pgw=1 was preloaded using link preload but not used within a few seconds from the window's load event. Please make sure it has an appropriate `as` value and it is preloaded intentionally. @ https://www.cabelas.com/l/used-centerfire-pistol#sortCriteria=%40offerprice%20ascending&f-action=Revolver&firstResult=36:0
[ 6440863ms] [WARNING] The resource https://assets.basspro.com/image/upload/b_rgb:FFFFFF,c_pad,dpr_1.0,f_auto,h_375,q_auto,w_600/c_pad,h_375,w_600/v1/ProductImages/UsedGuns/usedgun_102021463_main?pgw=1 was preloaded using link preload but not used within a few seconds from the window's load event. Please make sure it has an appropriate `as` value and it is preloaded intentionally. @ https://www.cabelas.com/l/used-centerfire-pistol#sortCriteria=%40offerprice%20ascending&f-action=Revolver&firstResult=36:0
[ 6440863ms] [WARNING] The resource https://assets.basspro.com/image/upload/b_rgb:FFFFFF,c_pad,dpr_1.0,f_auto,h_375,q_auto,w_600/c_pad,h_375,w_600/v1/ProductImages/UsedGuns/usedgun_102044626_main?pgw=1 was preloaded using link preload but not used within a few seconds from the window's load event. Please make sure it has an appropriate `as` value and it is preloaded intentionally. @ https://www.cabelas.com/l/used-centerfire-pistol#sortCriteria=%40offerprice%20ascending&f-action=Revolver&firstResult=36:0
[ 6440863ms] [WARNING] The resource https://assets.basspro.com/image/upload/b_rgb:FFFFFF,c_pad,dpr_1.0,f_auto,h_375,q_auto,w_600/c_pad,h_375,w_600/v1/ProductImages/UsedGuns/usedgun_102039082_main?pgw=1 was preloaded using link preload but not used within a few seconds from the window's load event. Please make sure it has an appropriate `as` value and it is preloaded intentionally. @ https://www.cabelas.com/l/used-centerfire-pistol#sortCriteria=%40offerprice%20ascending&f-action=Revolver&firstResult=36:0
[ 6499959ms] [WARNING] The resource https://assets.basspro.com/image/upload/b_rgb:FFFFFF,c_pad,dpr_1.0,f_auto,h_375,q_auto,w_600/c_pad,h_375,w_600/v1/ProductImages/UsedGuns/usedgun_102043796_main?pgw=1 was preloaded using link preload but not used within a few seconds from the window's load event. Please make sure it has an appropriate `as` value and it is preloaded intentionally. @ https://www.cabelas.com/l/used-centerfire-pistol#sortCriteria=%40offerprice%20ascending&f-action=Revolver&firstResult=36:0
[ 6499960ms] [WARNING] The resource https://assets.basspro.com/image/upload/b_rgb:FFFFFF,c_pad,dpr_1.0,f_auto,h_375,q_auto,w_600/c_pad,h_375,w_600/v1/ProductImages/UsedGuns/usedgun_102021463_main?pgw=1 was preloaded using link preload but not used within a few seconds from the window's load event. Please make sure it has an appropriate `as` value and it is preloaded intentionally. @ https://www.cabelas.com/l/used-centerfire-pistol#sortCriteria=%40offerprice%20ascending&f-action=Revolver&firstResult=36:0
[ 6499960ms] [WARNING] The resource https://assets.basspro.com/image/upload/b_rgb:FFFFFF,c_pad,dpr_1.0,f_auto,h_375,q_auto,w_600/c_pad,h_375,w_600/v1/ProductImages/UsedGuns/usedgun_102044626_main?pgw=1 was preloaded using link preload but not used within a few seconds from the window's load event. Please make sure it has an appropriate `as` value and it is preloaded intentionally. @ https://www.cabelas.com/l/used-centerfire-pistol#sortCriteria=%40offerprice%20ascending&f-action=Revolver&firstResult=36:0
[ 6499960ms] [WARNING] The resource https://assets.basspro.com/image/upload/b_rgb:FFFFFF,c_pad,dpr_1.0,f_auto,h_375,q_auto,w_600/c_pad,h_375,w_600/v1/ProductImages/UsedGuns/usedgun_102039082_main?pgw=1 was preloaded using link preload but not used within a few seconds from the window's load event. Please make sure it has an appropriate `as` value and it is preloaded intentionally. @ https://www.cabelas.com/l/used-centerfire-pistol#sortCriteria=%40offerprice%20ascending&f-action=Revolver&firstResult=36:0
[ 6541049ms] [WARNING] The resource https://assets.basspro.com/image/upload/b_rgb:FFFFFF,c_pad,dpr_1.0,f_auto,h_375,q_auto,w_600/c_pad,h_375,w_600/v1/ProductImages/UsedGuns/usedgun_102043796_main?pgw=1 was preloaded using link preload but not used within a few seconds from the window's load event. Please make sure it has an appropriate `as` value and it is preloaded intentionally. @ https://www.cabelas.com/l/used-centerfire-pistol#sortCriteria=%40offerprice%20ascending&f-action=Revolver&firstResult=36:0
[ 6541049ms] [WARNING] The resource https://assets.basspro.com/image/upload/b_rgb:FFFFFF,c_pad,dpr_1.0,f_auto,h_375,q_auto,w_600/c_pad,h_375,w_600/v1/ProductImages/UsedGuns/usedgun_102021463_main?pgw=1 was preloaded using link preload but not used within a few seconds from the window's load event. Please make sure it has an appropriate `as` value and it is preloaded intentionally. @ https://www.cabelas.com/l/used-centerfire-pistol#sortCriteria=%40offerprice%20ascending&f-action=Revolver&firstResult=36:0
[ 6541049ms] [WARNING] The resource https://assets.basspro.com/image/upload/b_rgb:FFFFFF,c_pad,dpr_1.0,f_auto,h_375,q_auto,w_600/c_pad,h_375,w_600/v1/ProductImages/UsedGuns/usedgun_102044626_main?pgw=1 was preloaded using link preload but not used within a few seconds from the window's load event. Please make sure it has an appropriate `as` value and it is preloaded intentionally. @ https://www.cabelas.com/l/used-centerfire-pistol#sortCriteria=%40offerprice%20ascending&f-action=Revolver&firstResult=36:0
[ 6541049ms] [WARNING] The resource https://assets.basspro.com/image/upload/b_rgb:FFFFFF,c_pad,dpr_1.0,f_auto,h_375,q_auto,w_600/c_pad,h_375,w_600/v1/ProductImages/UsedGuns/usedgun_102039082_main?pgw=1 was preloaded using link preload but not used within a few seconds from the window's load event. Please make sure it has an appropriate `as` value and it is preloaded intentionally. @ https://www.cabelas.com/l/used-centerfire-pistol#sortCriteria=%40offerprice%20ascending&f-action=Revolver&firstResult=36:0
[ 6560115ms] [WARNING] The resource https://assets.basspro.com/image/upload/b_rgb:FFFFFF,c_pad,dpr_1.0,f_auto,h_375,q_auto,w_600/c_pad,h_375,w_600/v1/ProductImages/UsedGuns/usedgun_102043796_main?pgw=1 was preloaded using link preload but not used within a few seconds from the window's load event. Please make sure it has an appropriate `as` value and it is preloaded intentionally. @ https://www.cabelas.com/l/used-centerfire-pistol#sortCriteria=%40offerprice%20ascending&f-action=Revolver&firstResult=36:0
[ 6560115ms] [WARNING] The resource https://assets.basspro.com/image/upload/b_rgb:FFFFFF,c_pad,dpr_1.0,f_auto,h_375,q_auto,w_600/c_pad,h_375,w_600/v1/ProductImages/UsedGuns/usedgun_102021463_main?pgw=1 was preloaded using link preload but not used within a few seconds from the window's load event. Please make sure it has an appropriate `as` value and it is preloaded intentionally. @ https://www.cabelas.com/l/used-centerfire-pistol#sortCriteria=%40offerprice%20ascending&f-action=Revolver&firstResult=36:0
[ 6560115ms] [WARNING] The resource https://assets.basspro.com/image/upload/b_rgb:FFFFFF,c_pad,dpr_1.0,f_auto,h_375,q_auto,w_600/c_pad,h_375,w_600/v1/ProductImages/UsedGuns/usedgun_102044626_main?pgw=1 was preloaded using link preload but not used within a few seconds from the window's load event. Please make sure it has an appropriate `as` value and it is preloaded intentionally. @ https://www.cabelas.com/l/used-centerfire-pistol#sortCriteria=%40offerprice%20ascending&f-action=Revolver&firstResult=36:0
[ 6560115ms] [WARNING] The resource https://assets.basspro.com/image/upload/b_rgb:FFFFFF,c_pad,dpr_1.0,f_auto,h_375,q_auto,w_600/c_pad,h_375,w_600/v1/ProductImages/UsedGuns/usedgun_102039082_main?pgw=1 was preloaded using link preload but not used within a few seconds from the window's load event. Please make sure it has an appropriate `as` value and it is preloaded intentionally. @ https://www.cabelas.com/l/used-centerfire-pistol#sortCriteria=%40offerprice%20ascending&f-action=Revolver&firstResult=36:0
[ 6620205ms] [WARNING] The resource https://assets.basspro.com/image/upload/b_rgb:FFFFFF,c_pad,dpr_1.0,f_auto,h_375,q_auto,w_600/c_pad,h_375,w_600/v1/ProductImages/UsedGuns/usedgun_102043796_main?pgw=1 was preloaded using link preload but not used within a few seconds from the window's load event. Please make sure it has an appropriate `as` value and it is preloaded intentionally. @ https://www.cabelas.com/l/used-centerfire-pistol#sortCriteria=%40offerprice%20ascending&f-action=Revolver&firstResult=36:0
[ 6620205ms] [WARNING] The resource https://assets.basspro.com/image/upload/b_rgb:FFFFFF,c_pad,dpr_1.0,f_auto,h_375,q_auto,w_600/c_pad,h_375,w_600/v1/ProductImages/UsedGuns/usedgun_102021463_main?pgw=1 was preloaded using link preload but not used within a few seconds from the window's load event. Please make sure it has an appropriate `as` value and it is preloaded intentionally. @ https://www.cabelas.com/l/used-centerfire-pistol#sortCriteria=%40offerprice%20ascending&f-action=Revolver&firstResult=36:0
[ 6620205ms] [WARNING] The resource https://assets.basspro.com/image/upload/b_rgb:FFFFFF,c_pad,dpr_1.0,f_auto,h_375,q_auto,w_600/c_pad,h_375,w_600/v1/ProductImages/UsedGuns/usedgun_102044626_main?pgw=1 was preloaded using link preload but not used within a few seconds from the window's load event. Please make sure it has an appropriate `as` value and it is preloaded intentionally. @ https://www.cabelas.com/l/used-centerfire-pistol#sortCriteria=%40offerprice%20ascending&f-action=Revolver&firstResult=36:0
[ 6620205ms] [WARNING] The resource https://assets.basspro.com/image/upload/b_rgb:FFFFFF,c_pad,dpr_1.0,f_auto,h_375,q_auto,w_600/c_pad,h_375,w_600/v1/ProductImages/UsedGuns/usedgun_102039082_main?pgw=1 was preloaded using link preload but not used within a few seconds from the window's load event. Please make sure it has an appropriate `as` value and it is preloaded intentionally. @ https://www.cabelas.com/l/used-centerfire-pistol#sortCriteria=%40offerprice%20ascending&f-action=Revolver&firstResult=36:0
[ 6680295ms] [WARNING] The resource https://assets.basspro.com/image/upload/b_rgb:FFFFFF,c_pad,dpr_1.0,f_auto,h_375,q_auto,w_600/c_pad,h_375,w_600/v1/ProductImages/UsedGuns/usedgun_102043796_main?pgw=1 was preloaded using link preload but not used within a few seconds from the window's load event. Please make sure it has an appropriate `as` value and it is preloaded intentionally. @ https://www.cabelas.com/l/used-centerfire-pistol#sortCriteria=%40offerprice%20ascending&f-action=Revolver&firstResult=36:0
[ 6680295ms] [WARNING] The resource https://assets.basspro.com/image/upload/b_rgb:FFFFFF,c_pad,dpr_1.0,f_auto,h_375,q_auto,w_600/c_pad,h_375,w_600/v1/ProductImages/UsedGuns/usedgun_102021463_main?pgw=1 was preloaded using link preload but not used within a few seconds from the window's load event. Please make sure it has an appropriate `as` value and it is preloaded intentionally. @ https://www.cabelas.com/l/used-centerfire-pistol#sortCriteria=%40offerprice%20ascending&f-action=Revolver&firstResult=36:0
[ 6680295ms] [WARNING] The resource https://assets.basspro.com/image/upload/b_rgb:FFFFFF,c_pad,dpr_1.0,f_auto,h_375,q_auto,w_600/c_pad,h_375,w_600/v1/ProductImages/UsedGuns/usedgun_102044626_main?pgw=1 was preloaded using link preload but not used within a few seconds from the window's load event. Please make sure it has an appropriate `as` value and it is preloaded intentionally. @ https://www.cabelas.com/l/used-centerfire-pistol#sortCriteria=%40offerprice%20ascending&f-action=Revolver&firstResult=36:0
[ 6680296ms] [WARNING] The resource https://assets.basspro.com/image/upload/b_rgb:FFFFFF,c_pad,dpr_1.0,f_auto,h_375,q_auto,w_600/c_pad,h_375,w_600/v1/ProductImages/UsedGuns/usedgun_102039082_main?pgw=1 was preloaded using link preload but not used within a few seconds from the window's load event. Please make sure it has an appropriate `as` value and it is preloaded intentionally. @ https://www.cabelas.com/l/used-centerfire-pistol#sortCriteria=%40offerprice%20ascending&f-action=Revolver&firstResult=36:0
[ 6721057ms] [WARNING] The resource https://assets.basspro.com/image/upload/b_rgb:FFFFFF,c_pad,dpr_1.0,f_auto,h_375,q_auto,w_600/c_pad,h_375,w_600/v1/ProductImages/UsedGuns/usedgun_102043796_main?pgw=1 was preloaded using link preload but not used within a few seconds from the window's load event. Please make sure it has an appropriate `as` value and it is preloaded intentionally. @ https://www.cabelas.com/l/used-centerfire-pistol#sortCriteria=%40offerprice%20ascending&f-action=Revolver&firstResult=36:0
[ 6721057ms] [WARNING] The resource https://assets.basspro.com/image/upload/b_rgb:FFFFFF,c_pad,dpr_1.0,f_auto,h_375,q_auto,w_600/c_pad,h_375,w_600/v1/ProductImages/UsedGuns/usedgun_102021463_main?pgw=1 was preloaded using link preload but not used within a few seconds from the window's load event. Please make sure it has an appropriate `as` value and it is preloaded intentionally. @ https://www.cabelas.com/l/used-centerfire-pistol#sortCriteria=%40offerprice%20ascending&f-action=Revolver&firstResult=36:0
[ 6721057ms] [WARNING] The resource https://assets.basspro.com/image/upload/b_rgb:FFFFFF,c_pad,dpr_1.0,f_auto,h_375,q_auto,w_600/c_pad,h_375,w_600/v1/ProductImages/UsedGuns/usedgun_102044626_main?pgw=1 was preloaded using link preload but not used within a few seconds from the window's load event. Please make sure it has an appropriate `as` value and it is preloaded intentionally. @ https://www.cabelas.com/l/used-centerfire-pistol#sortCriteria=%40offerprice%20ascending&f-action=Revolver&firstResult=36:0
[ 6721057ms] [WARNING] The resource https://assets.basspro.com/image/upload/b_rgb:FFFFFF,c_pad,dpr_1.0,f_auto,h_375,q_auto,w_600/c_pad,h_375,w_600/v1/ProductImages/UsedGuns/usedgun_102039082_main?pgw=1 was preloaded using link preload but not used within a few seconds from the window's load event. Please make sure it has an appropriate `as` value and it is preloaded intentionally. @ https://www.cabelas.com/l/used-centerfire-pistol#sortCriteria=%40offerprice%20ascending&f-action=Revolver&firstResult=36:0
[ 6741576ms] [WARNING] The resource https://assets.basspro.com/image/upload/b_rgb:FFFFFF,c_pad,dpr_1.0,f_auto,h_375,q_auto,w_600/c_pad,h_375,w_600/v1/ProductImages/UsedGuns/usedgun_102043796_main?pgw=1 was preloaded using link preload but not used within a few seconds from the window's load event. Please make sure it has an appropriate `as` value and it is preloaded intentionally. @ https://www.cabelas.com/l/used-centerfire-pistol#sortCriteria=%40offerprice%20ascending&f-action=Revolver&firstResult=36:0
[ 6741576ms] [WARNING] The resource https://assets.basspro.com/image/upload/b_rgb:FFFFFF,c_pad,dpr_1.0,f_auto,h_375,q_auto,w_600/c_pad,h_375,w_600/v1/ProductImages/UsedGuns/usedgun_102021463_main?pgw=1 was preloaded using link preload but not used within a few seconds from the window's load event. Please make sure it has an appropriate `as` value and it is preloaded intentionally. @ https://www.cabelas.com/l/used-centerfire-pistol#sortCriteria=%40offerprice%20ascending&f-action=Revolver&firstResult=36:0
[ 6741576ms] [WARNING] The resource https://assets.basspro.com/image/upload/b_rgb:FFFFFF,c_pad,dpr_1.0,f_auto,h_375,q_auto,w_600/c_pad,h_375,w_600/v1/ProductImages/UsedGuns/usedgun_102044626_main?pgw=1 was preloaded using link preload but not used within a few seconds from the window's load event. Please make sure it has an appropriate `as` value and it is preloaded intentionally. @ https://www.cabelas.com/l/used-centerfire-pistol#sortCriteria=%40offerprice%20ascending&f-action=Revolver&firstResult=36:0
[ 6741576ms] [WARNING] The resource https://assets.basspro.com/image/upload/b_rgb:FFFFFF,c_pad,dpr_1.0,f_auto,h_375,q_auto,w_600/c_pad,h_375,w_600/v1/ProductImages/UsedGuns/usedgun_102039082_main?pgw=1 was preloaded using link preload but not used within a few seconds from the window's load event. Please make sure it has an appropriate `as` value and it is preloaded intentionally. @ https://www.cabelas.com/l/used-centerfire-pistol#sortCriteria=%40offerprice%20ascending&f-action=Revolver&firstResult=36:0
[ 6800737ms] [WARNING] The resource https://assets.basspro.com/image/upload/b_rgb:FFFFFF,c_pad,dpr_1.0,f_auto,h_375,q_auto,w_600/c_pad,h_375,w_600/v1/ProductImages/UsedGuns/usedgun_102043796_main?pgw=1 was preloaded using link preload but not used within a few seconds from the window's load event. Please make sure it has an appropriate `as` value and it is preloaded intentionally. @ https://www.cabelas.com/l/used-centerfire-pistol#sortCriteria=%40offerprice%20ascending&f-action=Revolver&firstResult=36:0
[ 6800737ms] [WARNING] The resource https://assets.basspro.com/image/upload/b_rgb:FFFFFF,c_pad,dpr_1.0,f_auto,h_375,q_auto,w_600/c_pad,h_375,w_600/v1/ProductImages/UsedGuns/usedgun_102021463_main?pgw=1 was preloaded using link preload but not used within a few seconds from the window's load event. Please make sure it has an appropriate `as` value and it is preloaded intentionally. @ https://www.cabelas.com/l/used-centerfire-pistol#sortCriteria=%40offerprice%20ascending&f-action=Revolver&firstResult=36:0
[ 6800737ms] [WARNING] The resource https://assets.basspro.com/image/upload/b_rgb:FFFFFF,c_pad,dpr_1.0,f_auto,h_375,q_auto,w_600/c_pad,h_375,w_600/v1/ProductImages/UsedGuns/usedgun_102044626_main?pgw=1 was preloaded using link preload but not used within a few seconds from the window's load event. Please make sure it has an appropriate `as` value and it is preloaded intentionally. @ https://www.cabelas.com/l/used-centerfire-pistol#sortCriteria=%40offerprice%20ascending&f-action=Revolver&firstResult=36:0
[ 6800737ms] [WARNING] The resource https://assets.basspro.com/image/upload/b_rgb:FFFFFF,c_pad,dpr_1.0,f_auto,h_375,q_auto,w_600/c_pad,h_375,w_600/v1/ProductImages/UsedGuns/usedgun_102039082_main?pgw=1 was preloaded using link preload but not used within a few seconds from the window's load event. Please make sure it has an appropriate `as` value and it is preloaded intentionally. @ https://www.cabelas.com/l/used-centerfire-pistol#sortCriteria=%40offerprice%20ascending&f-action=Revolver&firstResult=36:0
[ 6859804ms] [WARNING] The resource https://assets.basspro.com/image/upload/b_rgb:FFFFFF,c_pad,dpr_1.0,f_auto,h_375,q_auto,w_600/c_pad,h_375,w_600/v1/ProductImages/UsedGuns/usedgun_102043796_main?pgw=1 was preloaded using link preload but not used within a few seconds from the window's load event. Please make sure it has an appropriate `as` value and it is preloaded intentionally. @ https://www.cabelas.com/l/used-centerfire-pistol#sortCriteria=%40offerprice%20ascending&f-action=Revolver&firstResult=36:0
[ 6859804ms] [WARNING] The resource https://assets.basspro.com/image/upload/b_rgb:FFFFFF,c_pad,dpr_1.0,f_auto,h_375,q_auto,w_600/c_pad,h_375,w_600/v1/ProductImages/UsedGuns/usedgun_102021463_main?pgw=1 was preloaded using link preload but not used within a few seconds from the window's load event. Please make sure it has an appropriate `as` value and it is preloaded intentionally. @ https://www.cabelas.com/l/used-centerfire-pistol#sortCriteria=%40offerprice%20ascending&f-action=Revolver&firstResult=36:0
[ 6859804ms] [WARNING] The resource https://assets.basspro.com/image/upload/b_rgb:FFFFFF,c_pad,dpr_1.0,f_auto,h_375,q_auto,w_600/c_pad,h_375,w_600/v1/ProductImages/UsedGuns/usedgun_102044626_main?pgw=1 was preloaded using link preload but not used within a few seconds from the window's load event. Please make sure it has an appropriate `as` value and it is preloaded intentionally. @ https://www.cabelas.com/l/used-centerfire-pistol#sortCriteria=%40offerprice%20ascending&f-action=Revolver&firstResult=36:0
[ 6859804ms] [WARNING] The resource https://assets.basspro.com/image/upload/b_rgb:FFFFFF,c_pad,dpr_1.0,f_auto,h_375,q_auto,w_600/c_pad,h_375,w_600/v1/ProductImages/UsedGuns/usedgun_102039082_main?pgw=1 was preloaded using link preload but not used within a few seconds from the window's load event. Please make sure it has an appropriate `as` value and it is preloaded intentionally. @ https://www.cabelas.com/l/used-centerfire-pistol#sortCriteria=%40offerprice%20ascending&f-action=Revolver&firstResult=36:0
[ 6901087ms] [WARNING] The resource https://assets.basspro.com/image/upload/b_rgb:FFFFFF,c_pad,dpr_1.0,f_auto,h_375,q_auto,w_600/c_pad,h_375,w_600/v1/ProductImages/UsedGuns/usedgun_102043796_main?pgw=1 was preloaded using link preload but not used within a few seconds from the window's load event. Please make sure it has an appropriate `as` value and it is preloaded intentionally. @ https://www.cabelas.com/l/used-centerfire-pistol#sortCriteria=%40offerprice%20ascending&f-action=Revolver&firstResult=36:0
[ 6901087ms] [WARNING] The resource https://assets.basspro.com/image/upload/b_rgb:FFFFFF,c_pad,dpr_1.0,f_auto,h_375,q_auto,w_600/c_pad,h_375,w_600/v1/ProductImages/UsedGuns/usedgun_102021463_main?pgw=1 was preloaded using link preload but not used within a few seconds from the window's load event. Please make sure it has an appropriate `as` value and it is preloaded intentionally. @ https://www.cabelas.com/l/used-centerfire-pistol#sortCriteria=%40offerprice%20ascending&f-action=Revolver&firstResult=36:0
[ 6901087ms] [WARNING] The resource https://assets.basspro.com/image/upload/b_rgb:FFFFFF,c_pad,dpr_1.0,f_auto,h_375,q_auto,w_600/c_pad,h_375,w_600/v1/ProductImages/UsedGuns/usedgun_102044626_main?pgw=1 was preloaded using link preload but not used within a few seconds from the window's load event. Please make sure it has an appropriate `as` value and it is preloaded intentionally. @ https://www.cabelas.com/l/used-centerfire-pistol#sortCriteria=%40offerprice%20ascending&f-action=Revolver&firstResult=36:0
[ 6901087ms] [WARNING] The resource https://assets.basspro.com/image/upload/b_rgb:FFFFFF,c_pad,dpr_1.0,f_auto,h_375,q_auto,w_600/c_pad,h_375,w_600/v1/ProductImages/UsedGuns/usedgun_102039082_main?pgw=1 was preloaded using link preload but not used within a few seconds from the window's load event. Please make sure it has an appropriate `as` value and it is preloaded intentionally. @ https://www.cabelas.com/l/used-centerfire-pistol#sortCriteria=%40offerprice%20ascending&f-action=Revolver&firstResult=36:0
[ 6918986ms] [WARNING] The resource https://assets.basspro.com/image/upload/b_rgb:FFFFFF,c_pad,dpr_1.0,f_auto,h_375,q_auto,w_600/c_pad,h_375,w_600/v1/ProductImages/UsedGuns/usedgun_102043796_main?pgw=1 was preloaded using link preload but not used within a few seconds from the window's load event. Please make sure it has an appropriate `as` value and it is preloaded intentionally. @ https://www.cabelas.com/l/used-centerfire-pistol#sortCriteria=%40offerprice%20ascending&f-action=Revolver&firstResult=36:0
[ 6918986ms] [WARNING] The resource https://assets.basspro.com/image/upload/b_rgb:FFFFFF,c_pad,dpr_1.0,f_auto,h_375,q_auto,w_600/c_pad,h_375,w_600/v1/ProductImages/UsedGuns/usedgun_102021463_main?pgw=1 was preloaded using link preload but not used within a few seconds from the window's load event. Please make sure it has an appropriate `as` value and it is preloaded intentionally. @ https://www.cabelas.com/l/used-centerfire-pistol#sortCriteria=%40offerprice%20ascending&f-action=Revolver&firstResult=36:0
[ 6918986ms] [WARNING] The resource https://assets.basspro.com/image/upload/b_rgb:FFFFFF,c_pad,dpr_1.0,f_auto,h_375,q_auto,w_600/c_pad,h_375,w_600/v1/ProductImages/UsedGuns/usedgun_102044626_main?pgw=1 was preloaded using link preload but not used within a few seconds from the window's load event. Please make sure it has an appropriate `as` value and it is preloaded intentionally. @ https://www.cabelas.com/l/used-centerfire-pistol#sortCriteria=%40offerprice%20ascending&f-action=Revolver&firstResult=36:0
[ 6918986ms] [WARNING] The resource https://assets.basspro.com/image/upload/b_rgb:FFFFFF,c_pad,dpr_1.0,f_auto,h_375,q_auto,w_600/c_pad,h_375,w_600/v1/ProductImages/UsedGuns/usedgun_102039082_main?pgw=1 was preloaded using link preload but not used within a few seconds from the window's load event. Please make sure it has an appropriate `as` value and it is preloaded intentionally. @ https://www.cabelas.com/l/used-centerfire-pistol#sortCriteria=%40offerprice%20ascending&f-action=Revolver&firstResult=36:0
[ 6946138ms] [WARNING] The resource https://assets.basspro.com/image/upload/b_rgb:FFFFFF,c_pad,dpr_1.0,f_auto,h_375,q_auto,w_600/c_pad,h_375,w_600/v1/ProductImages/UsedGuns/usedgun_102043796_main?pgw=1 was preloaded using link preload but not used within a few seconds from the window's load event. Please make sure it has an appropriate `as` value and it is preloaded intentionally. @ https://www.cabelas.com/l/used-centerfire-pistol#sortCriteria=%40offerprice%20ascending&f-action=Revolver&firstResult=36:0
[ 6946138ms] [WARNING] The resource https://assets.basspro.com/image/upload/b_rgb:FFFFFF,c_pad,dpr_1.0,f_auto,h_375,q_auto,w_600/c_pad,h_375,w_600/v1/ProductImages/UsedGuns/usedgun_102021463_main?pgw=1 was preloaded using link preload but not used within a few seconds from the window's load event. Please make sure it has an appropriate `as` value and it is preloaded intentionally. @ https://www.cabelas.com/l/used-centerfire-pistol#sortCriteria=%40offerprice%20ascending&f-action=Revolver&firstResult=36:0
[ 6946138ms] [WARNING] The resource https://assets.basspro.com/image/upload/b_rgb:FFFFFF,c_pad,dpr_1.0,f_auto,h_375,q_auto,w_600/c_pad,h_375,w_600/v1/ProductImages/UsedGuns/usedgun_102044626_main?pgw=1 was preloaded using link preload but not used within a few seconds from the window's load event. Please make sure it has an appropriate `as` value and it is preloaded intentionally. @ https://www.cabelas.com/l/used-centerfire-pistol#sortCriteria=%40offerprice%20ascending&f-action=Revolver&firstResult=36:0
[ 6946138ms] [WARNING] The resource https://assets.basspro.com/image/upload/b_rgb:FFFFFF,c_pad,dpr_1.0,f_auto,h_375,q_auto,w_600/c_pad,h_375,w_600/v1/ProductImages/UsedGuns/usedgun_102039082_main?pgw=1 was preloaded using link preload but not used within a few seconds from the window's load event. Please make sure it has an appropriate `as` value and it is preloaded intentionally. @ https://www.cabelas.com/l/used-centerfire-pistol#sortCriteria=%40offerprice%20ascending&f-action=Revolver&firstResult=36:0
[ 6979166ms] [WARNING] The resource https://assets.basspro.com/image/upload/b_rgb:FFFFFF,c_pad,dpr_1.0,f_auto,h_375,q_auto,w_600/c_pad,h_375,w_600/v1/ProductImages/UsedGuns/usedgun_102043796_main?pgw=1 was preloaded using link preload but not used within a few seconds from the window's load event. Please make sure it has an appropriate `as` value and it is preloaded intentionally. @ https://www.cabelas.com/l/used-centerfire-pistol#sortCriteria=%40offerprice%20ascending&f-action=Revolver&firstResult=36:0
[ 6979167ms] [WARNING] The resource https://assets.basspro.com/image/upload/b_rgb:FFFFFF,c_pad,dpr_1.0,f_auto,h_375,q_auto,w_600/c_pad,h_375,w_600/v1/ProductImages/UsedGuns/usedgun_102021463_main?pgw=1 was preloaded using link preload but not used within a few seconds from the window's load event. Please make sure it has an appropriate `as` value and it is preloaded intentionally. @ https://www.cabelas.com/l/used-centerfire-pistol#sortCriteria=%40offerprice%20ascending&f-action=Revolver&firstResult=36:0
[ 6979167ms] [WARNING] The resource https://assets.basspro.com/image/upload/b_rgb:FFFFFF,c_pad,dpr_1.0,f_auto,h_375,q_auto,w_600/c_pad,h_375,w_600/v1/ProductImages/UsedGuns/usedgun_102044626_main?pgw=1 was preloaded using link preload but not used within a few seconds from the window's load event. Please make sure it has an appropriate `as` value and it is preloaded intentionally. @ https://www.cabelas.com/l/used-centerfire-pistol#sortCriteria=%40offerprice%20ascending&f-action=Revolver&firstResult=36:0
[ 6979167ms] [WARNING] The resource https://assets.basspro.com/image/upload/b_rgb:FFFFFF,c_pad,dpr_1.0,f_auto,h_375,q_auto,w_600/c_pad,h_375,w_600/v1/ProductImages/UsedGuns/usedgun_102039082_main?pgw=1 was preloaded using link preload but not used within a few seconds from the window's load event. Please make sure it has an appropriate `as` value and it is preloaded intentionally. @ https://www.cabelas.com/l/used-centerfire-pistol#sortCriteria=%40offerprice%20ascending&f-action=Revolver&firstResult=36:0
[ 6982577ms] [WARNING] The resource https://assets.basspro.com/image/upload/b_rgb:FFFFFF,c_pad,dpr_1.0,f_auto,h_375,q_auto,w_600/c_pad,h_375,w_600/v1/ProductImages/UsedGuns/usedgun_102043796_main?pgw=1 was preloaded using link preload but not used within a few seconds from the window's load event. Please make sure it has an appropriate `as` value and it is preloaded intentionally. @ https://www.cabelas.com/l/used-centerfire-pistol#sortCriteria=%40offerprice%20ascending&f-action=Revolver&firstResult=36:0
[ 6982577ms] [WARNING] The resource https://assets.basspro.com/image/upload/b_rgb:FFFFFF,c_pad,dpr_1.0,f_auto,h_375,q_auto,w_600/c_pad,h_375,w_600/v1/ProductImages/UsedGuns/usedgun_102021463_main?pgw=1 was preloaded using link preload but not used within a few seconds from the window's load event. Please make sure it has an appropriate `as` value and it is preloaded intentionally. @ https://www.cabelas.com/l/used-centerfire-pistol#sortCriteria=%40offerprice%20ascending&f-action=Revolver&firstResult=36:0
[ 6982577ms] [WARNING] The resource https://assets.basspro.com/image/upload/b_rgb:FFFFFF,c_pad,dpr_1.0,f_auto,h_375,q_auto,w_600/c_pad,h_375,w_600/v1/ProductImages/UsedGuns/usedgun_102044626_main?pgw=1 was preloaded using link preload but not used within a few seconds from the window's load event. Please make sure it has an appropriate `as` value and it is preloaded intentionally. @ https://www.cabelas.com/l/used-centerfire-pistol#sortCriteria=%40offerprice%20ascending&f-action=Revolver&firstResult=36:0
[ 6982577ms] [WARNING] The resource https://assets.basspro.com/image/upload/b_rgb:FFFFFF,c_pad,dpr_1.0,f_auto,h_375,q_auto,w_600/c_pad,h_375,w_600/v1/ProductImages/UsedGuns/usedgun_102039082_main?pgw=1 was preloaded using link preload but not used within a few seconds from the window's load event. Please make sure it has an appropriate `as` value and it is preloaded intentionally. @ https://www.cabelas.com/l/used-centerfire-pistol#sortCriteria=%40offerprice%20ascending&f-action=Revolver&firstResult=36:0
[ 7039197ms] [WARNING] The resource https://assets.basspro.com/image/upload/b_rgb:FFFFFF,c_pad,dpr_1.0,f_auto,h_375,q_auto,w_600/c_pad,h_375,w_600/v1/ProductImages/UsedGuns/usedgun_102043796_main?pgw=1 was preloaded using link preload but not used within a few seconds from the window's load event. Please make sure it has an appropriate `as` value and it is preloaded intentionally. @ https://www.cabelas.com/l/used-centerfire-pistol#sortCriteria=%40offerprice%20ascending&f-action=Revolver&firstResult=36:0
[ 7039197ms] [WARNING] The resource https://assets.basspro.com/image/upload/b_rgb:FFFFFF,c_pad,dpr_1.0,f_auto,h_375,q_auto,w_600/c_pad,h_375,w_600/v1/ProductImages/UsedGuns/usedgun_102021463_main?pgw=1 was preloaded using link preload but not used within a few seconds from the window's load event. Please make sure it has an appropriate `as` value and it is preloaded intentionally. @ https://www.cabelas.com/l/used-centerfire-pistol#sortCriteria=%40offerprice%20ascending&f-action=Revolver&firstResult=36:0
[ 7039197ms] [WARNING] The resource https://assets.basspro.com/image/upload/b_rgb:FFFFFF,c_pad,dpr_1.0,f_auto,h_375,q_auto,w_600/c_pad,h_375,w_600/v1/ProductImages/UsedGuns/usedgun_102044626_main?pgw=1 was preloaded using link preload but not used within a few seconds from the window's load event. Please make sure it has an appropriate `as` value and it is preloaded intentionally. @ https://www.cabelas.com/l/used-centerfire-pistol#sortCriteria=%40offerprice%20ascending&f-action=Revolver&firstResult=36:0
[ 7039197ms] [WARNING] The resource https://assets.basspro.com/image/upload/b_rgb:FFFFFF,c_pad,dpr_1.0,f_auto,h_375,q_auto,w_600/c_pad,h_375,w_600/v1/ProductImages/UsedGuns/usedgun_102039082_main?pgw=1 was preloaded using link preload but not used within a few seconds from the window's load event. Please make sure it has an appropriate `as` value and it is preloaded intentionally. @ https://www.cabelas.com/l/used-centerfire-pistol#sortCriteria=%40offerprice%20ascending&f-action=Revolver&firstResult=36:0
[ 7099331ms] [WARNING] The resource https://assets.basspro.com/image/upload/b_rgb:FFFFFF,c_pad,dpr_1.0,f_auto,h_375,q_auto,w_600/c_pad,h_375,w_600/v1/ProductImages/UsedGuns/usedgun_102043796_main?pgw=1 was preloaded using link preload but not used within a few seconds from the window's load event. Please make sure it has an appropriate `as` value and it is preloaded intentionally. @ https://www.cabelas.com/l/used-centerfire-pistol#sortCriteria=%40offerprice%20ascending&f-action=Revolver&firstResult=36:0
[ 7099331ms] [WARNING] The resource https://assets.basspro.com/image/upload/b_rgb:FFFFFF,c_pad,dpr_1.0,f_auto,h_375,q_auto,w_600/c_pad,h_375,w_600/v1/ProductImages/UsedGuns/usedgun_102021463_main?pgw=1 was preloaded using link preload but not used within a few seconds from the window's load event. Please make sure it has an appropriate `as` value and it is preloaded intentionally. @ https://www.cabelas.com/l/used-centerfire-pistol#sortCriteria=%40offerprice%20ascending&f-action=Revolver&firstResult=36:0
[ 7099331ms] [WARNING] The resource https://assets.basspro.com/image/upload/b_rgb:FFFFFF,c_pad,dpr_1.0,f_auto,h_375,q_auto,w_600/c_pad,h_375,w_600/v1/ProductImages/UsedGuns/usedgun_102044626_main?pgw=1 was preloaded using link preload but not used within a few seconds from the window's load event. Please make sure it has an appropriate `as` value and it is preloaded intentionally. @ https://www.cabelas.com/l/used-centerfire-pistol#sortCriteria=%40offerprice%20ascending&f-action=Revolver&firstResult=36:0
[ 7099332ms] [WARNING] The resource https://assets.basspro.com/image/upload/b_rgb:FFFFFF,c_pad,dpr_1.0,f_auto,h_375,q_auto,w_600/c_pad,h_375,w_600/v1/ProductImages/UsedGuns/usedgun_102039082_main?pgw=1 was preloaded using link preload but not used within a few seconds from the window's load event. Please make sure it has an appropriate `as` value and it is preloaded intentionally. @ https://www.cabelas.com/l/used-centerfire-pistol#sortCriteria=%40offerprice%20ascending&f-action=Revolver&firstResult=36:0
[ 7134046ms] [WARNING] The resource https://assets.basspro.com/image/upload/b_rgb:FFFFFF,c_pad,dpr_1.0,f_auto,h_375,q_auto,w_600/c_pad,h_375,w_600/v1/ProductImages/UsedGuns/usedgun_102043796_main?pgw=1 was preloaded using link preload but not used within a few seconds from the window's load event. Please make sure it has an appropriate `as` value and it is preloaded intentionally. @ https://www.cabelas.com/l/used-centerfire-pistol#sortCriteria=%40offerprice%20ascending&f-action=Revolver&firstResult=36:0
[ 7134046ms] [WARNING] The resource https://assets.basspro.com/image/upload/b_rgb:FFFFFF,c_pad,dpr_1.0,f_auto,h_375,q_auto,w_600/c_pad,h_375,w_600/v1/ProductImages/UsedGuns/usedgun_102021463_main?pgw=1 was preloaded using link preload but not used within a few seconds from the window's load event. Please make sure it has an appropriate `as` value and it is preloaded intentionally. @ https://www.cabelas.com/l/used-centerfire-pistol#sortCriteria=%40offerprice%20ascending&f-action=Revolver&firstResult=36:0
[ 7134046ms] [WARNING] The resource https://assets.basspro.com/image/upload/b_rgb:FFFFFF,c_pad,dpr_1.0,f_auto,h_375,q_auto,w_600/c_pad,h_375,w_600/v1/ProductImages/UsedGuns/usedgun_102044626_main?pgw=1 was preloaded using link preload but not used within a few seconds from the window's load event. Please make sure it has an appropriate `as` value and it is preloaded intentionally. @ https://www.cabelas.com/l/used-centerfire-pistol#sortCriteria=%40offerprice%20ascending&f-action=Revolver&firstResult=36:0
[ 7134046ms] [WARNING] The resource https://assets.basspro.com/image/upload/b_rgb:FFFFFF,c_pad,dpr_1.0,f_auto,h_375,q_auto,w_600/c_pad,h_375,w_600/v1/ProductImages/UsedGuns/usedgun_102039082_main?pgw=1 was preloaded using link preload but not used within a few seconds from the window's load event. Please make sure it has an appropriate `as` value and it is preloaded intentionally. @ https://www.cabelas.com/l/used-centerfire-pistol#sortCriteria=%40offerprice%20ascending&f-action=Revolver&firstResult=36:0
[ 7159624ms] [WARNING] The resource https://assets.basspro.com/image/upload/b_rgb:FFFFFF,c_pad,dpr_1.0,f_auto,h_375,q_auto,w_600/c_pad,h_375,w_600/v1/ProductImages/UsedGuns/usedgun_102043796_main?pgw=1 was preloaded using link preload but not used within a few seconds from the window's load event. Please make sure it has an appropriate `as` value and it is preloaded intentionally. @ https://www.cabelas.com/l/used-centerfire-pistol#sortCriteria=%40offerprice%20ascending&f-action=Revolver&firstResult=36:0
[ 7159624ms] [WARNING] The resource https://assets.basspro.com/image/upload/b_rgb:FFFFFF,c_pad,dpr_1.0,f_auto,h_375,q_auto,w_600/c_pad,h_375,w_600/v1/ProductImages/UsedGuns/usedgun_102021463_main?pgw=1 was preloaded using link preload but not used within a few seconds from the window's load event. Please make sure it has an appropriate `as` value and it is preloaded intentionally. @ https://www.cabelas.com/l/used-centerfire-pistol#sortCriteria=%40offerprice%20ascending&f-action=Revolver&firstResult=36:0
[ 7159624ms] [WARNING] The resource https://assets.basspro.com/image/upload/b_rgb:FFFFFF,c_pad,dpr_1.0,f_auto,h_375,q_auto,w_600/c_pad,h_375,w_600/v1/ProductImages/UsedGuns/usedgun_102044626_main?pgw=1 was preloaded using link preload but not used within a few seconds from the window's load event. Please make sure it has an appropriate `as` value and it is preloaded intentionally. @ https://www.cabelas.com/l/used-centerfire-pistol#sortCriteria=%40offerprice%20ascending&f-action=Revolver&firstResult=36:0
[ 7159624ms] [WARNING] The resource https://assets.basspro.com/image/upload/b_rgb:FFFFFF,c_pad,dpr_1.0,f_auto,h_375,q_auto,w_600/c_pad,h_375,w_600/v1/ProductImages/UsedGuns/usedgun_102039082_main?pgw=1 was preloaded using link preload but not used within a few seconds from the window's load event. Please make sure it has an appropriate `as` value and it is preloaded intentionally. @ https://www.cabelas.com/l/used-centerfire-pistol#sortCriteria=%40offerprice%20ascending&f-action=Revolver&firstResult=36:0
[ 7211452ms] [WARNING] The resource https://assets.basspro.com/image/upload/b_rgb:FFFFFF,c_pad,dpr_1.0,f_auto,h_375,q_auto,w_600/c_pad,h_375,w_600/v1/ProductImages/UsedGuns/usedgun_102043796_main?pgw=1 was preloaded using link preload but not used within a few seconds from the window's load event. Please make sure it has an appropriate `as` value and it is preloaded intentionally. @ https://www.cabelas.com/l/used-centerfire-pistol#sortCriteria=%40offerprice%20ascending&f-action=Revolver&firstResult=36:0
[ 7211452ms] [WARNING] The resource https://assets.basspro.com/image/upload/b_rgb:FFFFFF,c_pad,dpr_1.0,f_auto,h_375,q_auto,w_600/c_pad,h_375,w_600/v1/ProductImages/UsedGuns/usedgun_102021463_main?pgw=1 was preloaded using link preload but not used within a few seconds from the window's load event. Please make sure it has an appropriate `as` value and it is preloaded intentionally. @ https://www.cabelas.com/l/used-centerfire-pistol#sortCriteria=%40offerprice%20ascending&f-action=Revolver&firstResult=36:0
[ 7211452ms] [WARNING] The resource https://assets.basspro.com/image/upload/b_rgb:FFFFFF,c_pad,dpr_1.0,f_auto,h_375,q_auto,w_600/c_pad,h_375,w_600/v1/ProductImages/UsedGuns/usedgun_102044626_main?pgw=1 was preloaded using link preload but not used within a few seconds from the window's load event. Please make sure it has an appropriate `as` value and it is preloaded intentionally. @ https://www.cabelas.com/l/used-centerfire-pistol#sortCriteria=%40offerprice%20ascending&f-action=Revolver&firstResult=36:0
[ 7211452ms] [WARNING] The resource https://assets.basspro.com/image/upload/b_rgb:FFFFFF,c_pad,dpr_1.0,f_auto,h_375,q_auto,w_600/c_pad,h_375,w_600/v1/ProductImages/UsedGuns/usedgun_102039082_main?pgw=1 was preloaded using link preload but not used within a few seconds from the window's load event. Please make sure it has an appropriate `as` value and it is preloaded intentionally. @ https://www.cabelas.com/l/used-centerfire-pistol#sortCriteria=%40offerprice%20ascending&f-action=Revolver&firstResult=36:0
[ 7218814ms] [WARNING] The resource https://assets.basspro.com/image/upload/b_rgb:FFFFFF,c_pad,dpr_1.0,f_auto,h_375,q_auto,w_600/c_pad,h_375,w_600/v1/ProductImages/UsedGuns/usedgun_102043796_main?pgw=1 was preloaded using link preload but not used within a few seconds from the window's load event. Please make sure it has an appropriate `as` value and it is preloaded intentionally. @ https://www.cabelas.com/l/used-centerfire-pistol#sortCriteria=%40offerprice%20ascending&f-action=Revolver&firstResult=36:0
[ 7218814ms] [WARNING] The resource https://assets.basspro.com/image/upload/b_rgb:FFFFFF,c_pad,dpr_1.0,f_auto,h_375,q_auto,w_600/c_pad,h_375,w_600/v1/ProductImages/UsedGuns/usedgun_102021463_main?pgw=1 was preloaded using link preload but not used within a few seconds from the window's load event. Please make sure it has an appropriate `as` value and it is preloaded intentionally. @ https://www.cabelas.com/l/used-centerfire-pistol#sortCriteria=%40offerprice%20ascending&f-action=Revolver&firstResult=36:0
[ 7218815ms] [WARNING] The resource https://assets.basspro.com/image/upload/b_rgb:FFFFFF,c_pad,dpr_1.0,f_auto,h_375,q_auto,w_600/c_pad,h_375,w_600/v1/ProductImages/UsedGuns/usedgun_102044626_main?pgw=1 was preloaded using link preload but not used within a few seconds from the window's load event. Please make sure it has an appropriate `as` value and it is preloaded intentionally. @ https://www.cabelas.com/l/used-centerfire-pistol#sortCriteria=%40offerprice%20ascending&f-action=Revolver&firstResult=36:0
[ 7218815ms] [WARNING] The resource https://assets.basspro.com/image/upload/b_rgb:FFFFFF,c_pad,dpr_1.0,f_auto,h_375,q_auto,w_600/c_pad,h_375,w_600/v1/ProductImages/UsedGuns/usedgun_102039082_main?pgw=1 was preloaded using link preload but not used within a few seconds from the window's load event. Please make sure it has an appropriate `as` value and it is preloaded intentionally. @ https://www.cabelas.com/l/used-centerfire-pistol#sortCriteria=%40offerprice%20ascending&f-action=Revolver&firstResult=36:0
[ 7278016ms] [WARNING] The resource https://assets.basspro.com/image/upload/b_rgb:FFFFFF,c_pad,dpr_1.0,f_auto,h_375,q_auto,w_600/c_pad,h_375,w_600/v1/ProductImages/UsedGuns/usedgun_102043796_main?pgw=1 was preloaded using link preload but not used within a few seconds from the window's load event. Please make sure it has an appropriate `as` value and it is preloaded intentionally. @ https://www.cabelas.com/l/used-centerfire-pistol#sortCriteria=%40offerprice%20ascending&f-action=Revolver&firstResult=36:0
[ 7278016ms] [WARNING] The resource https://assets.basspro.com/image/upload/b_rgb:FFFFFF,c_pad,dpr_1.0,f_auto,h_375,q_auto,w_600/c_pad,h_375,w_600/v1/ProductImages/UsedGuns/usedgun_102021463_main?pgw=1 was preloaded using link preload but not used within a few seconds from the window's load event. Please make sure it has an appropriate `as` value and it is preloaded intentionally. @ https://www.cabelas.com/l/used-centerfire-pistol#sortCriteria=%40offerprice%20ascending&f-action=Revolver&firstResult=36:0
[ 7278016ms] [WARNING] The resource https://assets.basspro.com/image/upload/b_rgb:FFFFFF,c_pad,dpr_1.0,f_auto,h_375,q_auto,w_600/c_pad,h_375,w_600/v1/ProductImages/UsedGuns/usedgun_102044626_main?pgw=1 was preloaded using link preload but not used within a few seconds from the window's load event. Please make sure it has an appropriate `as` value and it is preloaded intentionally. @ https://www.cabelas.com/l/used-centerfire-pistol#sortCriteria=%40offerprice%20ascending&f-action=Revolver&firstResult=36:0
[ 7278016ms] [WARNING] The resource https://assets.basspro.com/image/upload/b_rgb:FFFFFF,c_pad,dpr_1.0,f_auto,h_375,q_auto,w_600/c_pad,h_375,w_600/v1/ProductImages/UsedGuns/usedgun_102039082_main?pgw=1 was preloaded using link preload but not used within a few seconds from the window's load event. Please make sure it has an appropriate `as` value and it is preloaded intentionally. @ https://www.cabelas.com/l/used-centerfire-pistol#sortCriteria=%40offerprice%20ascending&f-action=Revolver&firstResult=36:0
[ 7293128ms] [WARNING] The resource https://assets.basspro.com/image/upload/b_rgb:FFFFFF,c_pad,dpr_1.0,f_auto,h_375,q_auto,w_600/c_pad,h_375,w_600/v1/ProductImages/UsedGuns/usedgun_102043796_main?pgw=1 was preloaded using link preload but not used within a few seconds from the window's load event. Please make sure it has an appropriate `as` value and it is preloaded intentionally. @ https://www.cabelas.com/l/used-centerfire-pistol#sortCriteria=%40offerprice%20ascending&f-action=Revolver&firstResult=36:0
[ 7293128ms] [WARNING] The resource https://assets.basspro.com/image/upload/b_rgb:FFFFFF,c_pad,dpr_1.0,f_auto,h_375,q_auto,w_600/c_pad,h_375,w_600/v1/ProductImages/UsedGuns/usedgun_102021463_main?pgw=1 was preloaded using link preload but not used within a few seconds from the window's load event. Please make sure it has an appropriate `as` value and it is preloaded intentionally. @ https://www.cabelas.com/l/used-centerfire-pistol#sortCriteria=%40offerprice%20ascending&f-action=Revolver&firstResult=36:0
[ 7293128ms] [WARNING] The resource https://assets.basspro.com/image/upload/b_rgb:FFFFFF,c_pad,dpr_1.0,f_auto,h_375,q_auto,w_600/c_pad,h_375,w_600/v1/ProductImages/UsedGuns/usedgun_102044626_main?pgw=1 was preloaded using link preload but not used within a few seconds from the window's load event. Please make sure it has an appropriate `as` value and it is preloaded intentionally. @ https://www.cabelas.com/l/used-centerfire-pistol#sortCriteria=%40offerprice%20ascending&f-action=Revolver&firstResult=36:0
[ 7293128ms] [WARNING] The resource https://assets.basspro.com/image/upload/b_rgb:FFFFFF,c_pad,dpr_1.0,f_auto,h_375,q_auto,w_600/c_pad,h_375,w_600/v1/ProductImages/UsedGuns/usedgun_102039082_main?pgw=1 was preloaded using link preload but not used within a few seconds from the window's load event. Please make sure it has an appropriate `as` value and it is preloaded intentionally. @ https://www.cabelas.com/l/used-centerfire-pistol#sortCriteria=%40offerprice%20ascending&f-action=Revolver&firstResult=36:0
[ 7337178ms] [WARNING] The resource https://assets.basspro.com/image/upload/b_rgb:FFFFFF,c_pad,dpr_1.0,f_auto,h_375,q_auto,w_600/c_pad,h_375,w_600/v1/ProductImages/UsedGuns/usedgun_102043796_main?pgw=1 was preloaded using link preload but not used within a few seconds from the window's load event. Please make sure it has an appropriate `as` value and it is preloaded intentionally. @ https://www.cabelas.com/l/used-centerfire-pistol#sortCriteria=%40offerprice%20ascending&f-action=Revolver&firstResult=36:0
[ 7337178ms] [WARNING] The resource https://assets.basspro.com/image/upload/b_rgb:FFFFFF,c_pad,dpr_1.0,f_auto,h_375,q_auto,w_600/c_pad,h_375,w_600/v1/ProductImages/UsedGuns/usedgun_102021463_main?pgw=1 was preloaded using link preload but not used within a few seconds from the window's load event. Please make sure it has an appropriate `as` value and it is preloaded intentionally. @ https://www.cabelas.com/l/used-centerfire-pistol#sortCriteria=%40offerprice%20ascending&f-action=Revolver&firstResult=36:0
[ 7337178ms] [WARNING] The resource https://assets.basspro.com/image/upload/b_rgb:FFFFFF,c_pad,dpr_1.0,f_auto,h_375,q_auto,w_600/c_pad,h_375,w_600/v1/ProductImages/UsedGuns/usedgun_102044626_main?pgw=1 was preloaded using link preload but not used within a few seconds from the window's load event. Please make sure it has an appropriate `as` value and it is preloaded intentionally. @ https://www.cabelas.com/l/used-centerfire-pistol#sortCriteria=%40offerprice%20ascending&f-action=Revolver&firstResult=36:0
[ 7337178ms] [WARNING] The resource https://assets.basspro.com/image/upload/b_rgb:FFFFFF,c_pad,dpr_1.0,f_auto,h_375,q_auto,w_600/c_pad,h_375,w_600/v1/ProductImages/UsedGuns/usedgun_102039082_main?pgw=1 was preloaded using link preload but not used within a few seconds from the window's load event. Please make sure it has an appropriate `as` value and it is preloaded intentionally. @ https://www.cabelas.com/l/used-centerfire-pistol#sortCriteria=%40offerprice%20ascending&f-action=Revolver&firstResult=36:0
[ 7398270ms] [WARNING] The resource https://assets.basspro.com/image/upload/b_rgb:FFFFFF,c_pad,dpr_1.0,f_auto,h_375,q_auto,w_600/c_pad,h_375,w_600/v1/ProductImages/UsedGuns/usedgun_102043796_main?pgw=1 was preloaded using link preload but not used within a few seconds from the window's load event. Please make sure it has an appropriate `as` value and it is preloaded intentionally. @ https://www.cabelas.com/l/used-centerfire-pistol#sortCriteria=%40offerprice%20ascending&f-action=Revolver&firstResult=36:0
[ 7398270ms] [WARNING] The resource https://assets.basspro.com/image/upload/b_rgb:FFFFFF,c_pad,dpr_1.0,f_auto,h_375,q_auto,w_600/c_pad,h_375,w_600/v1/ProductImages/UsedGuns/usedgun_102021463_main?pgw=1 was preloaded using link preload but not used within a few seconds from the window's load event. Please make sure it has an appropriate `as` value and it is preloaded intentionally. @ https://www.cabelas.com/l/used-centerfire-pistol#sortCriteria=%40offerprice%20ascending&f-action=Revolver&firstResult=36:0
[ 7398270ms] [WARNING] The resource https://assets.basspro.com/image/upload/b_rgb:FFFFFF,c_pad,dpr_1.0,f_auto,h_375,q_auto,w_600/c_pad,h_375,w_600/v1/ProductImages/UsedGuns/usedgun_102044626_main?pgw=1 was preloaded using link preload but not used within a few seconds from the window's load event. Please make sure it has an appropriate `as` value and it is preloaded intentionally. @ https://www.cabelas.com/l/used-centerfire-pistol#sortCriteria=%40offerprice%20ascending&f-action=Revolver&firstResult=36:0
[ 7398270ms] [WARNING] The resource https://assets.basspro.com/image/upload/b_rgb:FFFFFF,c_pad,dpr_1.0,f_auto,h_375,q_auto,w_600/c_pad,h_375,w_600/v1/ProductImages/UsedGuns/usedgun_102039082_main?pgw=1 was preloaded using link preload but not used within a few seconds from the window's load event. Please make sure it has an appropriate `as` value and it is preloaded intentionally. @ https://www.cabelas.com/l/used-centerfire-pistol#sortCriteria=%40offerprice%20ascending&f-action=Revolver&firstResult=36:0
[ 7405056ms] [WARNING] The resource https://assets.basspro.com/image/upload/b_rgb:FFFFFF,c_pad,dpr_1.0,f_auto,h_375,q_auto,w_600/c_pad,h_375,w_600/v1/ProductImages/UsedGuns/usedgun_102043796_main?pgw=1 was preloaded using link preload but not used within a few seconds from the window's load event. Please make sure it has an appropriate `as` value and it is preloaded intentionally. @ https://www.cabelas.com/l/used-centerfire-pistol#sortCriteria=%40offerprice%20ascending&f-action=Revolver&firstResult=36:0
[ 7405056ms] [WARNING] The resource https://assets.basspro.com/image/upload/b_rgb:FFFFFF,c_pad,dpr_1.0,f_auto,h_375,q_auto,w_600/c_pad,h_375,w_600/v1/ProductImages/UsedGuns/usedgun_102021463_main?pgw=1 was preloaded using link preload but not used within a few seconds from the window's load event. Please make sure it has an appropriate `as` value and it is preloaded intentionally. @ https://www.cabelas.com/l/used-centerfire-pistol#sortCriteria=%40offerprice%20ascending&f-action=Revolver&firstResult=36:0
[ 7405056ms] [WARNING] The resource https://assets.basspro.com/image/upload/b_rgb:FFFFFF,c_pad,dpr_1.0,f_auto,h_375,q_auto,w_600/c_pad,h_375,w_600/v1/ProductImages/UsedGuns/usedgun_102044626_main?pgw=1 was preloaded using link preload but not used within a few seconds from the window's load event. Please make sure it has an appropriate `as` value and it is preloaded intentionally. @ https://www.cabelas.com/l/used-centerfire-pistol#sortCriteria=%40offerprice%20ascending&f-action=Revolver&firstResult=36:0
[ 7405056ms] [WARNING] The resource https://assets.basspro.com/image/upload/b_rgb:FFFFFF,c_pad,dpr_1.0,f_auto,h_375,q_auto,w_600/c_pad,h_375,w_600/v1/ProductImages/UsedGuns/usedgun_102039082_main?pgw=1 was preloaded using link preload but not used within a few seconds from the window's load event. Please make sure it has an appropriate `as` value and it is preloaded intentionally. @ https://www.cabelas.com/l/used-centerfire-pistol#sortCriteria=%40offerprice%20ascending&f-action=Revolver&firstResult=36:0
[ 7415988ms] [WARNING] The resource https://assets.basspro.com/image/upload/b_rgb:FFFFFF,c_pad,dpr_1.0,f_auto,h_375,q_auto,w_600/c_pad,h_375,w_600/v1/ProductImages/UsedGuns/usedgun_102043796_main?pgw=1 was preloaded using link preload but not used within a few seconds from the window's load event. Please make sure it has an appropriate `as` value and it is preloaded intentionally. @ https://www.cabelas.com/l/used-centerfire-pistol#sortCriteria=%40offerprice%20ascending&f-action=Revolver&firstResult=36:0
[ 7415989ms] [WARNING] The resource https://assets.basspro.com/image/upload/b_rgb:FFFFFF,c_pad,dpr_1.0,f_auto,h_375,q_auto,w_600/c_pad,h_375,w_600/v1/ProductImages/UsedGuns/usedgun_102021463_main?pgw=1 was preloaded using link preload but not used within a few seconds from the window's load event. Please make sure it has an appropriate `as` value and it is preloaded intentionally. @ https://www.cabelas.com/l/used-centerfire-pistol#sortCriteria=%40offerprice%20ascending&f-action=Revolver&firstResult=36:0
[ 7415989ms] [WARNING] The resource https://assets.basspro.com/image/upload/b_rgb:FFFFFF,c_pad,dpr_1.0,f_auto,h_375,q_auto,w_600/c_pad,h_375,w_600/v1/ProductImages/UsedGuns/usedgun_102044626_main?pgw=1 was preloaded using link preload but not used within a few seconds from the window's load event. Please make sure it has an appropriate `as` value and it is preloaded intentionally. @ https://www.cabelas.com/l/used-centerfire-pistol#sortCriteria=%40offerprice%20ascending&f-action=Revolver&firstResult=36:0
[ 7415989ms] [WARNING] The resource https://assets.basspro.com/image/upload/b_rgb:FFFFFF,c_pad,dpr_1.0,f_auto,h_375,q_auto,w_600/c_pad,h_375,w_600/v1/ProductImages/UsedGuns/usedgun_102039082_main?pgw=1 was preloaded using link preload but not used within a few seconds from the window's load event. Please make sure it has an appropriate `as` value and it is preloaded intentionally. @ https://www.cabelas.com/l/used-centerfire-pistol#sortCriteria=%40offerprice%20ascending&f-action=Revolver&firstResult=36:0
[ 7458454ms] [WARNING] The resource https://assets.basspro.com/image/upload/b_rgb:FFFFFF,c_pad,dpr_1.0,f_auto,h_375,q_auto,w_600/c_pad,h_375,w_600/v1/ProductImages/UsedGuns/usedgun_102043796_main?pgw=1 was preloaded using link preload but not used within a few seconds from the window's load event. Please make sure it has an appropriate `as` value and it is preloaded intentionally. @ https://www.cabelas.com/l/used-centerfire-pistol#sortCriteria=%40offerprice%20ascending&f-action=Revolver&firstResult=36:0
[ 7458454ms] [WARNING] The resource https://assets.basspro.com/image/upload/b_rgb:FFFFFF,c_pad,dpr_1.0,f_auto,h_375,q_auto,w_600/c_pad,h_375,w_600/v1/ProductImages/UsedGuns/usedgun_102021463_main?pgw=1 was preloaded using link preload but not used within a few seconds from the window's load event. Please make sure it has an appropriate `as` value and it is preloaded intentionally. @ https://www.cabelas.com/l/used-centerfire-pistol#sortCriteria=%40offerprice%20ascending&f-action=Revolver&firstResult=36:0
[ 7458454ms] [WARNING] The resource https://assets.basspro.com/image/upload/b_rgb:FFFFFF,c_pad,dpr_1.0,f_auto,h_375,q_auto,w_600/c_pad,h_375,w_600/v1/ProductImages/UsedGuns/usedgun_102044626_main?pgw=1 was preloaded using link preload but not used within a few seconds from the window's load event. Please make sure it has an appropriate `as` value and it is preloaded intentionally. @ https://www.cabelas.com/l/used-centerfire-pistol#sortCriteria=%40offerprice%20ascending&f-action=Revolver&firstResult=36:0
[ 7458454ms] [WARNING] The resource https://assets.basspro.com/image/upload/b_rgb:FFFFFF,c_pad,dpr_1.0,f_auto,h_375,q_auto,w_600/c_pad,h_375,w_600/v1/ProductImages/UsedGuns/usedgun_102039082_main?pgw=1 was preloaded using link preload but not used within a few seconds from the window's load event. Please make sure it has an appropriate `as` value and it is preloaded intentionally. @ https://www.cabelas.com/l/used-centerfire-pistol#sortCriteria=%40offerprice%20ascending&f-action=Revolver&firstResult=36:0
[ 7518561ms] [WARNING] The resource https://assets.basspro.com/image/upload/b_rgb:FFFFFF,c_pad,dpr_1.0,f_auto,h_375,q_auto,w_600/c_pad,h_375,w_600/v1/ProductImages/UsedGuns/usedgun_102043796_main?pgw=1 was preloaded using link preload but not used within a few seconds from the window's load event. Please make sure it has an appropriate `as` value and it is preloaded intentionally. @ https://www.cabelas.com/l/used-centerfire-pistol#sortCriteria=%40offerprice%20ascending&f-action=Revolver&firstResult=36:0
[ 7518561ms] [WARNING] The resource https://assets.basspro.com/image/upload/b_rgb:FFFFFF,c_pad,dpr_1.0,f_auto,h_375,q_auto,w_600/c_pad,h_375,w_600/v1/ProductImages/UsedGuns/usedgun_102021463_main?pgw=1 was preloaded using link preload but not used within a few seconds from the window's load event. Please make sure it has an appropriate `as` value and it is preloaded intentionally. @ https://www.cabelas.com/l/used-centerfire-pistol#sortCriteria=%40offerprice%20ascending&f-action=Revolver&firstResult=36:0
[ 7518561ms] [WARNING] The resource https://assets.basspro.com/image/upload/b_rgb:FFFFFF,c_pad,dpr_1.0,f_auto,h_375,q_auto,w_600/c_pad,h_375,w_600/v1/ProductImages/UsedGuns/usedgun_102044626_main?pgw=1 was preloaded using link preload but not used within a few seconds from the window's load event. Please make sure it has an appropriate `as` value and it is preloaded intentionally. @ https://www.cabelas.com/l/used-centerfire-pistol#sortCriteria=%40offerprice%20ascending&f-action=Revolver&firstResult=36:0
[ 7518561ms] [WARNING] The resource https://assets.basspro.com/image/upload/b_rgb:FFFFFF,c_pad,dpr_1.0,f_auto,h_375,q_auto,w_600/c_pad,h_375,w_600/v1/ProductImages/UsedGuns/usedgun_102039082_main?pgw=1 was preloaded using link preload but not used within a few seconds from the window's load event. Please make sure it has an appropriate `as` value and it is preloaded intentionally. @ https://www.cabelas.com/l/used-centerfire-pistol#sortCriteria=%40offerprice%20ascending&f-action=Revolver&firstResult=36:0
[ 7546089ms] [WARNING] The resource https://assets.basspro.com/image/upload/b_rgb:FFFFFF,c_pad,dpr_1.0,f_auto,h_375,q_auto,w_600/c_pad,h_375,w_600/v1/ProductImages/UsedGuns/usedgun_102043796_main?pgw=1 was preloaded using link preload but not used within a few seconds from the window's load event. Please make sure it has an appropriate `as` value and it is preloaded intentionally. @ https://www.cabelas.com/l/used-centerfire-pistol#sortCriteria=%40offerprice%20ascending&f-action=Revolver&firstResult=36:0
[ 7546089ms] [WARNING] The resource https://assets.basspro.com/image/upload/b_rgb:FFFFFF,c_pad,dpr_1.0,f_auto,h_375,q_auto,w_600/c_pad,h_375,w_600/v1/ProductImages/UsedGuns/usedgun_102021463_main?pgw=1 was preloaded using link preload but not used within a few seconds from the window's load event. Please make sure it has an appropriate `as` value and it is preloaded intentionally. @ https://www.cabelas.com/l/used-centerfire-pistol#sortCriteria=%40offerprice%20ascending&f-action=Revolver&firstResult=36:0
[ 7546089ms] [WARNING] The resource https://assets.basspro.com/image/upload/b_rgb:FFFFFF,c_pad,dpr_1.0,f_auto,h_375,q_auto,w_600/c_pad,h_375,w_600/v1/ProductImages/UsedGuns/usedgun_102044626_main?pgw=1 was preloaded using link preload but not used within a few seconds from the window's load event. Please make sure it has an appropriate `as` value and it is preloaded intentionally. @ https://www.cabelas.com/l/used-centerfire-pistol#sortCriteria=%40offerprice%20ascending&f-action=Revolver&firstResult=36:0
[ 7546089ms] [WARNING] The resource https://assets.basspro.com/image/upload/b_rgb:FFFFFF,c_pad,dpr_1.0,f_auto,h_375,q_auto,w_600/c_pad,h_375,w_600/v1/ProductImages/UsedGuns/usedgun_102039082_main?pgw=1 was preloaded using link preload but not used within a few seconds from the window's load event. Please make sure it has an appropriate `as` value and it is preloaded intentionally. @ https://www.cabelas.com/l/used-centerfire-pistol#sortCriteria=%40offerprice%20ascending&f-action=Revolver&firstResult=36:0
[ 7577614ms] [WARNING] The resource https://assets.basspro.com/image/upload/b_rgb:FFFFFF,c_pad,dpr_1.0,f_auto,h_375,q_auto,w_600/c_pad,h_375,w_600/v1/ProductImages/UsedGuns/usedgun_102043796_main?pgw=1 was preloaded using link preload but not used within a few seconds from the window's load event. Please make sure it has an appropriate `as` value and it is preloaded intentionally. @ https://www.cabelas.com/l/used-centerfire-pistol#sortCriteria=%40offerprice%20ascending&f-action=Revolver&firstResult=36:0
[ 7577614ms] [WARNING] The resource https://assets.basspro.com/image/upload/b_rgb:FFFFFF,c_pad,dpr_1.0,f_auto,h_375,q_auto,w_600/c_pad,h_375,w_600/v1/ProductImages/UsedGuns/usedgun_102021463_main?pgw=1 was preloaded using link preload but not used within a few seconds from the window's load event. Please make sure it has an appropriate `as` value and it is preloaded intentionally. @ https://www.cabelas.com/l/used-centerfire-pistol#sortCriteria=%40offerprice%20ascending&f-action=Revolver&firstResult=36:0
[ 7577614ms] [WARNING] The resource https://assets.basspro.com/image/upload/b_rgb:FFFFFF,c_pad,dpr_1.0,f_auto,h_375,q_auto,w_600/c_pad,h_375,w_600/v1/ProductImages/UsedGuns/usedgun_102044626_main?pgw=1 was preloaded using link preload but not used within a few seconds from the window's load event. Please make sure it has an appropriate `as` value and it is preloaded intentionally. @ https://www.cabelas.com/l/used-centerfire-pistol#sortCriteria=%40offerprice%20ascending&f-action=Revolver&firstResult=36:0
[ 7577614ms] [WARNING] The resource https://assets.basspro.com/image/upload/b_rgb:FFFFFF,c_pad,dpr_1.0,f_auto,h_375,q_auto,w_600/c_pad,h_375,w_600/v1/ProductImages/UsedGuns/usedgun_102039082_main?pgw=1 was preloaded using link preload but not used within a few seconds from the window's load event. Please make sure it has an appropriate `as` value and it is preloaded intentionally. @ https://www.cabelas.com/l/used-centerfire-pistol#sortCriteria=%40offerprice%20ascending&f-action=Revolver&firstResult=36:0
[ 7596039ms] [WARNING] The resource https://assets.basspro.com/image/upload/b_rgb:FFFFFF,c_pad,dpr_1.0,f_auto,h_375,q_auto,w_600/c_pad,h_375,w_600/v1/ProductImages/UsedGuns/usedgun_102043796_main?pgw=1 was preloaded using link preload but not used within a few seconds from the window's load event. Please make sure it has an appropriate `as` value and it is preloaded intentionally. @ https://www.cabelas.com/l/used-centerfire-pistol#sortCriteria=%40offerprice%20ascending&f-action=Revolver&firstResult=36:0
[ 7596040ms] [WARNING] The resource https://assets.basspro.com/image/upload/b_rgb:FFFFFF,c_pad,dpr_1.0,f_auto,h_375,q_auto,w_600/c_pad,h_375,w_600/v1/ProductImages/UsedGuns/usedgun_102021463_main?pgw=1 was preloaded using link preload but not used within a few seconds from the window's load event. Please make sure it has an appropriate `as` value and it is preloaded intentionally. @ https://www.cabelas.com/l/used-centerfire-pistol#sortCriteria=%40offerprice%20ascending&f-action=Revolver&firstResult=36:0
[ 7596040ms] [WARNING] The resource https://assets.basspro.com/image/upload/b_rgb:FFFFFF,c_pad,dpr_1.0,f_auto,h_375,q_auto,w_600/c_pad,h_375,w_600/v1/ProductImages/UsedGuns/usedgun_102044626_main?pgw=1 was preloaded using link preload but not used within a few seconds from the window's load event. Please make sure it has an appropriate `as` value and it is preloaded intentionally. @ https://www.cabelas.com/l/used-centerfire-pistol#sortCriteria=%40offerprice%20ascending&f-action=Revolver&firstResult=36:0
[ 7596040ms] [WARNING] The resource https://assets.basspro.com/image/upload/b_rgb:FFFFFF,c_pad,dpr_1.0,f_auto,h_375,q_auto,w_600/c_pad,h_375,w_600/v1/ProductImages/UsedGuns/usedgun_102039082_main?pgw=1 was preloaded using link preload but not used within a few seconds from the window's load event. Please make sure it has an appropriate `as` value and it is preloaded intentionally. @ https://www.cabelas.com/l/used-centerfire-pistol#sortCriteria=%40offerprice%20ascending&f-action=Revolver&firstResult=36:0
[ 7628663ms] [WARNING] The resource https://assets.basspro.com/image/upload/b_rgb:FFFFFF,c_pad,dpr_1.0,f_auto,h_375,q_auto,w_600/c_pad,h_375,w_600/v1/ProductImages/UsedGuns/usedgun_102043796_main?pgw=1 was preloaded using link preload but not used within a few seconds from the window's load event. Please make sure it has an appropriate `as` value and it is preloaded intentionally. @ https://www.cabelas.com/l/used-centerfire-pistol#sortCriteria=%40offerprice%20ascending&f-action=Revolver&firstResult=36:0
[ 7628663ms] [WARNING] The resource https://assets.basspro.com/image/upload/b_rgb:FFFFFF,c_pad,dpr_1.0,f_auto,h_375,q_auto,w_600/c_pad,h_375,w_600/v1/ProductImages/UsedGuns/usedgun_102021463_main?pgw=1 was preloaded using link preload but not used within a few seconds from the window's load event. Please make sure it has an appropriate `as` value and it is preloaded intentionally. @ https://www.cabelas.com/l/used-centerfire-pistol#sortCriteria=%40offerprice%20ascending&f-action=Revolver&firstResult=36:0
[ 7628663ms] [WARNING] The resource https://assets.basspro.com/image/upload/b_rgb:FFFFFF,c_pad,dpr_1.0,f_auto,h_375,q_auto,w_600/c_pad,h_375,w_600/v1/ProductImages/UsedGuns/usedgun_102044626_main?pgw=1 was preloaded using link preload but not used within a few seconds from the window's load event. Please make sure it has an appropriate `as` value and it is preloaded intentionally. @ https://www.cabelas.com/l/used-centerfire-pistol#sortCriteria=%40offerprice%20ascending&f-action=Revolver&firstResult=36:0
[ 7628663ms] [WARNING] The resource https://assets.basspro.com/image/upload/b_rgb:FFFFFF,c_pad,dpr_1.0,f_auto,h_375,q_auto,w_600/c_pad,h_375,w_600/v1/ProductImages/UsedGuns/usedgun_102039082_main?pgw=1 was preloaded using link preload but not used within a few seconds from the window's load event. Please make sure it has an appropriate `as` value and it is preloaded intentionally. @ https://www.cabelas.com/l/used-centerfire-pistol#sortCriteria=%40offerprice%20ascending&f-action=Revolver&firstResult=36:0
[ 7636697ms] [WARNING] The resource https://assets.basspro.com/image/upload/b_rgb:FFFFFF,c_pad,dpr_1.0,f_auto,h_375,q_auto,w_600/c_pad,h_375,w_600/v1/ProductImages/UsedGuns/usedgun_102043796_main?pgw=1 was preloaded using link preload but not used within a few seconds from the window's load event. Please make sure it has an appropriate `as` value and it is preloaded intentionally. @ https://www.cabelas.com/l/used-centerfire-pistol#sortCriteria=%40offerprice%20ascending&f-action=Revolver&firstResult=36:0
[ 7636697ms] [WARNING] The resource https://assets.basspro.com/image/upload/b_rgb:FFFFFF,c_pad,dpr_1.0,f_auto,h_375,q_auto,w_600/c_pad,h_375,w_600/v1/ProductImages/UsedGuns/usedgun_102021463_main?pgw=1 was preloaded using link preload but not used within a few seconds from the window's load event. Please make sure it has an appropriate `as` value and it is preloaded intentionally. @ https://www.cabelas.com/l/used-centerfire-pistol#sortCriteria=%40offerprice%20ascending&f-action=Revolver&firstResult=36:0
[ 7636697ms] [WARNING] The resource https://assets.basspro.com/image/upload/b_rgb:FFFFFF,c_pad,dpr_1.0,f_auto,h_375,q_auto,w_600/c_pad,h_375,w_600/v1/ProductImages/UsedGuns/usedgun_102044626_main?pgw=1 was preloaded using link preload but not used within a few seconds from the window's load event. Please make sure it has an appropriate `as` value and it is preloaded intentionally. @ https://www.cabelas.com/l/used-centerfire-pistol#sortCriteria=%40offerprice%20ascending&f-action=Revolver&firstResult=36:0
[ 7636697ms] [WARNING] The resource https://assets.basspro.com/image/upload/b_rgb:FFFFFF,c_pad,dpr_1.0,f_auto,h_375,q_auto,w_600/c_pad,h_375,w_600/v1/ProductImages/UsedGuns/usedgun_102039082_main?pgw=1 was preloaded using link preload but not used within a few seconds from the window's load event. Please make sure it has an appropriate `as` value and it is preloaded intentionally. @ https://www.cabelas.com/l/used-centerfire-pistol#sortCriteria=%40offerprice%20ascending&f-action=Revolver&firstResult=36:0
[ 7695861ms] [WARNING] The resource https://assets.basspro.com/image/upload/b_rgb:FFFFFF,c_pad,dpr_1.0,f_auto,h_375,q_auto,w_600/c_pad,h_375,w_600/v1/ProductImages/UsedGuns/usedgun_102043796_main?pgw=1 was preloaded using link preload but not used within a few seconds from the window's load event. Please make sure it has an appropriate `as` value and it is preloaded intentionally. @ https://www.cabelas.com/l/used-centerfire-pistol#sortCriteria=%40offerprice%20ascending&f-action=Revolver&firstResult=36:0
[ 7695862ms] [WARNING] The resource https://assets.basspro.com/image/upload/b_rgb:FFFFFF,c_pad,dpr_1.0,f_auto,h_375,q_auto,w_600/c_pad,h_375,w_600/v1/ProductImages/UsedGuns/usedgun_102021463_main?pgw=1 was preloaded using link preload but not used within a few seconds from the window's load event. Please make sure it has an appropriate `as` value and it is preloaded intentionally. @ https://www.cabelas.com/l/used-centerfire-pistol#sortCriteria=%40offerprice%20ascending&f-action=Revolver&firstResult=36:0
[ 7695862ms] [WARNING] The resource https://assets.basspro.com/image/upload/b_rgb:FFFFFF,c_pad,dpr_1.0,f_auto,h_375,q_auto,w_600/c_pad,h_375,w_600/v1/ProductImages/UsedGuns/usedgun_102044626_main?pgw=1 was preloaded using link preload but not used within a few seconds from the window's load event. Please make sure it has an appropriate `as` value and it is preloaded intentionally. @ https://www.cabelas.com/l/used-centerfire-pistol#sortCriteria=%40offerprice%20ascending&f-action=Revolver&firstResult=36:0
[ 7695862ms] [WARNING] The resource https://assets.basspro.com/image/upload/b_rgb:FFFFFF,c_pad,dpr_1.0,f_auto,h_375,q_auto,w_600/c_pad,h_375,w_600/v1/ProductImages/UsedGuns/usedgun_102039082_main?pgw=1 was preloaded using link preload but not used within a few seconds from the window's load event. Please make sure it has an appropriate `as` value and it is preloaded intentionally. @ https://www.cabelas.com/l/used-centerfire-pistol#sortCriteria=%40offerprice%20ascending&f-action=Revolver&firstResult=36:0
[ 7755177ms] [WARNING] The resource https://assets.basspro.com/image/upload/b_rgb:FFFFFF,c_pad,dpr_1.0,f_auto,h_375,q_auto,w_600/c_pad,h_375,w_600/v1/ProductImages/UsedGuns/usedgun_102043796_main?pgw=1 was preloaded using link preload but not used within a few seconds from the window's load event. Please make sure it has an appropriate `as` value and it is preloaded intentionally. @ https://www.cabelas.com/l/used-centerfire-pistol#sortCriteria=%40offerprice%20ascending&f-action=Revolver&firstResult=36:0
[ 7755178ms] [WARNING] The resource https://assets.basspro.com/image/upload/b_rgb:FFFFFF,c_pad,dpr_1.0,f_auto,h_375,q_auto,w_600/c_pad,h_375,w_600/v1/ProductImages/UsedGuns/usedgun_102021463_main?pgw=1 was preloaded using link preload but not used within a few seconds from the window's load event. Please make sure it has an appropriate `as` value and it is preloaded intentionally. @ https://www.cabelas.com/l/used-centerfire-pistol#sortCriteria=%40offerprice%20ascending&f-action=Revolver&firstResult=36:0
[ 7755178ms] [WARNING] The resource https://assets.basspro.com/image/upload/b_rgb:FFFFFF,c_pad,dpr_1.0,f_auto,h_375,q_auto,w_600/c_pad,h_375,w_600/v1/ProductImages/UsedGuns/usedgun_102044626_main?pgw=1 was preloaded using link preload but not used within a few seconds from the window's load event. Please make sure it has an appropriate `as` value and it is preloaded intentionally. @ https://www.cabelas.com/l/used-centerfire-pistol#sortCriteria=%40offerprice%20ascending&f-action=Revolver&firstResult=36:0
[ 7755178ms] [WARNING] The resource https://assets.basspro.com/image/upload/b_rgb:FFFFFF,c_pad,dpr_1.0,f_auto,h_375,q_auto,w_600/c_pad,h_375,w_600/v1/ProductImages/UsedGuns/usedgun_102039082_main?pgw=1 was preloaded using link preload but not used within a few seconds from the window's load event. Please make sure it has an appropriate `as` value and it is preloaded intentionally. @ https://www.cabelas.com/l/used-centerfire-pistol#sortCriteria=%40offerprice%20ascending&f-action=Revolver&firstResult=36:0
[ 7808664ms] [WARNING] The resource https://assets.basspro.com/image/upload/b_rgb:FFFFFF,c_pad,dpr_1.0,f_auto,h_375,q_auto,w_600/c_pad,h_375,w_600/v1/ProductImages/UsedGuns/usedgun_102043796_main?pgw=1 was preloaded using link preload but not used within a few seconds from the window's load event. Please make sure it has an appropriate `as` value and it is preloaded intentionally. @ https://www.cabelas.com/l/used-centerfire-pistol#sortCriteria=%40offerprice%20ascending&f-action=Revolver&firstResult=36:0
[ 7808664ms] [WARNING] The resource https://assets.basspro.com/image/upload/b_rgb:FFFFFF,c_pad,dpr_1.0,f_auto,h_375,q_auto,w_600/c_pad,h_375,w_600/v1/ProductImages/UsedGuns/usedgun_102021463_main?pgw=1 was preloaded using link preload but not used within a few seconds from the window's load event. Please make sure it has an appropriate `as` value and it is preloaded intentionally. @ https://www.cabelas.com/l/used-centerfire-pistol#sortCriteria=%40offerprice%20ascending&f-action=Revolver&firstResult=36:0
[ 7808664ms] [WARNING] The resource https://assets.basspro.com/image/upload/b_rgb:FFFFFF,c_pad,dpr_1.0,f_auto,h_375,q_auto,w_600/c_pad,h_375,w_600/v1/ProductImages/UsedGuns/usedgun_102044626_main?pgw=1 was preloaded using link preload but not used within a few seconds from the window's load event. Please make sure it has an appropriate `as` value and it is preloaded intentionally. @ https://www.cabelas.com/l/used-centerfire-pistol#sortCriteria=%40offerprice%20ascending&f-action=Revolver&firstResult=36:0
[ 7808664ms] [WARNING] The resource https://assets.basspro.com/image/upload/b_rgb:FFFFFF,c_pad,dpr_1.0,f_auto,h_375,q_auto,w_600/c_pad,h_375,w_600/v1/ProductImages/UsedGuns/usedgun_102039082_main?pgw=1 was preloaded using link preload but not used within a few seconds from the window's load event. Please make sure it has an appropriate `as` value and it is preloaded intentionally. @ https://www.cabelas.com/l/used-centerfire-pistol#sortCriteria=%40offerprice%20ascending&f-action=Revolver&firstResult=36:0
[ 7815314ms] [WARNING] The resource https://assets.basspro.com/image/upload/b_rgb:FFFFFF,c_pad,dpr_1.0,f_auto,h_375,q_auto,w_600/c_pad,h_375,w_600/v1/ProductImages/UsedGuns/usedgun_102043796_main?pgw=1 was preloaded using link preload but not used within a few seconds from the window's load event. Please make sure it has an appropriate `as` value and it is preloaded intentionally. @ https://www.cabelas.com/l/used-centerfire-pistol#sortCriteria=%40offerprice%20ascending&f-action=Revolver&firstResult=36:0
[ 7815315ms] [WARNING] The resource https://assets.basspro.com/image/upload/b_rgb:FFFFFF,c_pad,dpr_1.0,f_auto,h_375,q_auto,w_600/c_pad,h_375,w_600/v1/ProductImages/UsedGuns/usedgun_102021463_main?pgw=1 was preloaded using link preload but not used within a few seconds from the window's load event. Please make sure it has an appropriate `as` value and it is preloaded intentionally. @ https://www.cabelas.com/l/used-centerfire-pistol#sortCriteria=%40offerprice%20ascending&f-action=Revolver&firstResult=36:0
[ 7815315ms] [WARNING] The resource https://assets.basspro.com/image/upload/b_rgb:FFFFFF,c_pad,dpr_1.0,f_auto,h_375,q_auto,w_600/c_pad,h_375,w_600/v1/ProductImages/UsedGuns/usedgun_102044626_main?pgw=1 was preloaded using link preload but not used within a few seconds from the window's load event. Please make sure it has an appropriate `as` value and it is preloaded intentionally. @ https://www.cabelas.com/l/used-centerfire-pistol#sortCriteria=%40offerprice%20ascending&f-action=Revolver&firstResult=36:0
[ 7815315ms] [WARNING] The resource https://assets.basspro.com/image/upload/b_rgb:FFFFFF,c_pad,dpr_1.0,f_auto,h_375,q_auto,w_600/c_pad,h_375,w_600/v1/ProductImages/UsedGuns/usedgun_102039082_main?pgw=1 was preloaded using link preload but not used within a few seconds from the window's load event. Please make sure it has an appropriate `as` value and it is preloaded intentionally. @ https://www.cabelas.com/l/used-centerfire-pistol#sortCriteria=%40offerprice%20ascending&f-action=Revolver&firstResult=36:0
[ 7846582ms] [WARNING] The resource https://assets.basspro.com/image/upload/b_rgb:FFFFFF,c_pad,dpr_1.0,f_auto,h_375,q_auto,w_600/c_pad,h_375,w_600/v1/ProductImages/UsedGuns/usedgun_102043796_main?pgw=1 was preloaded using link preload but not used within a few seconds from the window's load event. Please make sure it has an appropriate `as` value and it is preloaded intentionally. @ https://www.cabelas.com/l/used-centerfire-pistol#sortCriteria=%40offerprice%20ascending&f-action=Revolver&firstResult=36:0
[ 7846582ms] [WARNING] The resource https://assets.basspro.com/image/upload/b_rgb:FFFFFF,c_pad,dpr_1.0,f_auto,h_375,q_auto,w_600/c_pad,h_375,w_600/v1/ProductImages/UsedGuns/usedgun_102021463_main?pgw=1 was preloaded using link preload but not used within a few seconds from the window's load event. Please make sure it has an appropriate `as` value and it is preloaded intentionally. @ https://www.cabelas.com/l/used-centerfire-pistol#sortCriteria=%40offerprice%20ascending&f-action=Revolver&firstResult=36:0
[ 7846582ms] [WARNING] The resource https://assets.basspro.com/image/upload/b_rgb:FFFFFF,c_pad,dpr_1.0,f_auto,h_375,q_auto,w_600/c_pad,h_375,w_600/v1/ProductImages/UsedGuns/usedgun_102044626_main?pgw=1 was preloaded using link preload but not used within a few seconds from the window's load event. Please make sure it has an appropriate `as` value and it is preloaded intentionally. @ https://www.cabelas.com/l/used-centerfire-pistol#sortCriteria=%40offerprice%20ascending&f-action=Revolver&firstResult=36:0
[ 7846582ms] [WARNING] The resource https://assets.basspro.com/image/upload/b_rgb:FFFFFF,c_pad,dpr_1.0,f_auto,h_375,q_auto,w_600/c_pad,h_375,w_600/v1/ProductImages/UsedGuns/usedgun_102039082_main?pgw=1 was preloaded using link preload but not used within a few seconds from the window's load event. Please make sure it has an appropriate `as` value and it is preloaded intentionally. @ https://www.cabelas.com/l/used-centerfire-pistol#sortCriteria=%40offerprice%20ascending&f-action=Revolver&firstResult=36:0
[ 7875451ms] [WARNING] The resource https://assets.basspro.com/image/upload/b_rgb:FFFFFF,c_pad,dpr_1.0,f_auto,h_375,q_auto,w_600/c_pad,h_375,w_600/v1/ProductImages/UsedGuns/usedgun_102043796_main?pgw=1 was preloaded using link preload but not used within a few seconds from the window's load event. Please make sure it has an appropriate `as` value and it is preloaded intentionally. @ https://www.cabelas.com/l/used-centerfire-pistol#sortCriteria=%40offerprice%20ascending&f-action=Revolver&firstResult=36:0
[ 7875451ms] [WARNING] The resource https://assets.basspro.com/image/upload/b_rgb:FFFFFF,c_pad,dpr_1.0,f_auto,h_375,q_auto,w_600/c_pad,h_375,w_600/v1/ProductImages/UsedGuns/usedgun_102021463_main?pgw=1 was preloaded using link preload but not used within a few seconds from the window's load event. Please make sure it has an appropriate `as` value and it is preloaded intentionally. @ https://www.cabelas.com/l/used-centerfire-pistol#sortCriteria=%40offerprice%20ascending&f-action=Revolver&firstResult=36:0
[ 7875451ms] [WARNING] The resource https://assets.basspro.com/image/upload/b_rgb:FFFFFF,c_pad,dpr_1.0,f_auto,h_375,q_auto,w_600/c_pad,h_375,w_600/v1/ProductImages/UsedGuns/usedgun_102044626_main?pgw=1 was preloaded using link preload but not used within a few seconds from the window's load event. Please make sure it has an appropriate `as` value and it is preloaded intentionally. @ https://www.cabelas.com/l/used-centerfire-pistol#sortCriteria=%40offerprice%20ascending&f-action=Revolver&firstResult=36:0
[ 7875451ms] [WARNING] The resource https://assets.basspro.com/image/upload/b_rgb:FFFFFF,c_pad,dpr_1.0,f_auto,h_375,q_auto,w_600/c_pad,h_375,w_600/v1/ProductImages/UsedGuns/usedgun_102039082_main?pgw=1 was preloaded using link preload but not used within a few seconds from the window's load event. Please make sure it has an appropriate `as` value and it is preloaded intentionally. @ https://www.cabelas.com/l/used-centerfire-pistol#sortCriteria=%40offerprice%20ascending&f-action=Revolver&firstResult=36:0
[ 7935580ms] [WARNING] The resource https://assets.basspro.com/image/upload/b_rgb:FFFFFF,c_pad,dpr_1.0,f_auto,h_375,q_auto,w_600/c_pad,h_375,w_600/v1/ProductImages/UsedGuns/usedgun_102043796_main?pgw=1 was preloaded using link preload but not used within a few seconds from the window's load event. Please make sure it has an appropriate `as` value and it is preloaded intentionally. @ https://www.cabelas.com/l/used-centerfire-pistol#sortCriteria=%40offerprice%20ascending&f-action=Revolver&firstResult=36:0
[ 7935580ms] [WARNING] The resource https://assets.basspro.com/image/upload/b_rgb:FFFFFF,c_pad,dpr_1.0,f_auto,h_375,q_auto,w_600/c_pad,h_375,w_600/v1/ProductImages/UsedGuns/usedgun_102021463_main?pgw=1 was preloaded using link preload but not used within a few seconds from the window's load event. Please make sure it has an appropriate `as` value and it is preloaded intentionally. @ https://www.cabelas.com/l/used-centerfire-pistol#sortCriteria=%40offerprice%20ascending&f-action=Revolver&firstResult=36:0
[ 7935580ms] [WARNING] The resource https://assets.basspro.com/image/upload/b_rgb:FFFFFF,c_pad,dpr_1.0,f_auto,h_375,q_auto,w_600/c_pad,h_375,w_600/v1/ProductImages/UsedGuns/usedgun_102044626_main?pgw=1 was preloaded using link preload but not used within a few seconds from the window's load event. Please make sure it has an appropriate `as` value and it is preloaded intentionally. @ https://www.cabelas.com/l/used-centerfire-pistol#sortCriteria=%40offerprice%20ascending&f-action=Revolver&firstResult=36:0
[ 7935580ms] [WARNING] The resource https://assets.basspro.com/image/upload/b_rgb:FFFFFF,c_pad,dpr_1.0,f_auto,h_375,q_auto,w_600/c_pad,h_375,w_600/v1/ProductImages/UsedGuns/usedgun_102039082_main?pgw=1 was preloaded using link preload but not used within a few seconds from the window's load event. Please make sure it has an appropriate `as` value and it is preloaded intentionally. @ https://www.cabelas.com/l/used-centerfire-pistol#sortCriteria=%40offerprice%20ascending&f-action=Revolver&firstResult=36:0
[ 7988648ms] [WARNING] The resource https://assets.basspro.com/image/upload/b_rgb:FFFFFF,c_pad,dpr_1.0,f_auto,h_375,q_auto,w_600/c_pad,h_375,w_600/v1/ProductImages/UsedGuns/usedgun_102043796_main?pgw=1 was preloaded using link preload but not used within a few seconds from the window's load event. Please make sure it has an appropriate `as` value and it is preloaded intentionally. @ https://www.cabelas.com/l/used-centerfire-pistol#sortCriteria=%40offerprice%20ascending&f-action=Revolver&firstResult=36:0
[ 7988649ms] [WARNING] The resource https://assets.basspro.com/image/upload/b_rgb:FFFFFF,c_pad,dpr_1.0,f_auto,h_375,q_auto,w_600/c_pad,h_375,w_600/v1/ProductImages/UsedGuns/usedgun_102021463_main?pgw=1 was preloaded using link preload but not used within a few seconds from the window's load event. Please make sure it has an appropriate `as` value and it is preloaded intentionally. @ https://www.cabelas.com/l/used-centerfire-pistol#sortCriteria=%40offerprice%20ascending&f-action=Revolver&firstResult=36:0
[ 7988649ms] [WARNING] The resource https://assets.basspro.com/image/upload/b_rgb:FFFFFF,c_pad,dpr_1.0,f_auto,h_375,q_auto,w_600/c_pad,h_375,w_600/v1/ProductImages/UsedGuns/usedgun_102044626_main?pgw=1 was preloaded using link preload but not used within a few seconds from the window's load event. Please make sure it has an appropriate `as` value and it is preloaded intentionally. @ https://www.cabelas.com/l/used-centerfire-pistol#sortCriteria=%40offerprice%20ascending&f-action=Revolver&firstResult=36:0
[ 7988649ms] [WARNING] The resource https://assets.basspro.com/image/upload/b_rgb:FFFFFF,c_pad,dpr_1.0,f_auto,h_375,q_auto,w_600/c_pad,h_375,w_600/v1/ProductImages/UsedGuns/usedgun_102039082_main?pgw=1 was preloaded using link preload but not used within a few seconds from the window's load event. Please make sure it has an appropriate `as` value and it is preloaded intentionally. @ https://www.cabelas.com/l/used-centerfire-pistol#sortCriteria=%40offerprice%20ascending&f-action=Revolver&firstResult=36:0
[ 7994765ms] [WARNING] The resource https://assets.basspro.com/image/upload/b_rgb:FFFFFF,c_pad,dpr_1.0,f_auto,h_375,q_auto,w_600/c_pad,h_375,w_600/v1/ProductImages/UsedGuns/usedgun_102043796_main?pgw=1 was preloaded using link preload but not used within a few seconds from the window's load event. Please make sure it has an appropriate `as` value and it is preloaded intentionally. @ https://www.cabelas.com/l/used-centerfire-pistol#sortCriteria=%40offerprice%20ascending&f-action=Revolver&firstResult=36:0
[ 7994766ms] [WARNING] The resource https://assets.basspro.com/image/upload/b_rgb:FFFFFF,c_pad,dpr_1.0,f_auto,h_375,q_auto,w_600/c_pad,h_375,w_600/v1/ProductImages/UsedGuns/usedgun_102021463_main?pgw=1 was preloaded using link preload but not used within a few seconds from the window's load event. Please make sure it has an appropriate `as` value and it is preloaded intentionally. @ https://www.cabelas.com/l/used-centerfire-pistol#sortCriteria=%40offerprice%20ascending&f-action=Revolver&firstResult=36:0
[ 7994766ms] [WARNING] The resource https://assets.basspro.com/image/upload/b_rgb:FFFFFF,c_pad,dpr_1.0,f_auto,h_375,q_auto,w_600/c_pad,h_375,w_600/v1/ProductImages/UsedGuns/usedgun_102044626_main?pgw=1 was preloaded using link preload but not used within a few seconds from the window's load event. Please make sure it has an appropriate `as` value and it is preloaded intentionally. @ https://www.cabelas.com/l/used-centerfire-pistol#sortCriteria=%40offerprice%20ascending&f-action=Revolver&firstResult=36:0
[ 7994766ms] [WARNING] The resource https://assets.basspro.com/image/upload/b_rgb:FFFFFF,c_pad,dpr_1.0,f_auto,h_375,q_auto,w_600/c_pad,h_375,w_600/v1/ProductImages/UsedGuns/usedgun_102039082_main?pgw=1 was preloaded using link preload but not used within a few seconds from the window's load event. Please make sure it has an appropriate `as` value and it is preloaded intentionally. @ https://www.cabelas.com/l/used-centerfire-pistol#sortCriteria=%40offerprice%20ascending&f-action=Revolver&firstResult=36:0
[ 8055059ms] [WARNING] The resource https://assets.basspro.com/image/upload/b_rgb:FFFFFF,c_pad,dpr_1.0,f_auto,h_375,q_auto,w_600/c_pad,h_375,w_600/v1/ProductImages/UsedGuns/usedgun_102043796_main?pgw=1 was preloaded using link preload but not used within a few seconds from the window's load event. Please make sure it has an appropriate `as` value and it is preloaded intentionally. @ https://www.cabelas.com/l/used-centerfire-pistol#sortCriteria=%40offerprice%20ascending&f-action=Revolver&firstResult=36:0
[ 8055060ms] [WARNING] The resource https://assets.basspro.com/image/upload/b_rgb:FFFFFF,c_pad,dpr_1.0,f_auto,h_375,q_auto,w_600/c_pad,h_375,w_600/v1/ProductImages/UsedGuns/usedgun_102021463_main?pgw=1 was preloaded using link preload but not used within a few seconds from the window's load event. Please make sure it has an appropriate `as` value and it is preloaded intentionally. @ https://www.cabelas.com/l/used-centerfire-pistol#sortCriteria=%40offerprice%20ascending&f-action=Revolver&firstResult=36:0
[ 8055060ms] [WARNING] The resource https://assets.basspro.com/image/upload/b_rgb:FFFFFF,c_pad,dpr_1.0,f_auto,h_375,q_auto,w_600/c_pad,h_375,w_600/v1/ProductImages/UsedGuns/usedgun_102044626_main?pgw=1 was preloaded using link preload but not used within a few seconds from the window's load event. Please make sure it has an appropriate `as` value and it is preloaded intentionally. @ https://www.cabelas.com/l/used-centerfire-pistol#sortCriteria=%40offerprice%20ascending&f-action=Revolver&firstResult=36:0
[ 8055060ms] [WARNING] The resource https://assets.basspro.com/image/upload/b_rgb:FFFFFF,c_pad,dpr_1.0,f_auto,h_375,q_auto,w_600/c_pad,h_375,w_600/v1/ProductImages/UsedGuns/usedgun_102039082_main?pgw=1 was preloaded using link preload but not used within a few seconds from the window's load event. Please make sure it has an appropriate `as` value and it is preloaded intentionally. @ https://www.cabelas.com/l/used-centerfire-pistol#sortCriteria=%40offerprice%20ascending&f-action=Revolver&firstResult=36:0
[ 8115206ms] [WARNING] The resource https://assets.basspro.com/image/upload/b_rgb:FFFFFF,c_pad,dpr_1.0,f_auto,h_375,q_auto,w_600/c_pad,h_375,w_600/v1/ProductImages/UsedGuns/usedgun_102043796_main?pgw=1 was preloaded using link preload but not used within a few seconds from the window's load event. Please make sure it has an appropriate `as` value and it is preloaded intentionally. @ https://www.cabelas.com/l/used-centerfire-pistol#sortCriteria=%40offerprice%20ascending&f-action=Revolver&firstResult=36:0
[ 8115206ms] [WARNING] The resource https://assets.basspro.com/image/upload/b_rgb:FFFFFF,c_pad,dpr_1.0,f_auto,h_375,q_auto,w_600/c_pad,h_375,w_600/v1/ProductImages/UsedGuns/usedgun_102021463_main?pgw=1 was preloaded using link preload but not used within a few seconds from the window's load event. Please make sure it has an appropriate `as` value and it is preloaded intentionally. @ https://www.cabelas.com/l/used-centerfire-pistol#sortCriteria=%40offerprice%20ascending&f-action=Revolver&firstResult=36:0
[ 8115206ms] [WARNING] The resource https://assets.basspro.com/image/upload/b_rgb:FFFFFF,c_pad,dpr_1.0,f_auto,h_375,q_auto,w_600/c_pad,h_375,w_600/v1/ProductImages/UsedGuns/usedgun_102044626_main?pgw=1 was preloaded using link preload but not used within a few seconds from the window's load event. Please make sure it has an appropriate `as` value and it is preloaded intentionally. @ https://www.cabelas.com/l/used-centerfire-pistol#sortCriteria=%40offerprice%20ascending&f-action=Revolver&firstResult=36:0
[ 8115206ms] [WARNING] The resource https://assets.basspro.com/image/upload/b_rgb:FFFFFF,c_pad,dpr_1.0,f_auto,h_375,q_auto,w_600/c_pad,h_375,w_600/v1/ProductImages/UsedGuns/usedgun_102039082_main?pgw=1 was preloaded using link preload but not used within a few seconds from the window's load event. Please make sure it has an appropriate `as` value and it is preloaded intentionally. @ https://www.cabelas.com/l/used-centerfire-pistol#sortCriteria=%40offerprice%20ascending&f-action=Revolver&firstResult=36:0
[ 8146489ms] [WARNING] The resource https://assets.basspro.com/image/upload/b_rgb:FFFFFF,c_pad,dpr_1.0,f_auto,h_375,q_auto,w_600/c_pad,h_375,w_600/v1/ProductImages/UsedGuns/usedgun_102043796_main?pgw=1 was preloaded using link preload but not used within a few seconds from the window's load event. Please make sure it has an appropriate `as` value and it is preloaded intentionally. @ https://www.cabelas.com/l/used-centerfire-pistol#sortCriteria=%40offerprice%20ascending&f-action=Revolver&firstResult=36:0
[ 8146489ms] [WARNING] The resource https://assets.basspro.com/image/upload/b_rgb:FFFFFF,c_pad,dpr_1.0,f_auto,h_375,q_auto,w_600/c_pad,h_375,w_600/v1/ProductImages/UsedGuns/usedgun_102021463_main?pgw=1 was preloaded using link preload but not used within a few seconds from the window's load event. Please make sure it has an appropriate `as` value and it is preloaded intentionally. @ https://www.cabelas.com/l/used-centerfire-pistol#sortCriteria=%40offerprice%20ascending&f-action=Revolver&firstResult=36:0
[ 8146489ms] [WARNING] The resource https://assets.basspro.com/image/upload/b_rgb:FFFFFF,c_pad,dpr_1.0,f_auto,h_375,q_auto,w_600/c_pad,h_375,w_600/v1/ProductImages/UsedGuns/usedgun_102044626_main?pgw=1 was preloaded using link preload but not used within a few seconds from the window's load event. Please make sure it has an appropriate `as` value and it is preloaded intentionally. @ https://www.cabelas.com/l/used-centerfire-pistol#sortCriteria=%40offerprice%20ascending&f-action=Revolver&firstResult=36:0
[ 8146489ms] [WARNING] The resource https://assets.basspro.com/image/upload/b_rgb:FFFFFF,c_pad,dpr_1.0,f_auto,h_375,q_auto,w_600/c_pad,h_375,w_600/v1/ProductImages/UsedGuns/usedgun_102039082_main?pgw=1 was preloaded using link preload but not used within a few seconds from the window's load event. Please make sure it has an appropriate `as` value and it is preloaded intentionally. @ https://www.cabelas.com/l/used-centerfire-pistol#sortCriteria=%40offerprice%20ascending&f-action=Revolver&firstResult=36:0
[ 8168634ms] [WARNING] The resource https://assets.basspro.com/image/upload/b_rgb:FFFFFF,c_pad,dpr_1.0,f_auto,h_375,q_auto,w_600/c_pad,h_375,w_600/v1/ProductImages/UsedGuns/usedgun_102043796_main?pgw=1 was preloaded using link preload but not used within a few seconds from the window's load event. Please make sure it has an appropriate `as` value and it is preloaded intentionally. @ https://www.cabelas.com/l/used-centerfire-pistol#sortCriteria=%40offerprice%20ascending&f-action=Revolver&firstResult=36:0
[ 8168634ms] [WARNING] The resource https://assets.basspro.com/image/upload/b_rgb:FFFFFF,c_pad,dpr_1.0,f_auto,h_375,q_auto,w_600/c_pad,h_375,w_600/v1/ProductImages/UsedGuns/usedgun_102021463_main?pgw=1 was preloaded using link preload but not used within a few seconds from the window's load event. Please make sure it has an appropriate `as` value and it is preloaded intentionally. @ https://www.cabelas.com/l/used-centerfire-pistol#sortCriteria=%40offerprice%20ascending&f-action=Revolver&firstResult=36:0
[ 8168634ms] [WARNING] The resource https://assets.basspro.com/image/upload/b_rgb:FFFFFF,c_pad,dpr_1.0,f_auto,h_375,q_auto,w_600/c_pad,h_375,w_600/v1/ProductImages/UsedGuns/usedgun_102044626_main?pgw=1 was preloaded using link preload but not used within a few seconds from the window's load event. Please make sure it has an appropriate `as` value and it is preloaded intentionally. @ https://www.cabelas.com/l/used-centerfire-pistol#sortCriteria=%40offerprice%20ascending&f-action=Revolver&firstResult=36:0
[ 8168634ms] [WARNING] The resource https://assets.basspro.com/image/upload/b_rgb:FFFFFF,c_pad,dpr_1.0,f_auto,h_375,q_auto,w_600/c_pad,h_375,w_600/v1/ProductImages/UsedGuns/usedgun_102039082_main?pgw=1 was preloaded using link preload but not used within a few seconds from the window's load event. Please make sure it has an appropriate `as` value and it is preloaded intentionally. @ https://www.cabelas.com/l/used-centerfire-pistol#sortCriteria=%40offerprice%20ascending&f-action=Revolver&firstResult=36:0
[ 8175272ms] [WARNING] The resource https://assets.basspro.com/image/upload/b_rgb:FFFFFF,c_pad,dpr_1.0,f_auto,h_375,q_auto,w_600/c_pad,h_375,w_600/v1/ProductImages/UsedGuns/usedgun_102043796_main?pgw=1 was preloaded using link preload but not used within a few seconds from the window's load event. Please make sure it has an appropriate `as` value and it is preloaded intentionally. @ https://www.cabelas.com/l/used-centerfire-pistol#sortCriteria=%40offerprice%20ascending&f-action=Revolver&firstResult=36:0
[ 8175273ms] [WARNING] The resource https://assets.basspro.com/image/upload/b_rgb:FFFFFF,c_pad,dpr_1.0,f_auto,h_375,q_auto,w_600/c_pad,h_375,w_600/v1/ProductImages/UsedGuns/usedgun_102021463_main?pgw=1 was preloaded using link preload but not used within a few seconds from the window's load event. Please make sure it has an appropriate `as` value and it is preloaded intentionally. @ https://www.cabelas.com/l/used-centerfire-pistol#sortCriteria=%40offerprice%20ascending&f-action=Revolver&firstResult=36:0
[ 8175273ms] [WARNING] The resource https://assets.basspro.com/image/upload/b_rgb:FFFFFF,c_pad,dpr_1.0,f_auto,h_375,q_auto,w_600/c_pad,h_375,w_600/v1/ProductImages/UsedGuns/usedgun_102044626_main?pgw=1 was preloaded using link preload but not used within a few seconds from the window's load event. Please make sure it has an appropriate `as` value and it is preloaded intentionally. @ https://www.cabelas.com/l/used-centerfire-pistol#sortCriteria=%40offerprice%20ascending&f-action=Revolver&firstResult=36:0
[ 8175273ms] [WARNING] The resource https://assets.basspro.com/image/upload/b_rgb:FFFFFF,c_pad,dpr_1.0,f_auto,h_375,q_auto,w_600/c_pad,h_375,w_600/v1/ProductImages/UsedGuns/usedgun_102039082_main?pgw=1 was preloaded using link preload but not used within a few seconds from the window's load event. Please make sure it has an appropriate `as` value and it is preloaded intentionally. @ https://www.cabelas.com/l/used-centerfire-pistol#sortCriteria=%40offerprice%20ascending&f-action=Revolver&firstResult=36:0
[ 8235453ms] [WARNING] The resource https://assets.basspro.com/image/upload/b_rgb:FFFFFF,c_pad,dpr_1.0,f_auto,h_375,q_auto,w_600/c_pad,h_375,w_600/v1/ProductImages/UsedGuns/usedgun_102043796_main?pgw=1 was preloaded using link preload but not used within a few seconds from the window's load event. Please make sure it has an appropriate `as` value and it is preloaded intentionally. @ https://www.cabelas.com/l/used-centerfire-pistol#sortCriteria=%40offerprice%20ascending&f-action=Revolver&firstResult=36:0
[ 8235453ms] [WARNING] The resource https://assets.basspro.com/image/upload/b_rgb:FFFFFF,c_pad,dpr_1.0,f_auto,h_375,q_auto,w_600/c_pad,h_375,w_600/v1/ProductImages/UsedGuns/usedgun_102021463_main?pgw=1 was preloaded using link preload but not used within a few seconds from the window's load event. Please make sure it has an appropriate `as` value and it is preloaded intentionally. @ https://www.cabelas.com/l/used-centerfire-pistol#sortCriteria=%40offerprice%20ascending&f-action=Revolver&firstResult=36:0
[ 8235453ms] [WARNING] The resource https://assets.basspro.com/image/upload/b_rgb:FFFFFF,c_pad,dpr_1.0,f_auto,h_375,q_auto,w_600/c_pad,h_375,w_600/v1/ProductImages/UsedGuns/usedgun_102044626_main?pgw=1 was preloaded using link preload but not used within a few seconds from the window's load event. Please make sure it has an appropriate `as` value and it is preloaded intentionally. @ https://www.cabelas.com/l/used-centerfire-pistol#sortCriteria=%40offerprice%20ascending&f-action=Revolver&firstResult=36:0
[ 8235453ms] [WARNING] The resource https://assets.basspro.com/image/upload/b_rgb:FFFFFF,c_pad,dpr_1.0,f_auto,h_375,q_auto,w_600/c_pad,h_375,w_600/v1/ProductImages/UsedGuns/usedgun_102039082_main?pgw=1 was preloaded using link preload but not used within a few seconds from the window's load event. Please make sure it has an appropriate `as` value and it is preloaded intentionally. @ https://www.cabelas.com/l/used-centerfire-pistol#sortCriteria=%40offerprice%20ascending&f-action=Revolver&firstResult=36:0
[ 8295549ms] [WARNING] The resource https://assets.basspro.com/image/upload/b_rgb:FFFFFF,c_pad,dpr_1.0,f_auto,h_375,q_auto,w_600/c_pad,h_375,w_600/v1/ProductImages/UsedGuns/usedgun_102043796_main?pgw=1 was preloaded using link preload but not used within a few seconds from the window's load event. Please make sure it has an appropriate `as` value and it is preloaded intentionally. @ https://www.cabelas.com/l/used-centerfire-pistol#sortCriteria=%40offerprice%20ascending&f-action=Revolver&firstResult=36:0
[ 8295549ms] [WARNING] The resource https://assets.basspro.com/image/upload/b_rgb:FFFFFF,c_pad,dpr_1.0,f_auto,h_375,q_auto,w_600/c_pad,h_375,w_600/v1/ProductImages/UsedGuns/usedgun_102021463_main?pgw=1 was preloaded using link preload but not used within a few seconds from the window's load event. Please make sure it has an appropriate `as` value and it is preloaded intentionally. @ https://www.cabelas.com/l/used-centerfire-pistol#sortCriteria=%40offerprice%20ascending&f-action=Revolver&firstResult=36:0
[ 8295549ms] [WARNING] The resource https://assets.basspro.com/image/upload/b_rgb:FFFFFF,c_pad,dpr_1.0,f_auto,h_375,q_auto,w_600/c_pad,h_375,w_600/v1/ProductImages/UsedGuns/usedgun_102044626_main?pgw=1 was preloaded using link preload but not used within a few seconds from the window's load event. Please make sure it has an appropriate `as` value and it is preloaded intentionally. @ https://www.cabelas.com/l/used-centerfire-pistol#sortCriteria=%40offerprice%20ascending&f-action=Revolver&firstResult=36:0
[ 8295549ms] [WARNING] The resource https://assets.basspro.com/image/upload/b_rgb:FFFFFF,c_pad,dpr_1.0,f_auto,h_375,q_auto,w_600/c_pad,h_375,w_600/v1/ProductImages/UsedGuns/usedgun_102039082_main?pgw=1 was preloaded using link preload but not used within a few seconds from the window's load event. Please make sure it has an appropriate `as` value and it is preloaded intentionally. @ https://www.cabelas.com/l/used-centerfire-pistol#sortCriteria=%40offerprice%20ascending&f-action=Revolver&firstResult=36:0
[ 8348657ms] [WARNING] The resource https://assets.basspro.com/image/upload/b_rgb:FFFFFF,c_pad,dpr_1.0,f_auto,h_375,q_auto,w_600/c_pad,h_375,w_600/v1/ProductImages/UsedGuns/usedgun_102043796_main?pgw=1 was preloaded using link preload but not used within a few seconds from the window's load event. Please make sure it has an appropriate `as` value and it is preloaded intentionally. @ https://www.cabelas.com/l/used-centerfire-pistol#sortCriteria=%40offerprice%20ascending&f-action=Revolver&firstResult=36:0
[ 8348657ms] [WARNING] The resource https://assets.basspro.com/image/upload/b_rgb:FFFFFF,c_pad,dpr_1.0,f_auto,h_375,q_auto,w_600/c_pad,h_375,w_600/v1/ProductImages/UsedGuns/usedgun_102021463_main?pgw=1 was preloaded using link preload but not used within a few seconds from the window's load event. Please make sure it has an appropriate `as` value and it is preloaded intentionally. @ https://www.cabelas.com/l/used-centerfire-pistol#sortCriteria=%40offerprice%20ascending&f-action=Revolver&firstResult=36:0
[ 8348657ms] [WARNING] The resource https://assets.basspro.com/image/upload/b_rgb:FFFFFF,c_pad,dpr_1.0,f_auto,h_375,q_auto,w_600/c_pad,h_375,w_600/v1/ProductImages/UsedGuns/usedgun_102044626_main?pgw=1 was preloaded using link preload but not used within a few seconds from the window's load event. Please make sure it has an appropriate `as` value and it is preloaded intentionally. @ https://www.cabelas.com/l/used-centerfire-pistol#sortCriteria=%40offerprice%20ascending&f-action=Revolver&firstResult=36:0
[ 8348657ms] [WARNING] The resource https://assets.basspro.com/image/upload/b_rgb:FFFFFF,c_pad,dpr_1.0,f_auto,h_375,q_auto,w_600/c_pad,h_375,w_600/v1/ProductImages/UsedGuns/usedgun_102039082_main?pgw=1 was preloaded using link preload but not used within a few seconds from the window's load event. Please make sure it has an appropriate `as` value and it is preloaded intentionally. @ https://www.cabelas.com/l/used-centerfire-pistol#sortCriteria=%40offerprice%20ascending&f-action=Revolver&firstResult=36:0
[ 8636107ms] [WARNING] The resource https://assets.basspro.com/image/upload/b_rgb:FFFFFF,c_pad,dpr_1.0,f_auto,h_375,q_auto,w_600/c_pad,h_375,w_600/v1/ProductImages/UsedGuns/usedgun_102043796_main?pgw=1 was preloaded using link preload but not used within a few seconds from the window's load event. Please make sure it has an appropriate `as` value and it is preloaded intentionally. @ https://www.cabelas.com/l/used-centerfire-pistol#sortCriteria=%40offerprice%20ascending&f-action=Revolver&firstResult=36:0
[ 8636107ms] [WARNING] The resource https://assets.basspro.com/image/upload/b_rgb:FFFFFF,c_pad,dpr_1.0,f_auto,h_375,q_auto,w_600/c_pad,h_375,w_600/v1/ProductImages/UsedGuns/usedgun_102021463_main?pgw=1 was preloaded using link preload but not used within a few seconds from the window's load event. Please make sure it has an appropriate `as` value and it is preloaded intentionally. @ https://www.cabelas.com/l/used-centerfire-pistol#sortCriteria=%40offerprice%20ascending&f-action=Revolver&firstResult=36:0
[ 8636108ms] [WARNING] The resource https://assets.basspro.com/image/upload/b_rgb:FFFFFF,c_pad,dpr_1.0,f_auto,h_375,q_auto,w_600/c_pad,h_375,w_600/v1/ProductImages/UsedGuns/usedgun_102044626_main?pgw=1 was preloaded using link preload but not used within a few seconds from the window's load event. Please make sure it has an appropriate `as` value and it is preloaded intentionally. @ https://www.cabelas.com/l/used-centerfire-pistol#sortCriteria=%40offerprice%20ascending&f-action=Revolver&firstResult=36:0
[ 8636108ms] [WARNING] The resource https://assets.basspro.com/image/upload/b_rgb:FFFFFF,c_pad,dpr_1.0,f_auto,h_375,q_auto,w_600/c_pad,h_375,w_600/v1/ProductImages/UsedGuns/usedgun_102039082_main?pgw=1 was preloaded using link preload but not used within a few seconds from the window's load event. Please make sure it has an appropriate `as` value and it is preloaded intentionally. @ https://www.cabelas.com/l/used-centerfire-pistol#sortCriteria=%40offerprice%20ascending&f-action=Revolver&firstResult=36:0
[ 8892747ms] [WARNING] The resource https://assets.basspro.com/image/upload/b_rgb:FFFFFF,c_pad,dpr_1.0,f_auto,h_375,q_auto,w_600/c_pad,h_375,w_600/v1/ProductImages/UsedGuns/usedgun_102043796_main?pgw=1 was preloaded using link preload but not used within a few seconds from the window's load event. Please make sure it has an appropriate `as` value and it is preloaded intentionally. @ https://www.cabelas.com/l/used-centerfire-pistol#sortCriteria=%40offerprice%20ascending&f-action=Revolver&firstResult=36:0
[ 8892747ms] [WARNING] The resource https://assets.basspro.com/image/upload/b_rgb:FFFFFF,c_pad,dpr_1.0,f_auto,h_375,q_auto,w_600/c_pad,h_375,w_600/v1/ProductImages/UsedGuns/usedgun_102021463_main?pgw=1 was preloaded using link preload but not used within a few seconds from the window's load event. Please make sure it has an appropriate `as` value and it is preloaded intentionally. @ https://www.cabelas.com/l/used-centerfire-pistol#sortCriteria=%40offerprice%20ascending&f-action=Revolver&firstResult=36:0
[ 8892747ms] [WARNING] The resource https://assets.basspro.com/image/upload/b_rgb:FFFFFF,c_pad,dpr_1.0,f_auto,h_375,q_auto,w_600/c_pad,h_375,w_600/v1/ProductImages/UsedGuns/usedgun_102044626_main?pgw=1 was preloaded using link preload but not used within a few seconds from the window's load event. Please make sure it has an appropriate `as` value and it is preloaded intentionally. @ https://www.cabelas.com/l/used-centerfire-pistol#sortCriteria=%40offerprice%20ascending&f-action=Revolver&firstResult=36:0
[ 8892747ms] [WARNING] The resource https://assets.basspro.com/image/upload/b_rgb:FFFFFF,c_pad,dpr_1.0,f_auto,h_375,q_auto,w_600/c_pad,h_375,w_600/v1/ProductImages/UsedGuns/usedgun_102039082_main?pgw=1 was preloaded using link preload but not used within a few seconds from the window's load event. Please make sure it has an appropriate `as` value and it is preloaded intentionally. @ https://www.cabelas.com/l/used-centerfire-pistol#sortCriteria=%40offerprice%20ascending&f-action=Revolver&firstResult=36:0
[ 9032506ms] [ERROR] Failed to load resource: net::ERR_NETWORK_CHANGED @ https://www.cabelas.com/I7L9GsVuAd/cx/8nRV32KT/pNDuG45mc7i9/dVJSDWIB/Ujt-L2g/4TiQs:0
[ 9032596ms] [ERROR] Failed to load resource: net::ERR_NETWORK_CHANGED @ https://ingest.quantummetric.com/horizon/basspro?T=B&u=https%3A%2F%2Fwww.cabelas.com%2Fl%2Fused-centerfire-pistol%23sortCriteria%3D%2540offerprice%2520ascending%26f-action%3DRevolver%26firstResult%3D36&t=1778382423293&v=1778389269738&H=57f6ff69526a2b3fb49414ac&s=f6e5d9337a636a697f996291eb654c77&Q=1&Y=1&X=f891b07103cb47389d09820358e05a87&S=2911606&b=12524&z=1:0
[ 9037529ms] [WARNING] The resource https://assets.basspro.com/image/upload/b_rgb:FFFFFF,c_pad,dpr_1.0,f_auto,h_375,q_auto,w_600/c_pad,h_375,w_600/v1/ProductImages/UsedGuns/usedgun_102043796_main?pgw=1 was preloaded using link preload but not used within a few seconds from the window's load event. Please make sure it has an appropriate `as` value and it is preloaded intentionally. @ https://www.cabelas.com/l/used-centerfire-pistol#sortCriteria=%40offerprice%20ascending&f-action=Revolver&firstResult=36:0
[ 9037529ms] [WARNING] The resource https://assets.basspro.com/image/upload/b_rgb:FFFFFF,c_pad,dpr_1.0,f_auto,h_375,q_auto,w_600/c_pad,h_375,w_600/v1/ProductImages/UsedGuns/usedgun_102021463_main?pgw=1 was preloaded using link preload but not used within a few seconds from the window's load event. Please make sure it has an appropriate `as` value and it is preloaded intentionally. @ https://www.cabelas.com/l/used-centerfire-pistol#sortCriteria=%40offerprice%20ascending&f-action=Revolver&firstResult=36:0
[ 9037529ms] [WARNING] The resource https://assets.basspro.com/image/upload/b_rgb:FFFFFF,c_pad,dpr_1.0,f_auto,h_375,q_auto,w_600/c_pad,h_375,w_600/v1/ProductImages/UsedGuns/usedgun_102044626_main?pgw=1 was preloaded using link preload but not used within a few seconds from the window's load event. Please make sure it has an appropriate `as` value and it is preloaded intentionally. @ https://www.cabelas.com/l/used-centerfire-pistol#sortCriteria=%40offerprice%20ascending&f-action=Revolver&firstResult=36:0
[ 9037530ms] [WARNING] The resource https://assets.basspro.com/image/upload/b_rgb:FFFFFF,c_pad,dpr_1.0,f_auto,h_375,q_auto,w_600/c_pad,h_375,w_600/v1/ProductImages/UsedGuns/usedgun_102039082_main?pgw=1 was preloaded using link preload but not used within a few seconds from the window's load event. Please make sure it has an appropriate `as` value and it is preloaded intentionally. @ https://www.cabelas.com/l/used-centerfire-pistol#sortCriteria=%40offerprice%20ascending&f-action=Revolver&firstResult=36:0
[ 9061526ms] [WARNING] The resource https://assets.basspro.com/image/upload/b_rgb:FFFFFF,c_pad,dpr_1.0,f_auto,h_375,q_auto,w_600/c_pad,h_375,w_600/v1/ProductImages/UsedGuns/usedgun_102043796_main?pgw=1 was preloaded using link preload but not used within a few seconds from the window's load event. Please make sure it has an appropriate `as` value and it is preloaded intentionally. @ https://www.cabelas.com/l/used-centerfire-pistol#sortCriteria=%40offerprice%20ascending&f-action=Revolver&firstResult=36:0
[ 9061526ms] [WARNING] The resource https://assets.basspro.com/image/upload/b_rgb:FFFFFF,c_pad,dpr_1.0,f_auto,h_375,q_auto,w_600/c_pad,h_375,w_600/v1/ProductImages/UsedGuns/usedgun_102021463_main?pgw=1 was preloaded using link preload but not used within a few seconds from the window's load event. Please make sure it has an appropriate `as` value and it is preloaded intentionally. @ https://www.cabelas.com/l/used-centerfire-pistol#sortCriteria=%40offerprice%20ascending&f-action=Revolver&firstResult=36:0
[ 9061526ms] [WARNING] The resource https://assets.basspro.com/image/upload/b_rgb:FFFFFF,c_pad,dpr_1.0,f_auto,h_375,q_auto,w_600/c_pad,h_375,w_600/v1/ProductImages/UsedGuns/usedgun_102044626_main?pgw=1 was preloaded using link preload but not used within a few seconds from the window's load event. Please make sure it has an appropriate `as` value and it is preloaded intentionally. @ https://www.cabelas.com/l/used-centerfire-pistol#sortCriteria=%40offerprice%20ascending&f-action=Revolver&firstResult=36:0
[ 9061526ms] [WARNING] The resource https://assets.basspro.com/image/upload/b_rgb:FFFFFF,c_pad,dpr_1.0,f_auto,h_375,q_auto,w_600/c_pad,h_375,w_600/v1/ProductImages/UsedGuns/usedgun_102039082_main?pgw=1 was preloaded using link preload but not used within a few seconds from the window's load event. Please make sure it has an appropriate `as` value and it is preloaded intentionally. @ https://www.cabelas.com/l/used-centerfire-pistol#sortCriteria=%40offerprice%20ascending&f-action=Revolver&firstResult=36:0
[ 9204408ms] [WARNING] The resource https://assets.basspro.com/image/upload/b_rgb:FFFFFF,c_pad,dpr_1.0,f_auto,h_375,q_auto,w_600/c_pad,h_375,w_600/v1/ProductImages/UsedGuns/usedgun_102043796_main?pgw=1 was preloaded using link preload but not used within a few seconds from the window's load event. Please make sure it has an appropriate `as` value and it is preloaded intentionally. @ https://www.cabelas.com/l/used-centerfire-pistol#sortCriteria=%40offerprice%20ascending&f-action=Revolver&firstResult=36:0
[ 9204409ms] [WARNING] The resource https://assets.basspro.com/image/upload/b_rgb:FFFFFF,c_pad,dpr_1.0,f_auto,h_375,q_auto,w_600/c_pad,h_375,w_600/v1/ProductImages/UsedGuns/usedgun_102021463_main?pgw=1 was preloaded using link preload but not used within a few seconds from the window's load event. Please make sure it has an appropriate `as` value and it is preloaded intentionally. @ https://www.cabelas.com/l/used-centerfire-pistol#sortCriteria=%40offerprice%20ascending&f-action=Revolver&firstResult=36:0
[ 9204409ms] [WARNING] The resource https://assets.basspro.com/image/upload/b_rgb:FFFFFF,c_pad,dpr_1.0,f_auto,h_375,q_auto,w_600/c_pad,h_375,w_600/v1/ProductImages/UsedGuns/usedgun_102044626_main?pgw=1 was preloaded using link preload but not used within a few seconds from the window's load event. Please make sure it has an appropriate `as` value and it is preloaded intentionally. @ https://www.cabelas.com/l/used-centerfire-pistol#sortCriteria=%40offerprice%20ascending&f-action=Revolver&firstResult=36:0
[ 9204409ms] [WARNING] The resource https://assets.basspro.com/image/upload/b_rgb:FFFFFF,c_pad,dpr_1.0,f_auto,h_375,q_auto,w_600/c_pad,h_375,w_600/v1/ProductImages/UsedGuns/usedgun_102039082_main?pgw=1 was preloaded using link preload but not used within a few seconds from the window's load event. Please make sure it has an appropriate `as` value and it is preloaded intentionally. @ https://www.cabelas.com/l/used-centerfire-pistol#sortCriteria=%40offerprice%20ascending&f-action=Revolver&firstResult=36:0
[ 9228167ms] [WARNING] The resource https://assets.basspro.com/image/upload/b_rgb:FFFFFF,c_pad,dpr_1.0,f_auto,h_375,q_auto,w_600/c_pad,h_375,w_600/v1/ProductImages/UsedGuns/usedgun_102043796_main?pgw=1 was preloaded using link preload but not used within a few seconds from the window's load event. Please make sure it has an appropriate `as` value and it is preloaded intentionally. @ https://www.cabelas.com/l/used-centerfire-pistol#sortCriteria=%40offerprice%20ascending&f-action=Revolver&firstResult=36:0
[ 9228168ms] [WARNING] The resource https://assets.basspro.com/image/upload/b_rgb:FFFFFF,c_pad,dpr_1.0,f_auto,h_375,q_auto,w_600/c_pad,h_375,w_600/v1/ProductImages/UsedGuns/usedgun_102021463_main?pgw=1 was preloaded using link preload but not used within a few seconds from the window's load event. Please make sure it has an appropriate `as` value and it is preloaded intentionally. @ https://www.cabelas.com/l/used-centerfire-pistol#sortCriteria=%40offerprice%20ascending&f-action=Revolver&firstResult=36:0
[ 9228168ms] [WARNING] The resource https://assets.basspro.com/image/upload/b_rgb:FFFFFF,c_pad,dpr_1.0,f_auto,h_375,q_auto,w_600/c_pad,h_375,w_600/v1/ProductImages/UsedGuns/usedgun_102044626_main?pgw=1 was preloaded using link preload but not used within a few seconds from the window's load event. Please make sure it has an appropriate `as` value and it is preloaded intentionally. @ https://www.cabelas.com/l/used-centerfire-pistol#sortCriteria=%40offerprice%20ascending&f-action=Revolver&firstResult=36:0
[ 9228168ms] [WARNING] The resource https://assets.basspro.com/image/upload/b_rgb:FFFFFF,c_pad,dpr_1.0,f_auto,h_375,q_auto,w_600/c_pad,h_375,w_600/v1/ProductImages/UsedGuns/usedgun_102039082_main?pgw=1 was preloaded using link preload but not used within a few seconds from the window's load event. Please make sure it has an appropriate `as` value and it is preloaded intentionally. @ https://www.cabelas.com/l/used-centerfire-pistol#sortCriteria=%40offerprice%20ascending&f-action=Revolver&firstResult=36:0
[ 9263931ms] [WARNING] The resource https://assets.basspro.com/image/upload/b_rgb:FFFFFF,c_pad,dpr_1.0,f_auto,h_375,q_auto,w_600/c_pad,h_375,w_600/v1/ProductImages/UsedGuns/usedgun_102043796_main?pgw=1 was preloaded using link preload but not used within a few seconds from the window's load event. Please make sure it has an appropriate `as` value and it is preloaded intentionally. @ https://www.cabelas.com/l/used-centerfire-pistol#sortCriteria=%40offerprice%20ascending&f-action=Revolver&firstResult=36:0
[ 9263931ms] [WARNING] The resource https://assets.basspro.com/image/upload/b_rgb:FFFFFF,c_pad,dpr_1.0,f_auto,h_375,q_auto,w_600/c_pad,h_375,w_600/v1/ProductImages/UsedGuns/usedgun_102021463_main?pgw=1 was preloaded using link preload but not used within a few seconds from the window's load event. Please make sure it has an appropriate `as` value and it is preloaded intentionally. @ https://www.cabelas.com/l/used-centerfire-pistol#sortCriteria=%40offerprice%20ascending&f-action=Revolver&firstResult=36:0
[ 9263931ms] [WARNING] The resource https://assets.basspro.com/image/upload/b_rgb:FFFFFF,c_pad,dpr_1.0,f_auto,h_375,q_auto,w_600/c_pad,h_375,w_600/v1/ProductImages/UsedGuns/usedgun_102044626_main?pgw=1 was preloaded using link preload but not used within a few seconds from the window's load event. Please make sure it has an appropriate `as` value and it is preloaded intentionally. @ https://www.cabelas.com/l/used-centerfire-pistol#sortCriteria=%40offerprice%20ascending&f-action=Revolver&firstResult=36:0
[ 9263931ms] [WARNING] The resource https://assets.basspro.com/image/upload/b_rgb:FFFFFF,c_pad,dpr_1.0,f_auto,h_375,q_auto,w_600/c_pad,h_375,w_600/v1/ProductImages/UsedGuns/usedgun_102039082_main?pgw=1 was preloaded using link preload but not used within a few seconds from the window's load event. Please make sure it has an appropriate `as` value and it is preloaded intentionally. @ https://www.cabelas.com/l/used-centerfire-pistol#sortCriteria=%40offerprice%20ascending&f-action=Revolver&firstResult=36:0
[ 9376379ms] [WARNING] The resource https://assets.basspro.com/image/upload/b_rgb:FFFFFF,c_pad,dpr_1.0,f_auto,h_375,q_auto,w_600/c_pad,h_375,w_600/v1/ProductImages/UsedGuns/usedgun_102043796_main?pgw=1 was preloaded using link preload but not used within a few seconds from the window's load event. Please make sure it has an appropriate `as` value and it is preloaded intentionally. @ https://www.cabelas.com/l/used-centerfire-pistol#sortCriteria=%40offerprice%20ascending&f-action=Revolver&firstResult=36:0
[ 9376379ms] [WARNING] The resource https://assets.basspro.com/image/upload/b_rgb:FFFFFF,c_pad,dpr_1.0,f_auto,h_375,q_auto,w_600/c_pad,h_375,w_600/v1/ProductImages/UsedGuns/usedgun_102021463_main?pgw=1 was preloaded using link preload but not used within a few seconds from the window's load event. Please make sure it has an appropriate `as` value and it is preloaded intentionally. @ https://www.cabelas.com/l/used-centerfire-pistol#sortCriteria=%40offerprice%20ascending&f-action=Revolver&firstResult=36:0
[ 9376379ms] [WARNING] The resource https://assets.basspro.com/image/upload/b_rgb:FFFFFF,c_pad,dpr_1.0,f_auto,h_375,q_auto,w_600/c_pad,h_375,w_600/v1/ProductImages/UsedGuns/usedgun_102044626_main?pgw=1 was preloaded using link preload but not used within a few seconds from the window's load event. Please make sure it has an appropriate `as` value and it is preloaded intentionally. @ https://www.cabelas.com/l/used-centerfire-pistol#sortCriteria=%40offerprice%20ascending&f-action=Revolver&firstResult=36:0
[ 9376379ms] [WARNING] The resource https://assets.basspro.com/image/upload/b_rgb:FFFFFF,c_pad,dpr_1.0,f_auto,h_375,q_auto,w_600/c_pad,h_375,w_600/v1/ProductImages/UsedGuns/usedgun_102039082_main?pgw=1 was preloaded using link preload but not used within a few seconds from the window's load event. Please make sure it has an appropriate `as` value and it is preloaded intentionally. @ https://www.cabelas.com/l/used-centerfire-pistol#sortCriteria=%40offerprice%20ascending&f-action=Revolver&firstResult=36:0
[ 9384869ms] [WARNING] The resource https://assets.basspro.com/image/upload/b_rgb:FFFFFF,c_pad,dpr_1.0,f_auto,h_375,q_auto,w_600/c_pad,h_375,w_600/v1/ProductImages/UsedGuns/usedgun_102043796_main?pgw=1 was preloaded using link preload but not used within a few seconds from the window's load event. Please make sure it has an appropriate `as` value and it is preloaded intentionally. @ https://www.cabelas.com/l/used-centerfire-pistol#sortCriteria=%40offerprice%20ascending&f-action=Revolver&firstResult=36:0
[ 9384869ms] [WARNING] The resource https://assets.basspro.com/image/upload/b_rgb:FFFFFF,c_pad,dpr_1.0,f_auto,h_375,q_auto,w_600/c_pad,h_375,w_600/v1/ProductImages/UsedGuns/usedgun_102021463_main?pgw=1 was preloaded using link preload but not used within a few seconds from the window's load event. Please make sure it has an appropriate `as` value and it is preloaded intentionally. @ https://www.cabelas.com/l/used-centerfire-pistol#sortCriteria=%40offerprice%20ascending&f-action=Revolver&firstResult=36:0
[ 9384869ms] [WARNING] The resource https://assets.basspro.com/image/upload/b_rgb:FFFFFF,c_pad,dpr_1.0,f_auto,h_375,q_auto,w_600/c_pad,h_375,w_600/v1/ProductImages/UsedGuns/usedgun_102044626_main?pgw=1 was preloaded using link preload but not used within a few seconds from the window's load event. Please make sure it has an appropriate `as` value and it is preloaded intentionally. @ https://www.cabelas.com/l/used-centerfire-pistol#sortCriteria=%40offerprice%20ascending&f-action=Revolver&firstResult=36:0
[ 9384869ms] [WARNING] The resource https://assets.basspro.com/image/upload/b_rgb:FFFFFF,c_pad,dpr_1.0,f_auto,h_375,q_auto,w_600/c_pad,h_375,w_600/v1/ProductImages/UsedGuns/usedgun_102039082_main?pgw=1 was preloaded using link preload but not used within a few seconds from the window's load event. Please make sure it has an appropriate `as` value and it is preloaded intentionally. @ https://www.cabelas.com/l/used-centerfire-pistol#sortCriteria=%40offerprice%20ascending&f-action=Revolver&firstResult=36:0
[ 9470288ms] [WARNING] The resource https://assets.basspro.com/image/upload/b_rgb:FFFFFF,c_pad,dpr_1.0,f_auto,h_375,q_auto,w_600/c_pad,h_375,w_600/v1/ProductImages/UsedGuns/usedgun_102043796_main?pgw=1 was preloaded using link preload but not used within a few seconds from the window's load event. Please make sure it has an appropriate `as` value and it is preloaded intentionally. @ https://www.cabelas.com/l/used-centerfire-pistol#sortCriteria=%40offerprice%20ascending&f-action=Revolver&firstResult=36:0
[ 9470288ms] [WARNING] The resource https://assets.basspro.com/image/upload/b_rgb:FFFFFF,c_pad,dpr_1.0,f_auto,h_375,q_auto,w_600/c_pad,h_375,w_600/v1/ProductImages/UsedGuns/usedgun_102021463_main?pgw=1 was preloaded using link preload but not used within a few seconds from the window's load event. Please make sure it has an appropriate `as` value and it is preloaded intentionally. @ https://www.cabelas.com/l/used-centerfire-pistol#sortCriteria=%40offerprice%20ascending&f-action=Revolver&firstResult=36:0
[ 9470288ms] [WARNING] The resource https://assets.basspro.com/image/upload/b_rgb:FFFFFF,c_pad,dpr_1.0,f_auto,h_375,q_auto,w_600/c_pad,h_375,w_600/v1/ProductImages/UsedGuns/usedgun_102044626_main?pgw=1 was preloaded using link preload but not used within a few seconds from the window's load event. Please make sure it has an appropriate `as` value and it is preloaded intentionally. @ https://www.cabelas.com/l/used-centerfire-pistol#sortCriteria=%40offerprice%20ascending&f-action=Revolver&firstResult=36:0
[ 9470289ms] [WARNING] The resource https://assets.basspro.com/image/upload/b_rgb:FFFFFF,c_pad,dpr_1.0,f_auto,h_375,q_auto,w_600/c_pad,h_375,w_600/v1/ProductImages/UsedGuns/usedgun_102039082_main?pgw=1 was preloaded using link preload but not used within a few seconds from the window's load event. Please make sure it has an appropriate `as` value and it is preloaded intentionally. @ https://www.cabelas.com/l/used-centerfire-pistol#sortCriteria=%40offerprice%20ascending&f-action=Revolver&firstResult=36:0
[ 9531513ms] [WARNING] The resource https://assets.basspro.com/image/upload/b_rgb:FFFFFF,c_pad,dpr_1.0,f_auto,h_375,q_auto,w_600/c_pad,h_375,w_600/v1/ProductImages/UsedGuns/usedgun_102043796_main?pgw=1 was preloaded using link preload but not used within a few seconds from the window's load event. Please make sure it has an appropriate `as` value and it is preloaded intentionally. @ https://www.cabelas.com/l/used-centerfire-pistol#sortCriteria=%40offerprice%20ascending&f-action=Revolver&firstResult=36:0
[ 9531513ms] [WARNING] The resource https://assets.basspro.com/image/upload/b_rgb:FFFFFF,c_pad,dpr_1.0,f_auto,h_375,q_auto,w_600/c_pad,h_375,w_600/v1/ProductImages/UsedGuns/usedgun_102021463_main?pgw=1 was preloaded using link preload but not used within a few seconds from the window's load event. Please make sure it has an appropriate `as` value and it is preloaded intentionally. @ https://www.cabelas.com/l/used-centerfire-pistol#sortCriteria=%40offerprice%20ascending&f-action=Revolver&firstResult=36:0
[ 9531513ms] [WARNING] The resource https://assets.basspro.com/image/upload/b_rgb:FFFFFF,c_pad,dpr_1.0,f_auto,h_375,q_auto,w_600/c_pad,h_375,w_600/v1/ProductImages/UsedGuns/usedgun_102044626_main?pgw=1 was preloaded using link preload but not used within a few seconds from the window's load event. Please make sure it has an appropriate `as` value and it is preloaded intentionally. @ https://www.cabelas.com/l/used-centerfire-pistol#sortCriteria=%40offerprice%20ascending&f-action=Revolver&firstResult=36:0
[ 9531513ms] [WARNING] The resource https://assets.basspro.com/image/upload/b_rgb:FFFFFF,c_pad,dpr_1.0,f_auto,h_375,q_auto,w_600/c_pad,h_375,w_600/v1/ProductImages/UsedGuns/usedgun_102039082_main?pgw=1 was preloaded using link preload but not used within a few seconds from the window's load event. Please make sure it has an appropriate `as` value and it is preloaded intentionally. @ https://www.cabelas.com/l/used-centerfire-pistol#sortCriteria=%40offerprice%20ascending&f-action=Revolver&firstResult=36:0
[ 9564109ms] [WARNING] The resource https://assets.basspro.com/image/upload/b_rgb:FFFFFF,c_pad,dpr_1.0,f_auto,h_375,q_auto,w_600/c_pad,h_375,w_600/v1/ProductImages/UsedGuns/usedgun_102043796_main?pgw=1 was preloaded using link preload but not used within a few seconds from the window's load event. Please make sure it has an appropriate `as` value and it is preloaded intentionally. @ https://www.cabelas.com/l/used-centerfire-pistol#sortCriteria=%40offerprice%20ascending&f-action=Revolver&firstResult=36:0
[ 9564109ms] [WARNING] The resource https://assets.basspro.com/image/upload/b_rgb:FFFFFF,c_pad,dpr_1.0,f_auto,h_375,q_auto,w_600/c_pad,h_375,w_600/v1/ProductImages/UsedGuns/usedgun_102021463_main?pgw=1 was preloaded using link preload but not used within a few seconds from the window's load event. Please make sure it has an appropriate `as` value and it is preloaded intentionally. @ https://www.cabelas.com/l/used-centerfire-pistol#sortCriteria=%40offerprice%20ascending&f-action=Revolver&firstResult=36:0
[ 9564109ms] [WARNING] The resource https://assets.basspro.com/image/upload/b_rgb:FFFFFF,c_pad,dpr_1.0,f_auto,h_375,q_auto,w_600/c_pad,h_375,w_600/v1/ProductImages/UsedGuns/usedgun_102044626_main?pgw=1 was preloaded using link preload but not used within a few seconds from the window's load event. Please make sure it has an appropriate `as` value and it is preloaded intentionally. @ https://www.cabelas.com/l/used-centerfire-pistol#sortCriteria=%40offerprice%20ascending&f-action=Revolver&firstResult=36:0
[ 9564109ms] [WARNING] The resource https://assets.basspro.com/image/upload/b_rgb:FFFFFF,c_pad,dpr_1.0,f_auto,h_375,q_auto,w_600/c_pad,h_375,w_600/v1/ProductImages/UsedGuns/usedgun_102039082_main?pgw=1 was preloaded using link preload but not used within a few seconds from the window's load event. Please make sure it has an appropriate `as` value and it is preloaded intentionally. @ https://www.cabelas.com/l/used-centerfire-pistol#sortCriteria=%40offerprice%20ascending&f-action=Revolver&firstResult=36:0
[ 9585337ms] [WARNING] The resource https://assets.basspro.com/image/upload/b_rgb:FFFFFF,c_pad,dpr_1.0,f_auto,h_375,q_auto,w_600/c_pad,h_375,w_600/v1/ProductImages/UsedGuns/usedgun_102043796_main?pgw=1 was preloaded using link preload but not used within a few seconds from the window's load event. Please make sure it has an appropriate `as` value and it is preloaded intentionally. @ https://www.cabelas.com/l/used-centerfire-pistol#sortCriteria=%40offerprice%20ascending&f-action=Revolver&firstResult=36:0
[ 9585337ms] [WARNING] The resource https://assets.basspro.com/image/upload/b_rgb:FFFFFF,c_pad,dpr_1.0,f_auto,h_375,q_auto,w_600/c_pad,h_375,w_600/v1/ProductImages/UsedGuns/usedgun_102021463_main?pgw=1 was preloaded using link preload but not used within a few seconds from the window's load event. Please make sure it has an appropriate `as` value and it is preloaded intentionally. @ https://www.cabelas.com/l/used-centerfire-pistol#sortCriteria=%40offerprice%20ascending&f-action=Revolver&firstResult=36:0
[ 9585337ms] [WARNING] The resource https://assets.basspro.com/image/upload/b_rgb:FFFFFF,c_pad,dpr_1.0,f_auto,h_375,q_auto,w_600/c_pad,h_375,w_600/v1/ProductImages/UsedGuns/usedgun_102044626_main?pgw=1 was preloaded using link preload but not used within a few seconds from the window's load event. Please make sure it has an appropriate `as` value and it is preloaded intentionally. @ https://www.cabelas.com/l/used-centerfire-pistol#sortCriteria=%40offerprice%20ascending&f-action=Revolver&firstResult=36:0
[ 9585337ms] [WARNING] The resource https://assets.basspro.com/image/upload/b_rgb:FFFFFF,c_pad,dpr_1.0,f_auto,h_375,q_auto,w_600/c_pad,h_375,w_600/v1/ProductImages/UsedGuns/usedgun_102039082_main?pgw=1 was preloaded using link preload but not used within a few seconds from the window's load event. Please make sure it has an appropriate `as` value and it is preloaded intentionally. @ https://www.cabelas.com/l/used-centerfire-pistol#sortCriteria=%40offerprice%20ascending&f-action=Revolver&firstResult=36:0
[ 9593135ms] [WARNING] The resource https://assets.basspro.com/image/upload/b_rgb:FFFFFF,c_pad,dpr_1.0,f_auto,h_375,q_auto,w_600/c_pad,h_375,w_600/v1/ProductImages/UsedGuns/usedgun_102043796_main?pgw=1 was preloaded using link preload but not used within a few seconds from the window's load event. Please make sure it has an appropriate `as` value and it is preloaded intentionally. @ https://www.cabelas.com/l/used-centerfire-pistol#sortCriteria=%40offerprice%20ascending&f-action=Revolver&firstResult=36:0
[ 9593135ms] [WARNING] The resource https://assets.basspro.com/image/upload/b_rgb:FFFFFF,c_pad,dpr_1.0,f_auto,h_375,q_auto,w_600/c_pad,h_375,w_600/v1/ProductImages/UsedGuns/usedgun_102021463_main?pgw=1 was preloaded using link preload but not used within a few seconds from the window's load event. Please make sure it has an appropriate `as` value and it is preloaded intentionally. @ https://www.cabelas.com/l/used-centerfire-pistol#sortCriteria=%40offerprice%20ascending&f-action=Revolver&firstResult=36:0
[ 9593135ms] [WARNING] The resource https://assets.basspro.com/image/upload/b_rgb:FFFFFF,c_pad,dpr_1.0,f_auto,h_375,q_auto,w_600/c_pad,h_375,w_600/v1/ProductImages/UsedGuns/usedgun_102044626_main?pgw=1 was preloaded using link preload but not used within a few seconds from the window's load event. Please make sure it has an appropriate `as` value and it is preloaded intentionally. @ https://www.cabelas.com/l/used-centerfire-pistol#sortCriteria=%40offerprice%20ascending&f-action=Revolver&firstResult=36:0
[ 9593135ms] [WARNING] The resource https://assets.basspro.com/image/upload/b_rgb:FFFFFF,c_pad,dpr_1.0,f_auto,h_375,q_auto,w_600/c_pad,h_375,w_600/v1/ProductImages/UsedGuns/usedgun_102039082_main?pgw=1 was preloaded using link preload but not used within a few seconds from the window's load event. Please make sure it has an appropriate `as` value and it is preloaded intentionally. @ https://www.cabelas.com/l/used-centerfire-pistol#sortCriteria=%40offerprice%20ascending&f-action=Revolver&firstResult=36:0
[ 9682286ms] [WARNING] The resource https://assets.basspro.com/image/upload/b_rgb:FFFFFF,c_pad,dpr_1.0,f_auto,h_375,q_auto,w_600/c_pad,h_375,w_600/v1/ProductImages/UsedGuns/usedgun_102043796_main?pgw=1 was preloaded using link preload but not used within a few seconds from the window's load event. Please make sure it has an appropriate `as` value and it is preloaded intentionally. @ https://www.cabelas.com/l/used-centerfire-pistol#sortCriteria=%40offerprice%20ascending&f-action=Revolver&firstResult=36:0
[ 9682287ms] [WARNING] The resource https://assets.basspro.com/image/upload/b_rgb:FFFFFF,c_pad,dpr_1.0,f_auto,h_375,q_auto,w_600/c_pad,h_375,w_600/v1/ProductImages/UsedGuns/usedgun_102021463_main?pgw=1 was preloaded using link preload but not used within a few seconds from the window's load event. Please make sure it has an appropriate `as` value and it is preloaded intentionally. @ https://www.cabelas.com/l/used-centerfire-pistol#sortCriteria=%40offerprice%20ascending&f-action=Revolver&firstResult=36:0
[ 9682287ms] [WARNING] The resource https://assets.basspro.com/image/upload/b_rgb:FFFFFF,c_pad,dpr_1.0,f_auto,h_375,q_auto,w_600/c_pad,h_375,w_600/v1/ProductImages/UsedGuns/usedgun_102044626_main?pgw=1 was preloaded using link preload but not used within a few seconds from the window's load event. Please make sure it has an appropriate `as` value and it is preloaded intentionally. @ https://www.cabelas.com/l/used-centerfire-pistol#sortCriteria=%40offerprice%20ascending&f-action=Revolver&firstResult=36:0
[ 9682287ms] [WARNING] The resource https://assets.basspro.com/image/upload/b_rgb:FFFFFF,c_pad,dpr_1.0,f_auto,h_375,q_auto,w_600/c_pad,h_375,w_600/v1/ProductImages/UsedGuns/usedgun_102039082_main?pgw=1 was preloaded using link preload but not used within a few seconds from the window's load event. Please make sure it has an appropriate `as` value and it is preloaded intentionally. @ https://www.cabelas.com/l/used-centerfire-pistol#sortCriteria=%40offerprice%20ascending&f-action=Revolver&firstResult=36:0
[ 9811948ms] [WARNING] The resource https://assets.basspro.com/image/upload/b_rgb:FFFFFF,c_pad,dpr_1.0,f_auto,h_375,q_auto,w_600/c_pad,h_375,w_600/v1/ProductImages/UsedGuns/usedgun_102043796_main?pgw=1 was preloaded using link preload but not used within a few seconds from the window's load event. Please make sure it has an appropriate `as` value and it is preloaded intentionally. @ https://www.cabelas.com/l/used-centerfire-pistol#sortCriteria=%40offerprice%20ascending&f-action=Revolver&firstResult=36:0
[ 9811948ms] [WARNING] The resource https://assets.basspro.com/image/upload/b_rgb:FFFFFF,c_pad,dpr_1.0,f_auto,h_375,q_auto,w_600/c_pad,h_375,w_600/v1/ProductImages/UsedGuns/usedgun_102021463_main?pgw=1 was preloaded using link preload but not used within a few seconds from the window's load event. Please make sure it has an appropriate `as` value and it is preloaded intentionally. @ https://www.cabelas.com/l/used-centerfire-pistol#sortCriteria=%40offerprice%20ascending&f-action=Revolver&firstResult=36:0
[ 9811948ms] [WARNING] The resource https://assets.basspro.com/image/upload/b_rgb:FFFFFF,c_pad,dpr_1.0,f_auto,h_375,q_auto,w_600/c_pad,h_375,w_600/v1/ProductImages/UsedGuns/usedgun_102044626_main?pgw=1 was preloaded using link preload but not used within a few seconds from the window's load event. Please make sure it has an appropriate `as` value and it is preloaded intentionally. @ https://www.cabelas.com/l/used-centerfire-pistol#sortCriteria=%40offerprice%20ascending&f-action=Revolver&firstResult=36:0
[ 9811948ms] [WARNING] The resource https://assets.basspro.com/image/upload/b_rgb:FFFFFF,c_pad,dpr_1.0,f_auto,h_375,q_auto,w_600/c_pad,h_375,w_600/v1/ProductImages/UsedGuns/usedgun_102039082_main?pgw=1 was preloaded using link preload but not used within a few seconds from the window's load event. Please make sure it has an appropriate `as` value and it is preloaded intentionally. @ https://www.cabelas.com/l/used-centerfire-pistol#sortCriteria=%40offerprice%20ascending&f-action=Revolver&firstResult=36:0
[ 9880526ms] [WARNING] The resource https://assets.basspro.com/image/upload/b_rgb:FFFFFF,c_pad,dpr_1.0,f_auto,h_375,q_auto,w_600/c_pad,h_375,w_600/v1/ProductImages/UsedGuns/usedgun_102043796_main?pgw=1 was preloaded using link preload but not used within a few seconds from the window's load event. Please make sure it has an appropriate `as` value and it is preloaded intentionally. @ https://www.cabelas.com/l/used-centerfire-pistol#sortCriteria=%40offerprice%20ascending&f-action=Revolver&firstResult=36:0
[ 9880527ms] [WARNING] The resource https://assets.basspro.com/image/upload/b_rgb:FFFFFF,c_pad,dpr_1.0,f_auto,h_375,q_auto,w_600/c_pad,h_375,w_600/v1/ProductImages/UsedGuns/usedgun_102021463_main?pgw=1 was preloaded using link preload but not used within a few seconds from the window's load event. Please make sure it has an appropriate `as` value and it is preloaded intentionally. @ https://www.cabelas.com/l/used-centerfire-pistol#sortCriteria=%40offerprice%20ascending&f-action=Revolver&firstResult=36:0
[ 9880527ms] [WARNING] The resource https://assets.basspro.com/image/upload/b_rgb:FFFFFF,c_pad,dpr_1.0,f_auto,h_375,q_auto,w_600/c_pad,h_375,w_600/v1/ProductImages/UsedGuns/usedgun_102044626_main?pgw=1 was preloaded using link preload but not used within a few seconds from the window's load event. Please make sure it has an appropriate `as` value and it is preloaded intentionally. @ https://www.cabelas.com/l/used-centerfire-pistol#sortCriteria=%40offerprice%20ascending&f-action=Revolver&firstResult=36:0
[ 9880527ms] [WARNING] The resource https://assets.basspro.com/image/upload/b_rgb:FFFFFF,c_pad,dpr_1.0,f_auto,h_375,q_auto,w_600/c_pad,h_375,w_600/v1/ProductImages/UsedGuns/usedgun_102039082_main?pgw=1 was preloaded using link preload but not used within a few seconds from the window's load event. Please make sure it has an appropriate `as` value and it is preloaded intentionally. @ https://www.cabelas.com/l/used-centerfire-pistol#sortCriteria=%40offerprice%20ascending&f-action=Revolver&firstResult=36:0
[10789631ms] [WARNING] The resource https://assets.basspro.com/image/upload/b_rgb:FFFFFF,c_pad,dpr_1.0,f_auto,h_375,q_auto,w_600/c_pad,h_375,w_600/v1/ProductImages/UsedGuns/usedgun_102043796_main?pgw=1 was preloaded using link preload but not used within a few seconds from the window's load event. Please make sure it has an appropriate `as` value and it is preloaded intentionally. @ https://www.cabelas.com/l/used-centerfire-pistol#sortCriteria=%40offerprice%20ascending&f-action=Revolver&firstResult=36:0
[10789631ms] [WARNING] The resource https://assets.basspro.com/image/upload/b_rgb:FFFFFF,c_pad,dpr_1.0,f_auto,h_375,q_auto,w_600/c_pad,h_375,w_600/v1/ProductImages/UsedGuns/usedgun_102021463_main?pgw=1 was preloaded using link preload but not used within a few seconds from the window's load event. Please make sure it has an appropriate `as` value and it is preloaded intentionally. @ https://www.cabelas.com/l/used-centerfire-pistol#sortCriteria=%40offerprice%20ascending&f-action=Revolver&firstResult=36:0
[10789631ms] [WARNING] The resource https://assets.basspro.com/image/upload/b_rgb:FFFFFF,c_pad,dpr_1.0,f_auto,h_375,q_auto,w_600/c_pad,h_375,w_600/v1/ProductImages/UsedGuns/usedgun_102044626_main?pgw=1 was preloaded using link preload but not used within a few seconds from the window's load event. Please make sure it has an appropriate `as` value and it is preloaded intentionally. @ https://www.cabelas.com/l/used-centerfire-pistol#sortCriteria=%40offerprice%20ascending&f-action=Revolver&firstResult=36:0
[10789631ms] [WARNING] The resource https://assets.basspro.com/image/upload/b_rgb:FFFFFF,c_pad,dpr_1.0,f_auto,h_375,q_auto,w_600/c_pad,h_375,w_600/v1/ProductImages/UsedGuns/usedgun_102039082_main?pgw=1 was preloaded using link preload but not used within a few seconds from the window's load event. Please make sure it has an appropriate `as` value and it is preloaded intentionally. @ https://www.cabelas.com/l/used-centerfire-pistol#sortCriteria=%40offerprice%20ascending&f-action=Revolver&firstResult=36:0
[11037680ms] [WARNING] The resource https://assets.basspro.com/image/upload/b_rgb:FFFFFF,c_pad,dpr_1.0,f_auto,h_375,q_auto,w_600/c_pad,h_375,w_600/v1/ProductImages/UsedGuns/usedgun_102043796_main?pgw=1 was preloaded using link preload but not used within a few seconds from the window's load event. Please make sure it has an appropriate `as` value and it is preloaded intentionally. @ https://www.cabelas.com/l/used-centerfire-pistol#sortCriteria=%40offerprice%20ascending&f-action=Revolver&firstResult=36:0
[11037680ms] [WARNING] The resource https://assets.basspro.com/image/upload/b_rgb:FFFFFF,c_pad,dpr_1.0,f_auto,h_375,q_auto,w_600/c_pad,h_375,w_600/v1/ProductImages/UsedGuns/usedgun_102021463_main?pgw=1 was preloaded using link preload but not used within a few seconds from the window's load event. Please make sure it has an appropriate `as` value and it is preloaded intentionally. @ https://www.cabelas.com/l/used-centerfire-pistol#sortCriteria=%40offerprice%20ascending&f-action=Revolver&firstResult=36:0
[11037680ms] [WARNING] The resource https://assets.basspro.com/image/upload/b_rgb:FFFFFF,c_pad,dpr_1.0,f_auto,h_375,q_auto,w_600/c_pad,h_375,w_600/v1/ProductImages/UsedGuns/usedgun_102044626_main?pgw=1 was preloaded using link preload but not used within a few seconds from the window's load event. Please make sure it has an appropriate `as` value and it is preloaded intentionally. @ https://www.cabelas.com/l/used-centerfire-pistol#sortCriteria=%40offerprice%20ascending&f-action=Revolver&firstResult=36:0
[11037680ms] [WARNING] The resource https://assets.basspro.com/image/upload/b_rgb:FFFFFF,c_pad,dpr_1.0,f_auto,h_375,q_auto,w_600/c_pad,h_375,w_600/v1/ProductImages/UsedGuns/usedgun_102039082_main?pgw=1 was preloaded using link preload but not used within a few seconds from the window's load event. Please make sure it has an appropriate `as` value and it is preloaded intentionally. @ https://www.cabelas.com/l/used-centerfire-pistol#sortCriteria=%40offerprice%20ascending&f-action=Revolver&firstResult=36:0
[11090746ms] [ERROR] Failed to load resource: net::ERR_NETWORK_CHANGED @ https://www.cabelas.com/I7L9GsVuAd/cx/8nRV32KT/pNDuG45mc7i9/dVJSDWIB/FlQJLCU/EKCgs?v=5f1afe4d-d601-b37e-54b0-488fdf6d172e&x=22:0
[11093985ms] [WARNING] The resource https://assets.basspro.com/image/upload/b_rgb:FFFFFF,c_pad,dpr_1.0,f_auto,h_375,q_auto,w_600/c_pad,h_375,w_600/v1/ProductImages/UsedGuns/usedgun_102043796_main?pgw=1 was preloaded using link preload but not used within a few seconds from the window's load event. Please make sure it has an appropriate `as` value and it is preloaded intentionally. @ https://www.cabelas.com/l/used-centerfire-pistol#sortCriteria=%40offerprice%20ascending&f-action=Revolver&firstResult=36:0
[11093985ms] [WARNING] The resource https://assets.basspro.com/image/upload/b_rgb:FFFFFF,c_pad,dpr_1.0,f_auto,h_375,q_auto,w_600/c_pad,h_375,w_600/v1/ProductImages/UsedGuns/usedgun_102021463_main?pgw=1 was preloaded using link preload but not used within a few seconds from the window's load event. Please make sure it has an appropriate `as` value and it is preloaded intentionally. @ https://www.cabelas.com/l/used-centerfire-pistol#sortCriteria=%40offerprice%20ascending&f-action=Revolver&firstResult=36:0
[11093986ms] [WARNING] The resource https://assets.basspro.com/image/upload/b_rgb:FFFFFF,c_pad,dpr_1.0,f_auto,h_375,q_auto,w_600/c_pad,h_375,w_600/v1/ProductImages/UsedGuns/usedgun_102044626_main?pgw=1 was preloaded using link preload but not used within a few seconds from the window's load event. Please make sure it has an appropriate `as` value and it is preloaded intentionally. @ https://www.cabelas.com/l/used-centerfire-pistol#sortCriteria=%40offerprice%20ascending&f-action=Revolver&firstResult=36:0
[11093986ms] [WARNING] The resource https://assets.basspro.com/image/upload/b_rgb:FFFFFF,c_pad,dpr_1.0,f_auto,h_375,q_auto,w_600/c_pad,h_375,w_600/v1/ProductImages/UsedGuns/usedgun_102039082_main?pgw=1 was preloaded using link preload but not used within a few seconds from the window's load event. Please make sure it has an appropriate `as` value and it is preloaded intentionally. @ https://www.cabelas.com/l/used-centerfire-pistol#sortCriteria=%40offerprice%20ascending&f-action=Revolver&firstResult=36:0
[11120546ms] [WARNING] The resource https://assets.basspro.com/image/upload/b_rgb:FFFFFF,c_pad,dpr_1.0,f_auto,h_375,q_auto,w_600/c_pad,h_375,w_600/v1/ProductImages/UsedGuns/usedgun_102043796_main?pgw=1 was preloaded using link preload but not used within a few seconds from the window's load event. Please make sure it has an appropriate `as` value and it is preloaded intentionally. @ https://www.cabelas.com/l/used-centerfire-pistol#sortCriteria=%40offerprice%20ascending&f-action=Revolver&firstResult=36:0
[11120546ms] [WARNING] The resource https://assets.basspro.com/image/upload/b_rgb:FFFFFF,c_pad,dpr_1.0,f_auto,h_375,q_auto,w_600/c_pad,h_375,w_600/v1/ProductImages/UsedGuns/usedgun_102021463_main?pgw=1 was preloaded using link preload but not used within a few seconds from the window's load event. Please make sure it has an appropriate `as` value and it is preloaded intentionally. @ https://www.cabelas.com/l/used-centerfire-pistol#sortCriteria=%40offerprice%20ascending&f-action=Revolver&firstResult=36:0
[11120546ms] [WARNING] The resource https://assets.basspro.com/image/upload/b_rgb:FFFFFF,c_pad,dpr_1.0,f_auto,h_375,q_auto,w_600/c_pad,h_375,w_600/v1/ProductImages/UsedGuns/usedgun_102044626_main?pgw=1 was preloaded using link preload but not used within a few seconds from the window's load event. Please make sure it has an appropriate `as` value and it is preloaded intentionally. @ https://www.cabelas.com/l/used-centerfire-pistol#sortCriteria=%40offerprice%20ascending&f-action=Revolver&firstResult=36:0
[11120546ms] [WARNING] The resource https://assets.basspro.com/image/upload/b_rgb:FFFFFF,c_pad,dpr_1.0,f_auto,h_375,q_auto,w_600/c_pad,h_375,w_600/v1/ProductImages/UsedGuns/usedgun_102039082_main?pgw=1 was preloaded using link preload but not used within a few seconds from the window's load event. Please make sure it has an appropriate `as` value and it is preloaded intentionally. @ https://www.cabelas.com/l/used-centerfire-pistol#sortCriteria=%40offerprice%20ascending&f-action=Revolver&firstResult=36:0
[11354990ms] [WARNING] The resource https://assets.basspro.com/image/upload/b_rgb:FFFFFF,c_pad,dpr_1.0,f_auto,h_375,q_auto,w_600/c_pad,h_375,w_600/v1/ProductImages/UsedGuns/usedgun_102043796_main?pgw=1 was preloaded using link preload but not used within a few seconds from the window's load event. Please make sure it has an appropriate `as` value and it is preloaded intentionally. @ https://www.cabelas.com/l/used-centerfire-pistol#sortCriteria=%40offerprice%20ascending&f-action=Revolver&firstResult=36:0
[11354990ms] [WARNING] The resource https://assets.basspro.com/image/upload/b_rgb:FFFFFF,c_pad,dpr_1.0,f_auto,h_375,q_auto,w_600/c_pad,h_375,w_600/v1/ProductImages/UsedGuns/usedgun_102021463_main?pgw=1 was preloaded using link preload but not used within a few seconds from the window's load event. Please make sure it has an appropriate `as` value and it is preloaded intentionally. @ https://www.cabelas.com/l/used-centerfire-pistol#sortCriteria=%40offerprice%20ascending&f-action=Revolver&firstResult=36:0
[11354990ms] [WARNING] The resource https://assets.basspro.com/image/upload/b_rgb:FFFFFF,c_pad,dpr_1.0,f_auto,h_375,q_auto,w_600/c_pad,h_375,w_600/v1/ProductImages/UsedGuns/usedgun_102044626_main?pgw=1 was preloaded using link preload but not used within a few seconds from the window's load event. Please make sure it has an appropriate `as` value and it is preloaded intentionally. @ https://www.cabelas.com/l/used-centerfire-pistol#sortCriteria=%40offerprice%20ascending&f-action=Revolver&firstResult=36:0
[11354990ms] [WARNING] The resource https://assets.basspro.com/image/upload/b_rgb:FFFFFF,c_pad,dpr_1.0,f_auto,h_375,q_auto,w_600/c_pad,h_375,w_600/v1/ProductImages/UsedGuns/usedgun_102039082_main?pgw=1 was preloaded using link preload but not used within a few seconds from the window's load event. Please make sure it has an appropriate `as` value and it is preloaded intentionally. @ https://www.cabelas.com/l/used-centerfire-pistol#sortCriteria=%40offerprice%20ascending&f-action=Revolver&firstResult=36:0
[11360922ms] [WARNING] The resource https://assets.basspro.com/image/upload/b_rgb:FFFFFF,c_pad,dpr_1.0,f_auto,h_375,q_auto,w_600/c_pad,h_375,w_600/v1/ProductImages/UsedGuns/usedgun_102043796_main?pgw=1 was preloaded using link preload but not used within a few seconds from the window's load event. Please make sure it has an appropriate `as` value and it is preloaded intentionally. @ https://www.cabelas.com/l/used-centerfire-pistol#sortCriteria=%40offerprice%20ascending&f-action=Revolver&firstResult=36:0
[11360922ms] [WARNING] The resource https://assets.basspro.com/image/upload/b_rgb:FFFFFF,c_pad,dpr_1.0,f_auto,h_375,q_auto,w_600/c_pad,h_375,w_600/v1/ProductImages/UsedGuns/usedgun_102021463_main?pgw=1 was preloaded using link preload but not used within a few seconds from the window's load event. Please make sure it has an appropriate `as` value and it is preloaded intentionally. @ https://www.cabelas.com/l/used-centerfire-pistol#sortCriteria=%40offerprice%20ascending&f-action=Revolver&firstResult=36:0
[11360922ms] [WARNING] The resource https://assets.basspro.com/image/upload/b_rgb:FFFFFF,c_pad,dpr_1.0,f_auto,h_375,q_auto,w_600/c_pad,h_375,w_600/v1/ProductImages/UsedGuns/usedgun_102044626_main?pgw=1 was preloaded using link preload but not used within a few seconds from the window's load event. Please make sure it has an appropriate `as` value and it is preloaded intentionally. @ https://www.cabelas.com/l/used-centerfire-pistol#sortCriteria=%40offerprice%20ascending&f-action=Revolver&firstResult=36:0
[11360922ms] [WARNING] The resource https://assets.basspro.com/image/upload/b_rgb:FFFFFF,c_pad,dpr_1.0,f_auto,h_375,q_auto,w_600/c_pad,h_375,w_600/v1/ProductImages/UsedGuns/usedgun_102039082_main?pgw=1 was preloaded using link preload but not used within a few seconds from the window's load event. Please make sure it has an appropriate `as` value and it is preloaded intentionally. @ https://www.cabelas.com/l/used-centerfire-pistol#sortCriteria=%40offerprice%20ascending&f-action=Revolver&firstResult=36:0
[13412923ms] [WARNING] The resource https://assets.basspro.com/image/upload/b_rgb:FFFFFF,c_pad,dpr_1.0,f_auto,h_375,q_auto,w_600/c_pad,h_375,w_600/v1/ProductImages/UsedGuns/usedgun_102043796_main?pgw=1 was preloaded using link preload but not used within a few seconds from the window's load event. Please make sure it has an appropriate `as` value and it is preloaded intentionally. @ https://www.cabelas.com/l/used-centerfire-pistol#sortCriteria=%40offerprice%20ascending&f-action=Revolver&firstResult=36:0
[13412923ms] [WARNING] The resource https://assets.basspro.com/image/upload/b_rgb:FFFFFF,c_pad,dpr_1.0,f_auto,h_375,q_auto,w_600/c_pad,h_375,w_600/v1/ProductImages/UsedGuns/usedgun_102021463_main?pgw=1 was preloaded using link preload but not used within a few seconds from the window's load event. Please make sure it has an appropriate `as` value and it is preloaded intentionally. @ https://www.cabelas.com/l/used-centerfire-pistol#sortCriteria=%40offerprice%20ascending&f-action=Revolver&firstResult=36:0
[13412923ms] [WARNING] The resource https://assets.basspro.com/image/upload/b_rgb:FFFFFF,c_pad,dpr_1.0,f_auto,h_375,q_auto,w_600/c_pad,h_375,w_600/v1/ProductImages/UsedGuns/usedgun_102044626_main?pgw=1 was preloaded using link preload but not used within a few seconds from the window's load event. Please make sure it has an appropriate `as` value and it is preloaded intentionally. @ https://www.cabelas.com/l/used-centerfire-pistol#sortCriteria=%40offerprice%20ascending&f-action=Revolver&firstResult=36:0
[13412923ms] [WARNING] The resource https://assets.basspro.com/image/upload/b_rgb:FFFFFF,c_pad,dpr_1.0,f_auto,h_375,q_auto,w_600/c_pad,h_375,w_600/v1/ProductImages/UsedGuns/usedgun_102039082_main?pgw=1 was preloaded using link preload but not used within a few seconds from the window's load event. Please make sure it has an appropriate `as` value and it is preloaded intentionally. @ https://www.cabelas.com/l/used-centerfire-pistol#sortCriteria=%40offerprice%20ascending&f-action=Revolver&firstResult=36:0
[13621485ms] [WARNING] The resource https://assets.basspro.com/image/upload/b_rgb:FFFFFF,c_pad,dpr_1.0,f_auto,h_375,q_auto,w_600/c_pad,h_375,w_600/v1/ProductImages/UsedGuns/usedgun_102043796_main?pgw=1 was preloaded using link preload but not used within a few seconds from the window's load event. Please make sure it has an appropriate `as` value and it is preloaded intentionally. @ https://www.cabelas.com/l/used-centerfire-pistol#sortCriteria=%40offerprice%20ascending&f-action=Revolver&firstResult=36:0
[13621485ms] [WARNING] The resource https://assets.basspro.com/image/upload/b_rgb:FFFFFF,c_pad,dpr_1.0,f_auto,h_375,q_auto,w_600/c_pad,h_375,w_600/v1/ProductImages/UsedGuns/usedgun_102021463_main?pgw=1 was preloaded using link preload but not used within a few seconds from the window's load event. Please make sure it has an appropriate `as` value and it is preloaded intentionally. @ https://www.cabelas.com/l/used-centerfire-pistol#sortCriteria=%40offerprice%20ascending&f-action=Revolver&firstResult=36:0
[13621485ms] [WARNING] The resource https://assets.basspro.com/image/upload/b_rgb:FFFFFF,c_pad,dpr_1.0,f_auto,h_375,q_auto,w_600/c_pad,h_375,w_600/v1/ProductImages/UsedGuns/usedgun_102044626_main?pgw=1 was preloaded using link preload but not used within a few seconds from the window's load event. Please make sure it has an appropriate `as` value and it is preloaded intentionally. @ https://www.cabelas.com/l/used-centerfire-pistol#sortCriteria=%40offerprice%20ascending&f-action=Revolver&firstResult=36:0
[13621485ms] [WARNING] The resource https://assets.basspro.com/image/upload/b_rgb:FFFFFF,c_pad,dpr_1.0,f_auto,h_375,q_auto,w_600/c_pad,h_375,w_600/v1/ProductImages/UsedGuns/usedgun_102039082_main?pgw=1 was preloaded using link preload but not used within a few seconds from the window's load event. Please make sure it has an appropriate `as` value and it is preloaded intentionally. @ https://www.cabelas.com/l/used-centerfire-pistol#sortCriteria=%40offerprice%20ascending&f-action=Revolver&firstResult=36:0
[13900825ms] [WARNING] The resource https://assets.basspro.com/image/upload/b_rgb:FFFFFF,c_pad,dpr_1.0,f_auto,h_375,q_auto,w_600/c_pad,h_375,w_600/v1/ProductImages/UsedGuns/usedgun_102043796_main?pgw=1 was preloaded using link preload but not used within a few seconds from the window's load event. Please make sure it has an appropriate `as` value and it is preloaded intentionally. @ https://www.cabelas.com/l/used-centerfire-pistol#sortCriteria=%40offerprice%20ascending&f-action=Revolver&firstResult=36:0
[13900825ms] [WARNING] The resource https://assets.basspro.com/image/upload/b_rgb:FFFFFF,c_pad,dpr_1.0,f_auto,h_375,q_auto,w_600/c_pad,h_375,w_600/v1/ProductImages/UsedGuns/usedgun_102021463_main?pgw=1 was preloaded using link preload but not used within a few seconds from the window's load event. Please make sure it has an appropriate `as` value and it is preloaded intentionally. @ https://www.cabelas.com/l/used-centerfire-pistol#sortCriteria=%40offerprice%20ascending&f-action=Revolver&firstResult=36:0
[13900825ms] [WARNING] The resource https://assets.basspro.com/image/upload/b_rgb:FFFFFF,c_pad,dpr_1.0,f_auto,h_375,q_auto,w_600/c_pad,h_375,w_600/v1/ProductImages/UsedGuns/usedgun_102044626_main?pgw=1 was preloaded using link preload but not used within a few seconds from the window's load event. Please make sure it has an appropriate `as` value and it is preloaded intentionally. @ https://www.cabelas.com/l/used-centerfire-pistol#sortCriteria=%40offerprice%20ascending&f-action=Revolver&firstResult=36:0
[13900825ms] [WARNING] The resource https://assets.basspro.com/image/upload/b_rgb:FFFFFF,c_pad,dpr_1.0,f_auto,h_375,q_auto,w_600/c_pad,h_375,w_600/v1/ProductImages/UsedGuns/usedgun_102039082_main?pgw=1 was preloaded using link preload but not used within a few seconds from the window's load event. Please make sure it has an appropriate `as` value and it is preloaded intentionally. @ https://www.cabelas.com/l/used-centerfire-pistol#sortCriteria=%40offerprice%20ascending&f-action=Revolver&firstResult=36:0
[13932782ms] [WARNING] The resource https://assets.basspro.com/image/upload/b_rgb:FFFFFF,c_pad,dpr_1.0,f_auto,h_375,q_auto,w_600/c_pad,h_375,w_600/v1/ProductImages/UsedGuns/usedgun_102043796_main?pgw=1 was preloaded using link preload but not used within a few seconds from the window's load event. Please make sure it has an appropriate `as` value and it is preloaded intentionally. @ https://www.cabelas.com/l/used-centerfire-pistol#sortCriteria=%40offerprice%20ascending&f-action=Revolver&firstResult=36:0
[13932782ms] [WARNING] The resource https://assets.basspro.com/image/upload/b_rgb:FFFFFF,c_pad,dpr_1.0,f_auto,h_375,q_auto,w_600/c_pad,h_375,w_600/v1/ProductImages/UsedGuns/usedgun_102021463_main?pgw=1 was preloaded using link preload but not used within a few seconds from the window's load event. Please make sure it has an appropriate `as` value and it is preloaded intentionally. @ https://www.cabelas.com/l/used-centerfire-pistol#sortCriteria=%40offerprice%20ascending&f-action=Revolver&firstResult=36:0
[13932782ms] [WARNING] The resource https://assets.basspro.com/image/upload/b_rgb:FFFFFF,c_pad,dpr_1.0,f_auto,h_375,q_auto,w_600/c_pad,h_375,w_600/v1/ProductImages/UsedGuns/usedgun_102044626_main?pgw=1 was preloaded using link preload but not used within a few seconds from the window's load event. Please make sure it has an appropriate `as` value and it is preloaded intentionally. @ https://www.cabelas.com/l/used-centerfire-pistol#sortCriteria=%40offerprice%20ascending&f-action=Revolver&firstResult=36:0
[13932782ms] [WARNING] The resource https://assets.basspro.com/image/upload/b_rgb:FFFFFF,c_pad,dpr_1.0,f_auto,h_375,q_auto,w_600/c_pad,h_375,w_600/v1/ProductImages/UsedGuns/usedgun_102039082_main?pgw=1 was preloaded using link preload but not used within a few seconds from the window's load event. Please make sure it has an appropriate `as` value and it is preloaded intentionally. @ https://www.cabelas.com/l/used-centerfire-pistol#sortCriteria=%40offerprice%20ascending&f-action=Revolver&firstResult=36:0
[13963674ms] [WARNING] The resource https://assets.basspro.com/image/upload/b_rgb:FFFFFF,c_pad,dpr_1.0,f_auto,h_375,q_auto,w_600/c_pad,h_375,w_600/v1/ProductImages/UsedGuns/usedgun_102043796_main?pgw=1 was preloaded using link preload but not used within a few seconds from the window's load event. Please make sure it has an appropriate `as` value and it is preloaded intentionally. @ https://www.cabelas.com/l/used-centerfire-pistol#sortCriteria=%40offerprice%20ascending&f-action=Revolver&firstResult=36:0
[13963674ms] [WARNING] The resource https://assets.basspro.com/image/upload/b_rgb:FFFFFF,c_pad,dpr_1.0,f_auto,h_375,q_auto,w_600/c_pad,h_375,w_600/v1/ProductImages/UsedGuns/usedgun_102021463_main?pgw=1 was preloaded using link preload but not used within a few seconds from the window's load event. Please make sure it has an appropriate `as` value and it is preloaded intentionally. @ https://www.cabelas.com/l/used-centerfire-pistol#sortCriteria=%40offerprice%20ascending&f-action=Revolver&firstResult=36:0
[13963674ms] [WARNING] The resource https://assets.basspro.com/image/upload/b_rgb:FFFFFF,c_pad,dpr_1.0,f_auto,h_375,q_auto,w_600/c_pad,h_375,w_600/v1/ProductImages/UsedGuns/usedgun_102044626_main?pgw=1 was preloaded using link preload but not used within a few seconds from the window's load event. Please make sure it has an appropriate `as` value and it is preloaded intentionally. @ https://www.cabelas.com/l/used-centerfire-pistol#sortCriteria=%40offerprice%20ascending&f-action=Revolver&firstResult=36:0
[13963674ms] [WARNING] The resource https://assets.basspro.com/image/upload/b_rgb:FFFFFF,c_pad,dpr_1.0,f_auto,h_375,q_auto,w_600/c_pad,h_375,w_600/v1/ProductImages/UsedGuns/usedgun_102039082_main?pgw=1 was preloaded using link preload but not used within a few seconds from the window's load event. Please make sure it has an appropriate `as` value and it is preloaded intentionally. @ https://www.cabelas.com/l/used-centerfire-pistol#sortCriteria=%40offerprice%20ascending&f-action=Revolver&firstResult=36:0
[15390217ms] [WARNING] The resource https://assets.basspro.com/image/upload/b_rgb:FFFFFF,c_pad,dpr_1.0,f_auto,h_375,q_auto,w_600/c_pad,h_375,w_600/v1/ProductImages/UsedGuns/usedgun_102043796_main?pgw=1 was preloaded using link preload but not used within a few seconds from the window's load event. Please make sure it has an appropriate `as` value and it is preloaded intentionally. @ https://www.cabelas.com/l/used-centerfire-pistol#sortCriteria=%40offerprice%20ascending&f-action=Revolver&firstResult=36:0
[15390217ms] [WARNING] The resource https://assets.basspro.com/image/upload/b_rgb:FFFFFF,c_pad,dpr_1.0,f_auto,h_375,q_auto,w_600/c_pad,h_375,w_600/v1/ProductImages/UsedGuns/usedgun_102021463_main?pgw=1 was preloaded using link preload but not used within a few seconds from the window's load event. Please make sure it has an appropriate `as` value and it is preloaded intentionally. @ https://www.cabelas.com/l/used-centerfire-pistol#sortCriteria=%40offerprice%20ascending&f-action=Revolver&firstResult=36:0
[15390217ms] [WARNING] The resource https://assets.basspro.com/image/upload/b_rgb:FFFFFF,c_pad,dpr_1.0,f_auto,h_375,q_auto,w_600/c_pad,h_375,w_600/v1/ProductImages/UsedGuns/usedgun_102044626_main?pgw=1 was preloaded using link preload but not used within a few seconds from the window's load event. Please make sure it has an appropriate `as` value and it is preloaded intentionally. @ https://www.cabelas.com/l/used-centerfire-pistol#sortCriteria=%40offerprice%20ascending&f-action=Revolver&firstResult=36:0
[15390217ms] [WARNING] The resource https://assets.basspro.com/image/upload/b_rgb:FFFFFF,c_pad,dpr_1.0,f_auto,h_375,q_auto,w_600/c_pad,h_375,w_600/v1/ProductImages/UsedGuns/usedgun_102039082_main?pgw=1 was preloaded using link preload but not used within a few seconds from the window's load event. Please make sure it has an appropriate `as` value and it is preloaded intentionally. @ https://www.cabelas.com/l/used-centerfire-pistol#sortCriteria=%40offerprice%20ascending&f-action=Revolver&firstResult=36:0
[15450394ms] [WARNING] The resource https://assets.basspro.com/image/upload/b_rgb:FFFFFF,c_pad,dpr_1.0,f_auto,h_375,q_auto,w_600/c_pad,h_375,w_600/v1/ProductImages/UsedGuns/usedgun_102043796_main?pgw=1 was preloaded using link preload but not used within a few seconds from the window's load event. Please make sure it has an appropriate `as` value and it is preloaded intentionally. @ https://www.cabelas.com/l/used-centerfire-pistol#sortCriteria=%40offerprice%20ascending&f-action=Revolver&firstResult=36:0
[15450394ms] [WARNING] The resource https://assets.basspro.com/image/upload/b_rgb:FFFFFF,c_pad,dpr_1.0,f_auto,h_375,q_auto,w_600/c_pad,h_375,w_600/v1/ProductImages/UsedGuns/usedgun_102021463_main?pgw=1 was preloaded using link preload but not used within a few seconds from the window's load event. Please make sure it has an appropriate `as` value and it is preloaded intentionally. @ https://www.cabelas.com/l/used-centerfire-pistol#sortCriteria=%40offerprice%20ascending&f-action=Revolver&firstResult=36:0
[15450394ms] [WARNING] The resource https://assets.basspro.com/image/upload/b_rgb:FFFFFF,c_pad,dpr_1.0,f_auto,h_375,q_auto,w_600/c_pad,h_375,w_600/v1/ProductImages/UsedGuns/usedgun_102044626_main?pgw=1 was preloaded using link preload but not used within a few seconds from the window's load event. Please make sure it has an appropriate `as` value and it is preloaded intentionally. @ https://www.cabelas.com/l/used-centerfire-pistol#sortCriteria=%40offerprice%20ascending&f-action=Revolver&firstResult=36:0
[15450394ms] [WARNING] The resource https://assets.basspro.com/image/upload/b_rgb:FFFFFF,c_pad,dpr_1.0,f_auto,h_375,q_auto,w_600/c_pad,h_375,w_600/v1/ProductImages/UsedGuns/usedgun_102039082_main?pgw=1 was preloaded using link preload but not used within a few seconds from the window's load event. Please make sure it has an appropriate `as` value and it is preloaded intentionally. @ https://www.cabelas.com/l/used-centerfire-pistol#sortCriteria=%40offerprice%20ascending&f-action=Revolver&firstResult=36:0
[15482488ms] [WARNING] The resource https://assets.basspro.com/image/upload/b_rgb:FFFFFF,c_pad,dpr_1.0,f_auto,h_375,q_auto,w_600/c_pad,h_375,w_600/v1/ProductImages/UsedGuns/usedgun_102043796_main?pgw=1 was preloaded using link preload but not used within a few seconds from the window's load event. Please make sure it has an appropriate `as` value and it is preloaded intentionally. @ https://www.cabelas.com/l/used-centerfire-pistol#sortCriteria=%40offerprice%20ascending&f-action=Revolver&firstResult=36:0
[15482488ms] [WARNING] The resource https://assets.basspro.com/image/upload/b_rgb:FFFFFF,c_pad,dpr_1.0,f_auto,h_375,q_auto,w_600/c_pad,h_375,w_600/v1/ProductImages/UsedGuns/usedgun_102021463_main?pgw=1 was preloaded using link preload but not used within a few seconds from the window's load event. Please make sure it has an appropriate `as` value and it is preloaded intentionally. @ https://www.cabelas.com/l/used-centerfire-pistol#sortCriteria=%40offerprice%20ascending&f-action=Revolver&firstResult=36:0
[15482488ms] [WARNING] The resource https://assets.basspro.com/image/upload/b_rgb:FFFFFF,c_pad,dpr_1.0,f_auto,h_375,q_auto,w_600/c_pad,h_375,w_600/v1/ProductImages/UsedGuns/usedgun_102044626_main?pgw=1 was preloaded using link preload but not used within a few seconds from the window's load event. Please make sure it has an appropriate `as` value and it is preloaded intentionally. @ https://www.cabelas.com/l/used-centerfire-pistol#sortCriteria=%40offerprice%20ascending&f-action=Revolver&firstResult=36:0
[15482488ms] [WARNING] The resource https://assets.basspro.com/image/upload/b_rgb:FFFFFF,c_pad,dpr_1.0,f_auto,h_375,q_auto,w_600/c_pad,h_375,w_600/v1/ProductImages/UsedGuns/usedgun_102039082_main?pgw=1 was preloaded using link preload but not used within a few seconds from the window's load event. Please make sure it has an appropriate `as` value and it is preloaded intentionally. @ https://www.cabelas.com/l/used-centerfire-pistol#sortCriteria=%40offerprice%20ascending&f-action=Revolver&firstResult=36:0
[15510522ms] [WARNING] The resource https://assets.basspro.com/image/upload/b_rgb:FFFFFF,c_pad,dpr_1.0,f_auto,h_375,q_auto,w_600/c_pad,h_375,w_600/v1/ProductImages/UsedGuns/usedgun_102043796_main?pgw=1 was preloaded using link preload but not used within a few seconds from the window's load event. Please make sure it has an appropriate `as` value and it is preloaded intentionally. @ https://www.cabelas.com/l/used-centerfire-pistol#sortCriteria=%40offerprice%20ascending&f-action=Revolver&firstResult=36:0
[15510523ms] [WARNING] The resource https://assets.basspro.com/image/upload/b_rgb:FFFFFF,c_pad,dpr_1.0,f_auto,h_375,q_auto,w_600/c_pad,h_375,w_600/v1/ProductImages/UsedGuns/usedgun_102021463_main?pgw=1 was preloaded using link preload but not used within a few seconds from the window's load event. Please make sure it has an appropriate `as` value and it is preloaded intentionally. @ https://www.cabelas.com/l/used-centerfire-pistol#sortCriteria=%40offerprice%20ascending&f-action=Revolver&firstResult=36:0
[15510523ms] [WARNING] The resource https://assets.basspro.com/image/upload/b_rgb:FFFFFF,c_pad,dpr_1.0,f_auto,h_375,q_auto,w_600/c_pad,h_375,w_600/v1/ProductImages/UsedGuns/usedgun_102044626_main?pgw=1 was preloaded using link preload but not used within a few seconds from the window's load event. Please make sure it has an appropriate `as` value and it is preloaded intentionally. @ https://www.cabelas.com/l/used-centerfire-pistol#sortCriteria=%40offerprice%20ascending&f-action=Revolver&firstResult=36:0
[15510523ms] [WARNING] The resource https://assets.basspro.com/image/upload/b_rgb:FFFFFF,c_pad,dpr_1.0,f_auto,h_375,q_auto,w_600/c_pad,h_375,w_600/v1/ProductImages/UsedGuns/usedgun_102039082_main?pgw=1 was preloaded using link preload but not used within a few seconds from the window's load event. Please make sure it has an appropriate `as` value and it is preloaded intentionally. @ https://www.cabelas.com/l/used-centerfire-pistol#sortCriteria=%40offerprice%20ascending&f-action=Revolver&firstResult=36:0
[15569624ms] [WARNING] The resource https://assets.basspro.com/image/upload/b_rgb:FFFFFF,c_pad,dpr_1.0,f_auto,h_375,q_auto,w_600/c_pad,h_375,w_600/v1/ProductImages/UsedGuns/usedgun_102043796_main?pgw=1 was preloaded using link preload but not used within a few seconds from the window's load event. Please make sure it has an appropriate `as` value and it is preloaded intentionally. @ https://www.cabelas.com/l/used-centerfire-pistol#sortCriteria=%40offerprice%20ascending&f-action=Revolver&firstResult=36:0
[15569624ms] [WARNING] The resource https://assets.basspro.com/image/upload/b_rgb:FFFFFF,c_pad,dpr_1.0,f_auto,h_375,q_auto,w_600/c_pad,h_375,w_600/v1/ProductImages/UsedGuns/usedgun_102021463_main?pgw=1 was preloaded using link preload but not used within a few seconds from the window's load event. Please make sure it has an appropriate `as` value and it is preloaded intentionally. @ https://www.cabelas.com/l/used-centerfire-pistol#sortCriteria=%40offerprice%20ascending&f-action=Revolver&firstResult=36:0
[15569624ms] [WARNING] The resource https://assets.basspro.com/image/upload/b_rgb:FFFFFF,c_pad,dpr_1.0,f_auto,h_375,q_auto,w_600/c_pad,h_375,w_600/v1/ProductImages/UsedGuns/usedgun_102044626_main?pgw=1 was preloaded using link preload but not used within a few seconds from the window's load event. Please make sure it has an appropriate `as` value and it is preloaded intentionally. @ https://www.cabelas.com/l/used-centerfire-pistol#sortCriteria=%40offerprice%20ascending&f-action=Revolver&firstResult=36:0
[15569624ms] [WARNING] The resource https://assets.basspro.com/image/upload/b_rgb:FFFFFF,c_pad,dpr_1.0,f_auto,h_375,q_auto,w_600/c_pad,h_375,w_600/v1/ProductImages/UsedGuns/usedgun_102039082_main?pgw=1 was preloaded using link preload but not used within a few seconds from the window's load event. Please make sure it has an appropriate `as` value and it is preloaded intentionally. @ https://www.cabelas.com/l/used-centerfire-pistol#sortCriteria=%40offerprice%20ascending&f-action=Revolver&firstResult=36:0
[15628757ms] [WARNING] The resource https://assets.basspro.com/image/upload/b_rgb:FFFFFF,c_pad,dpr_1.0,f_auto,h_375,q_auto,w_600/c_pad,h_375,w_600/v1/ProductImages/UsedGuns/usedgun_102043796_main?pgw=1 was preloaded using link preload but not used within a few seconds from the window's load event. Please make sure it has an appropriate `as` value and it is preloaded intentionally. @ https://www.cabelas.com/l/used-centerfire-pistol#sortCriteria=%40offerprice%20ascending&f-action=Revolver&firstResult=36:0
[15628758ms] [WARNING] The resource https://assets.basspro.com/image/upload/b_rgb:FFFFFF,c_pad,dpr_1.0,f_auto,h_375,q_auto,w_600/c_pad,h_375,w_600/v1/ProductImages/UsedGuns/usedgun_102021463_main?pgw=1 was preloaded using link preload but not used within a few seconds from the window's load event. Please make sure it has an appropriate `as` value and it is preloaded intentionally. @ https://www.cabelas.com/l/used-centerfire-pistol#sortCriteria=%40offerprice%20ascending&f-action=Revolver&firstResult=36:0
[15628758ms] [WARNING] The resource https://assets.basspro.com/image/upload/b_rgb:FFFFFF,c_pad,dpr_1.0,f_auto,h_375,q_auto,w_600/c_pad,h_375,w_600/v1/ProductImages/UsedGuns/usedgun_102044626_main?pgw=1 was preloaded using link preload but not used within a few seconds from the window's load event. Please make sure it has an appropriate `as` value and it is preloaded intentionally. @ https://www.cabelas.com/l/used-centerfire-pistol#sortCriteria=%40offerprice%20ascending&f-action=Revolver&firstResult=36:0
[15628758ms] [WARNING] The resource https://assets.basspro.com/image/upload/b_rgb:FFFFFF,c_pad,dpr_1.0,f_auto,h_375,q_auto,w_600/c_pad,h_375,w_600/v1/ProductImages/UsedGuns/usedgun_102039082_main?pgw=1 was preloaded using link preload but not used within a few seconds from the window's load event. Please make sure it has an appropriate `as` value and it is preloaded intentionally. @ https://www.cabelas.com/l/used-centerfire-pistol#sortCriteria=%40offerprice%20ascending&f-action=Revolver&firstResult=36:0
[15662490ms] [WARNING] The resource https://assets.basspro.com/image/upload/b_rgb:FFFFFF,c_pad,dpr_1.0,f_auto,h_375,q_auto,w_600/c_pad,h_375,w_600/v1/ProductImages/UsedGuns/usedgun_102043796_main?pgw=1 was preloaded using link preload but not used within a few seconds from the window's load event. Please make sure it has an appropriate `as` value and it is preloaded intentionally. @ https://www.cabelas.com/l/used-centerfire-pistol#sortCriteria=%40offerprice%20ascending&f-action=Revolver&firstResult=36:0
[15662490ms] [WARNING] The resource https://assets.basspro.com/image/upload/b_rgb:FFFFFF,c_pad,dpr_1.0,f_auto,h_375,q_auto,w_600/c_pad,h_375,w_600/v1/ProductImages/UsedGuns/usedgun_102021463_main?pgw=1 was preloaded using link preload but not used within a few seconds from the window's load event. Please make sure it has an appropriate `as` value and it is preloaded intentionally. @ https://www.cabelas.com/l/used-centerfire-pistol#sortCriteria=%40offerprice%20ascending&f-action=Revolver&firstResult=36:0
[15662490ms] [WARNING] The resource https://assets.basspro.com/image/upload/b_rgb:FFFFFF,c_pad,dpr_1.0,f_auto,h_375,q_auto,w_600/c_pad,h_375,w_600/v1/ProductImages/UsedGuns/usedgun_102044626_main?pgw=1 was preloaded using link preload but not used within a few seconds from the window's load event. Please make sure it has an appropriate `as` value and it is preloaded intentionally. @ https://www.cabelas.com/l/used-centerfire-pistol#sortCriteria=%40offerprice%20ascending&f-action=Revolver&firstResult=36:0
[15662490ms] [WARNING] The resource https://assets.basspro.com/image/upload/b_rgb:FFFFFF,c_pad,dpr_1.0,f_auto,h_375,q_auto,w_600/c_pad,h_375,w_600/v1/ProductImages/UsedGuns/usedgun_102039082_main?pgw=1 was preloaded using link preload but not used within a few seconds from the window's load event. Please make sure it has an appropriate `as` value and it is preloaded intentionally. @ https://www.cabelas.com/l/used-centerfire-pistol#sortCriteria=%40offerprice%20ascending&f-action=Revolver&firstResult=36:0
[15687834ms] [WARNING] The resource https://assets.basspro.com/image/upload/b_rgb:FFFFFF,c_pad,dpr_1.0,f_auto,h_375,q_auto,w_600/c_pad,h_375,w_600/v1/ProductImages/UsedGuns/usedgun_102043796_main?pgw=1 was preloaded using link preload but not used within a few seconds from the window's load event. Please make sure it has an appropriate `as` value and it is preloaded intentionally. @ https://www.cabelas.com/l/used-centerfire-pistol#sortCriteria=%40offerprice%20ascending&f-action=Revolver&firstResult=36:0
[15687834ms] [WARNING] The resource https://assets.basspro.com/image/upload/b_rgb:FFFFFF,c_pad,dpr_1.0,f_auto,h_375,q_auto,w_600/c_pad,h_375,w_600/v1/ProductImages/UsedGuns/usedgun_102021463_main?pgw=1 was preloaded using link preload but not used within a few seconds from the window's load event. Please make sure it has an appropriate `as` value and it is preloaded intentionally. @ https://www.cabelas.com/l/used-centerfire-pistol#sortCriteria=%40offerprice%20ascending&f-action=Revolver&firstResult=36:0
[15687834ms] [WARNING] The resource https://assets.basspro.com/image/upload/b_rgb:FFFFFF,c_pad,dpr_1.0,f_auto,h_375,q_auto,w_600/c_pad,h_375,w_600/v1/ProductImages/UsedGuns/usedgun_102044626_main?pgw=1 was preloaded using link preload but not used within a few seconds from the window's load event. Please make sure it has an appropriate `as` value and it is preloaded intentionally. @ https://www.cabelas.com/l/used-centerfire-pistol#sortCriteria=%40offerprice%20ascending&f-action=Revolver&firstResult=36:0
[15687834ms] [WARNING] The resource https://assets.basspro.com/image/upload/b_rgb:FFFFFF,c_pad,dpr_1.0,f_auto,h_375,q_auto,w_600/c_pad,h_375,w_600/v1/ProductImages/UsedGuns/usedgun_102039082_main?pgw=1 was preloaded using link preload but not used within a few seconds from the window's load event. Please make sure it has an appropriate `as` value and it is preloaded intentionally. @ https://www.cabelas.com/l/used-centerfire-pistol#sortCriteria=%40offerprice%20ascending&f-action=Revolver&firstResult=36:0
[15747011ms] [WARNING] The resource https://assets.basspro.com/image/upload/b_rgb:FFFFFF,c_pad,dpr_1.0,f_auto,h_375,q_auto,w_600/c_pad,h_375,w_600/v1/ProductImages/UsedGuns/usedgun_102043796_main?pgw=1 was preloaded using link preload but not used within a few seconds from the window's load event. Please make sure it has an appropriate `as` value and it is preloaded intentionally. @ https://www.cabelas.com/l/used-centerfire-pistol#sortCriteria=%40offerprice%20ascending&f-action=Revolver&firstResult=36:0
[15747011ms] [WARNING] The resource https://assets.basspro.com/image/upload/b_rgb:FFFFFF,c_pad,dpr_1.0,f_auto,h_375,q_auto,w_600/c_pad,h_375,w_600/v1/ProductImages/UsedGuns/usedgun_102021463_main?pgw=1 was preloaded using link preload but not used within a few seconds from the window's load event. Please make sure it has an appropriate `as` value and it is preloaded intentionally. @ https://www.cabelas.com/l/used-centerfire-pistol#sortCriteria=%40offerprice%20ascending&f-action=Revolver&firstResult=36:0
[15747011ms] [WARNING] The resource https://assets.basspro.com/image/upload/b_rgb:FFFFFF,c_pad,dpr_1.0,f_auto,h_375,q_auto,w_600/c_pad,h_375,w_600/v1/ProductImages/UsedGuns/usedgun_102044626_main?pgw=1 was preloaded using link preload but not used within a few seconds from the window's load event. Please make sure it has an appropriate `as` value and it is preloaded intentionally. @ https://www.cabelas.com/l/used-centerfire-pistol#sortCriteria=%40offerprice%20ascending&f-action=Revolver&firstResult=36:0
[15747011ms] [WARNING] The resource https://assets.basspro.com/image/upload/b_rgb:FFFFFF,c_pad,dpr_1.0,f_auto,h_375,q_auto,w_600/c_pad,h_375,w_600/v1/ProductImages/UsedGuns/usedgun_102039082_main?pgw=1 was preloaded using link preload but not used within a few seconds from the window's load event. Please make sure it has an appropriate `as` value and it is preloaded intentionally. @ https://www.cabelas.com/l/used-centerfire-pistol#sortCriteria=%40offerprice%20ascending&f-action=Revolver&firstResult=36:0
[15806049ms] [WARNING] The resource https://assets.basspro.com/image/upload/b_rgb:FFFFFF,c_pad,dpr_1.0,f_auto,h_375,q_auto,w_600/c_pad,h_375,w_600/v1/ProductImages/UsedGuns/usedgun_102043796_main?pgw=1 was preloaded using link preload but not used within a few seconds from the window's load event. Please make sure it has an appropriate `as` value and it is preloaded intentionally. @ https://www.cabelas.com/l/used-centerfire-pistol#sortCriteria=%40offerprice%20ascending&f-action=Revolver&firstResult=36:0
[15806049ms] [WARNING] The resource https://assets.basspro.com/image/upload/b_rgb:FFFFFF,c_pad,dpr_1.0,f_auto,h_375,q_auto,w_600/c_pad,h_375,w_600/v1/ProductImages/UsedGuns/usedgun_102021463_main?pgw=1 was preloaded using link preload but not used within a few seconds from the window's load event. Please make sure it has an appropriate `as` value and it is preloaded intentionally. @ https://www.cabelas.com/l/used-centerfire-pistol#sortCriteria=%40offerprice%20ascending&f-action=Revolver&firstResult=36:0
[15806049ms] [WARNING] The resource https://assets.basspro.com/image/upload/b_rgb:FFFFFF,c_pad,dpr_1.0,f_auto,h_375,q_auto,w_600/c_pad,h_375,w_600/v1/ProductImages/UsedGuns/usedgun_102044626_main?pgw=1 was preloaded using link preload but not used within a few seconds from the window's load event. Please make sure it has an appropriate `as` value and it is preloaded intentionally. @ https://www.cabelas.com/l/used-centerfire-pistol#sortCriteria=%40offerprice%20ascending&f-action=Revolver&firstResult=36:0
[15806049ms] [WARNING] The resource https://assets.basspro.com/image/upload/b_rgb:FFFFFF,c_pad,dpr_1.0,f_auto,h_375,q_auto,w_600/c_pad,h_375,w_600/v1/ProductImages/UsedGuns/usedgun_102039082_main?pgw=1 was preloaded using link preload but not used within a few seconds from the window's load event. Please make sure it has an appropriate `as` value and it is preloaded intentionally. @ https://www.cabelas.com/l/used-centerfire-pistol#sortCriteria=%40offerprice%20ascending&f-action=Revolver&firstResult=36:0
[15842489ms] [WARNING] The resource https://assets.basspro.com/image/upload/b_rgb:FFFFFF,c_pad,dpr_1.0,f_auto,h_375,q_auto,w_600/c_pad,h_375,w_600/v1/ProductImages/UsedGuns/usedgun_102043796_main?pgw=1 was preloaded using link preload but not used within a few seconds from the window's load event. Please make sure it has an appropriate `as` value and it is preloaded intentionally. @ https://www.cabelas.com/l/used-centerfire-pistol#sortCriteria=%40offerprice%20ascending&f-action=Revolver&firstResult=36:0
[15842489ms] [WARNING] The resource https://assets.basspro.com/image/upload/b_rgb:FFFFFF,c_pad,dpr_1.0,f_auto,h_375,q_auto,w_600/c_pad,h_375,w_600/v1/ProductImages/UsedGuns/usedgun_102021463_main?pgw=1 was preloaded using link preload but not used within a few seconds from the window's load event. Please make sure it has an appropriate `as` value and it is preloaded intentionally. @ https://www.cabelas.com/l/used-centerfire-pistol#sortCriteria=%40offerprice%20ascending&f-action=Revolver&firstResult=36:0
[15842489ms] [WARNING] The resource https://assets.basspro.com/image/upload/b_rgb:FFFFFF,c_pad,dpr_1.0,f_auto,h_375,q_auto,w_600/c_pad,h_375,w_600/v1/ProductImages/UsedGuns/usedgun_102044626_main?pgw=1 was preloaded using link preload but not used within a few seconds from the window's load event. Please make sure it has an appropriate `as` value and it is preloaded intentionally. @ https://www.cabelas.com/l/used-centerfire-pistol#sortCriteria=%40offerprice%20ascending&f-action=Revolver&firstResult=36:0
[15842489ms] [WARNING] The resource https://assets.basspro.com/image/upload/b_rgb:FFFFFF,c_pad,dpr_1.0,f_auto,h_375,q_auto,w_600/c_pad,h_375,w_600/v1/ProductImages/UsedGuns/usedgun_102039082_main?pgw=1 was preloaded using link preload but not used within a few seconds from the window's load event. Please make sure it has an appropriate `as` value and it is preloaded intentionally. @ https://www.cabelas.com/l/used-centerfire-pistol#sortCriteria=%40offerprice%20ascending&f-action=Revolver&firstResult=36:0
[15866195ms] [WARNING] The resource https://assets.basspro.com/image/upload/b_rgb:FFFFFF,c_pad,dpr_1.0,f_auto,h_375,q_auto,w_600/c_pad,h_375,w_600/v1/ProductImages/UsedGuns/usedgun_102043796_main?pgw=1 was preloaded using link preload but not used within a few seconds from the window's load event. Please make sure it has an appropriate `as` value and it is preloaded intentionally. @ https://www.cabelas.com/l/used-centerfire-pistol#sortCriteria=%40offerprice%20ascending&f-action=Revolver&firstResult=36:0
[15866195ms] [WARNING] The resource https://assets.basspro.com/image/upload/b_rgb:FFFFFF,c_pad,dpr_1.0,f_auto,h_375,q_auto,w_600/c_pad,h_375,w_600/v1/ProductImages/UsedGuns/usedgun_102021463_main?pgw=1 was preloaded using link preload but not used within a few seconds from the window's load event. Please make sure it has an appropriate `as` value and it is preloaded intentionally. @ https://www.cabelas.com/l/used-centerfire-pistol#sortCriteria=%40offerprice%20ascending&f-action=Revolver&firstResult=36:0
[15866195ms] [WARNING] The resource https://assets.basspro.com/image/upload/b_rgb:FFFFFF,c_pad,dpr_1.0,f_auto,h_375,q_auto,w_600/c_pad,h_375,w_600/v1/ProductImages/UsedGuns/usedgun_102044626_main?pgw=1 was preloaded using link preload but not used within a few seconds from the window's load event. Please make sure it has an appropriate `as` value and it is preloaded intentionally. @ https://www.cabelas.com/l/used-centerfire-pistol#sortCriteria=%40offerprice%20ascending&f-action=Revolver&firstResult=36:0
[15866195ms] [WARNING] The resource https://assets.basspro.com/image/upload/b_rgb:FFFFFF,c_pad,dpr_1.0,f_auto,h_375,q_auto,w_600/c_pad,h_375,w_600/v1/ProductImages/UsedGuns/usedgun_102039082_main?pgw=1 was preloaded using link preload but not used within a few seconds from the window's load event. Please make sure it has an appropriate `as` value and it is preloaded intentionally. @ https://www.cabelas.com/l/used-centerfire-pistol#sortCriteria=%40offerprice%20ascending&f-action=Revolver&firstResult=36:0
[15926326ms] [WARNING] The resource https://assets.basspro.com/image/upload/b_rgb:FFFFFF,c_pad,dpr_1.0,f_auto,h_375,q_auto,w_600/c_pad,h_375,w_600/v1/ProductImages/UsedGuns/usedgun_102043796_main?pgw=1 was preloaded using link preload but not used within a few seconds from the window's load event. Please make sure it has an appropriate `as` value and it is preloaded intentionally. @ https://www.cabelas.com/l/used-centerfire-pistol#sortCriteria=%40offerprice%20ascending&f-action=Revolver&firstResult=36:0
[15926326ms] [WARNING] The resource https://assets.basspro.com/image/upload/b_rgb:FFFFFF,c_pad,dpr_1.0,f_auto,h_375,q_auto,w_600/c_pad,h_375,w_600/v1/ProductImages/UsedGuns/usedgun_102021463_main?pgw=1 was preloaded using link preload but not used within a few seconds from the window's load event. Please make sure it has an appropriate `as` value and it is preloaded intentionally. @ https://www.cabelas.com/l/used-centerfire-pistol#sortCriteria=%40offerprice%20ascending&f-action=Revolver&firstResult=36:0
[15926326ms] [WARNING] The resource https://assets.basspro.com/image/upload/b_rgb:FFFFFF,c_pad,dpr_1.0,f_auto,h_375,q_auto,w_600/c_pad,h_375,w_600/v1/ProductImages/UsedGuns/usedgun_102044626_main?pgw=1 was preloaded using link preload but not used within a few seconds from the window's load event. Please make sure it has an appropriate `as` value and it is preloaded intentionally. @ https://www.cabelas.com/l/used-centerfire-pistol#sortCriteria=%40offerprice%20ascending&f-action=Revolver&firstResult=36:0
[15926326ms] [WARNING] The resource https://assets.basspro.com/image/upload/b_rgb:FFFFFF,c_pad,dpr_1.0,f_auto,h_375,q_auto,w_600/c_pad,h_375,w_600/v1/ProductImages/UsedGuns/usedgun_102039082_main?pgw=1 was preloaded using link preload but not used within a few seconds from the window's load event. Please make sure it has an appropriate `as` value and it is preloaded intentionally. @ https://www.cabelas.com/l/used-centerfire-pistol#sortCriteria=%40offerprice%20ascending&f-action=Revolver&firstResult=36:0
[15986426ms] [WARNING] The resource https://assets.basspro.com/image/upload/b_rgb:FFFFFF,c_pad,dpr_1.0,f_auto,h_375,q_auto,w_600/c_pad,h_375,w_600/v1/ProductImages/UsedGuns/usedgun_102043796_main?pgw=1 was preloaded using link preload but not used within a few seconds from the window's load event. Please make sure it has an appropriate `as` value and it is preloaded intentionally. @ https://www.cabelas.com/l/used-centerfire-pistol#sortCriteria=%40offerprice%20ascending&f-action=Revolver&firstResult=36:0
[15986426ms] [WARNING] The resource https://assets.basspro.com/image/upload/b_rgb:FFFFFF,c_pad,dpr_1.0,f_auto,h_375,q_auto,w_600/c_pad,h_375,w_600/v1/ProductImages/UsedGuns/usedgun_102021463_main?pgw=1 was preloaded using link preload but not used within a few seconds from the window's load event. Please make sure it has an appropriate `as` value and it is preloaded intentionally. @ https://www.cabelas.com/l/used-centerfire-pistol#sortCriteria=%40offerprice%20ascending&f-action=Revolver&firstResult=36:0
[15986426ms] [WARNING] The resource https://assets.basspro.com/image/upload/b_rgb:FFFFFF,c_pad,dpr_1.0,f_auto,h_375,q_auto,w_600/c_pad,h_375,w_600/v1/ProductImages/UsedGuns/usedgun_102044626_main?pgw=1 was preloaded using link preload but not used within a few seconds from the window's load event. Please make sure it has an appropriate `as` value and it is preloaded intentionally. @ https://www.cabelas.com/l/used-centerfire-pistol#sortCriteria=%40offerprice%20ascending&f-action=Revolver&firstResult=36:0
[15986426ms] [WARNING] The resource https://assets.basspro.com/image/upload/b_rgb:FFFFFF,c_pad,dpr_1.0,f_auto,h_375,q_auto,w_600/c_pad,h_375,w_600/v1/ProductImages/UsedGuns/usedgun_102039082_main?pgw=1 was preloaded using link preload but not used within a few seconds from the window's load event. Please make sure it has an appropriate `as` value and it is preloaded intentionally. @ https://www.cabelas.com/l/used-centerfire-pistol#sortCriteria=%40offerprice%20ascending&f-action=Revolver&firstResult=36:0
[16022478ms] [WARNING] The resource https://assets.basspro.com/image/upload/b_rgb:FFFFFF,c_pad,dpr_1.0,f_auto,h_375,q_auto,w_600/c_pad,h_375,w_600/v1/ProductImages/UsedGuns/usedgun_102043796_main?pgw=1 was preloaded using link preload but not used within a few seconds from the window's load event. Please make sure it has an appropriate `as` value and it is preloaded intentionally. @ https://www.cabelas.com/l/used-centerfire-pistol#sortCriteria=%40offerprice%20ascending&f-action=Revolver&firstResult=36:0
[16022478ms] [WARNING] The resource https://assets.basspro.com/image/upload/b_rgb:FFFFFF,c_pad,dpr_1.0,f_auto,h_375,q_auto,w_600/c_pad,h_375,w_600/v1/ProductImages/UsedGuns/usedgun_102021463_main?pgw=1 was preloaded using link preload but not used within a few seconds from the window's load event. Please make sure it has an appropriate `as` value and it is preloaded intentionally. @ https://www.cabelas.com/l/used-centerfire-pistol#sortCriteria=%40offerprice%20ascending&f-action=Revolver&firstResult=36:0
[16022478ms] [WARNING] The resource https://assets.basspro.com/image/upload/b_rgb:FFFFFF,c_pad,dpr_1.0,f_auto,h_375,q_auto,w_600/c_pad,h_375,w_600/v1/ProductImages/UsedGuns/usedgun_102044626_main?pgw=1 was preloaded using link preload but not used within a few seconds from the window's load event. Please make sure it has an appropriate `as` value and it is preloaded intentionally. @ https://www.cabelas.com/l/used-centerfire-pistol#sortCriteria=%40offerprice%20ascending&f-action=Revolver&firstResult=36:0
[16022478ms] [WARNING] The resource https://assets.basspro.com/image/upload/b_rgb:FFFFFF,c_pad,dpr_1.0,f_auto,h_375,q_auto,w_600/c_pad,h_375,w_600/v1/ProductImages/UsedGuns/usedgun_102039082_main?pgw=1 was preloaded using link preload but not used within a few seconds from the window's load event. Please make sure it has an appropriate `as` value and it is preloaded intentionally. @ https://www.cabelas.com/l/used-centerfire-pistol#sortCriteria=%40offerprice%20ascending&f-action=Revolver&firstResult=36:0
[16047832ms] [WARNING] The resource https://assets.basspro.com/image/upload/b_rgb:FFFFFF,c_pad,dpr_1.0,f_auto,h_375,q_auto,w_600/c_pad,h_375,w_600/v1/ProductImages/UsedGuns/usedgun_102043796_main?pgw=1 was preloaded using link preload but not used within a few seconds from the window's load event. Please make sure it has an appropriate `as` value and it is preloaded intentionally. @ https://www.cabelas.com/l/used-centerfire-pistol#sortCriteria=%40offerprice%20ascending&f-action=Revolver&firstResult=36:0
[16047832ms] [WARNING] The resource https://assets.basspro.com/image/upload/b_rgb:FFFFFF,c_pad,dpr_1.0,f_auto,h_375,q_auto,w_600/c_pad,h_375,w_600/v1/ProductImages/UsedGuns/usedgun_102021463_main?pgw=1 was preloaded using link preload but not used within a few seconds from the window's load event. Please make sure it has an appropriate `as` value and it is preloaded intentionally. @ https://www.cabelas.com/l/used-centerfire-pistol#sortCriteria=%40offerprice%20ascending&f-action=Revolver&firstResult=36:0
[16047832ms] [WARNING] The resource https://assets.basspro.com/image/upload/b_rgb:FFFFFF,c_pad,dpr_1.0,f_auto,h_375,q_auto,w_600/c_pad,h_375,w_600/v1/ProductImages/UsedGuns/usedgun_102044626_main?pgw=1 was preloaded using link preload but not used within a few seconds from the window's load event. Please make sure it has an appropriate `as` value and it is preloaded intentionally. @ https://www.cabelas.com/l/used-centerfire-pistol#sortCriteria=%40offerprice%20ascending&f-action=Revolver&firstResult=36:0
[16047832ms] [WARNING] The resource https://assets.basspro.com/image/upload/b_rgb:FFFFFF,c_pad,dpr_1.0,f_auto,h_375,q_auto,w_600/c_pad,h_375,w_600/v1/ProductImages/UsedGuns/usedgun_102039082_main?pgw=1 was preloaded using link preload but not used within a few seconds from the window's load event. Please make sure it has an appropriate `as` value and it is preloaded intentionally. @ https://www.cabelas.com/l/used-centerfire-pistol#sortCriteria=%40offerprice%20ascending&f-action=Revolver&firstResult=36:0
[16107020ms] [WARNING] The resource https://assets.basspro.com/image/upload/b_rgb:FFFFFF,c_pad,dpr_1.0,f_auto,h_375,q_auto,w_600/c_pad,h_375,w_600/v1/ProductImages/UsedGuns/usedgun_102043796_main?pgw=1 was preloaded using link preload but not used within a few seconds from the window's load event. Please make sure it has an appropriate `as` value and it is preloaded intentionally. @ https://www.cabelas.com/l/used-centerfire-pistol#sortCriteria=%40offerprice%20ascending&f-action=Revolver&firstResult=36:0
[16107021ms] [WARNING] The resource https://assets.basspro.com/image/upload/b_rgb:FFFFFF,c_pad,dpr_1.0,f_auto,h_375,q_auto,w_600/c_pad,h_375,w_600/v1/ProductImages/UsedGuns/usedgun_102021463_main?pgw=1 was preloaded using link preload but not used within a few seconds from the window's load event. Please make sure it has an appropriate `as` value and it is preloaded intentionally. @ https://www.cabelas.com/l/used-centerfire-pistol#sortCriteria=%40offerprice%20ascending&f-action=Revolver&firstResult=36:0
[16107021ms] [WARNING] The resource https://assets.basspro.com/image/upload/b_rgb:FFFFFF,c_pad,dpr_1.0,f_auto,h_375,q_auto,w_600/c_pad,h_375,w_600/v1/ProductImages/UsedGuns/usedgun_102044626_main?pgw=1 was preloaded using link preload but not used within a few seconds from the window's load event. Please make sure it has an appropriate `as` value and it is preloaded intentionally. @ https://www.cabelas.com/l/used-centerfire-pistol#sortCriteria=%40offerprice%20ascending&f-action=Revolver&firstResult=36:0
[16107021ms] [WARNING] The resource https://assets.basspro.com/image/upload/b_rgb:FFFFFF,c_pad,dpr_1.0,f_auto,h_375,q_auto,w_600/c_pad,h_375,w_600/v1/ProductImages/UsedGuns/usedgun_102039082_main?pgw=1 was preloaded using link preload but not used within a few seconds from the window's load event. Please make sure it has an appropriate `as` value and it is preloaded intentionally. @ https://www.cabelas.com/l/used-centerfire-pistol#sortCriteria=%40offerprice%20ascending&f-action=Revolver&firstResult=36:0
[16167256ms] [WARNING] The resource https://assets.basspro.com/image/upload/b_rgb:FFFFFF,c_pad,dpr_1.0,f_auto,h_375,q_auto,w_600/c_pad,h_375,w_600/v1/ProductImages/UsedGuns/usedgun_102043796_main?pgw=1 was preloaded using link preload but not used within a few seconds from the window's load event. Please make sure it has an appropriate `as` value and it is preloaded intentionally. @ https://www.cabelas.com/l/used-centerfire-pistol#sortCriteria=%40offerprice%20ascending&f-action=Revolver&firstResult=36:0
[16167257ms] [WARNING] The resource https://assets.basspro.com/image/upload/b_rgb:FFFFFF,c_pad,dpr_1.0,f_auto,h_375,q_auto,w_600/c_pad,h_375,w_600/v1/ProductImages/UsedGuns/usedgun_102021463_main?pgw=1 was preloaded using link preload but not used within a few seconds from the window's load event. Please make sure it has an appropriate `as` value and it is preloaded intentionally. @ https://www.cabelas.com/l/used-centerfire-pistol#sortCriteria=%40offerprice%20ascending&f-action=Revolver&firstResult=36:0
[16167257ms] [WARNING] The resource https://assets.basspro.com/image/upload/b_rgb:FFFFFF,c_pad,dpr_1.0,f_auto,h_375,q_auto,w_600/c_pad,h_375,w_600/v1/ProductImages/UsedGuns/usedgun_102044626_main?pgw=1 was preloaded using link preload but not used within a few seconds from the window's load event. Please make sure it has an appropriate `as` value and it is preloaded intentionally. @ https://www.cabelas.com/l/used-centerfire-pistol#sortCriteria=%40offerprice%20ascending&f-action=Revolver&firstResult=36:0
[16167257ms] [WARNING] The resource https://assets.basspro.com/image/upload/b_rgb:FFFFFF,c_pad,dpr_1.0,f_auto,h_375,q_auto,w_600/c_pad,h_375,w_600/v1/ProductImages/UsedGuns/usedgun_102039082_main?pgw=1 was preloaded using link preload but not used within a few seconds from the window's load event. Please make sure it has an appropriate `as` value and it is preloaded intentionally. @ https://www.cabelas.com/l/used-centerfire-pistol#sortCriteria=%40offerprice%20ascending&f-action=Revolver&firstResult=36:0
[16202477ms] [WARNING] The resource https://assets.basspro.com/image/upload/b_rgb:FFFFFF,c_pad,dpr_1.0,f_auto,h_375,q_auto,w_600/c_pad,h_375,w_600/v1/ProductImages/UsedGuns/usedgun_102043796_main?pgw=1 was preloaded using link preload but not used within a few seconds from the window's load event. Please make sure it has an appropriate `as` value and it is preloaded intentionally. @ https://www.cabelas.com/l/used-centerfire-pistol#sortCriteria=%40offerprice%20ascending&f-action=Revolver&firstResult=36:0
[16202477ms] [WARNING] The resource https://assets.basspro.com/image/upload/b_rgb:FFFFFF,c_pad,dpr_1.0,f_auto,h_375,q_auto,w_600/c_pad,h_375,w_600/v1/ProductImages/UsedGuns/usedgun_102021463_main?pgw=1 was preloaded using link preload but not used within a few seconds from the window's load event. Please make sure it has an appropriate `as` value and it is preloaded intentionally. @ https://www.cabelas.com/l/used-centerfire-pistol#sortCriteria=%40offerprice%20ascending&f-action=Revolver&firstResult=36:0
[16202477ms] [WARNING] The resource https://assets.basspro.com/image/upload/b_rgb:FFFFFF,c_pad,dpr_1.0,f_auto,h_375,q_auto,w_600/c_pad,h_375,w_600/v1/ProductImages/UsedGuns/usedgun_102044626_main?pgw=1 was preloaded using link preload but not used within a few seconds from the window's load event. Please make sure it has an appropriate `as` value and it is preloaded intentionally. @ https://www.cabelas.com/l/used-centerfire-pistol#sortCriteria=%40offerprice%20ascending&f-action=Revolver&firstResult=36:0
[16202477ms] [WARNING] The resource https://assets.basspro.com/image/upload/b_rgb:FFFFFF,c_pad,dpr_1.0,f_auto,h_375,q_auto,w_600/c_pad,h_375,w_600/v1/ProductImages/UsedGuns/usedgun_102039082_main?pgw=1 was preloaded using link preload but not used within a few seconds from the window's load event. Please make sure it has an appropriate `as` value and it is preloaded intentionally. @ https://www.cabelas.com/l/used-centerfire-pistol#sortCriteria=%40offerprice%20ascending&f-action=Revolver&firstResult=36:0
[16227263ms] [WARNING] The resource https://assets.basspro.com/image/upload/b_rgb:FFFFFF,c_pad,dpr_1.0,f_auto,h_375,q_auto,w_600/c_pad,h_375,w_600/v1/ProductImages/UsedGuns/usedgun_102043796_main?pgw=1 was preloaded using link preload but not used within a few seconds from the window's load event. Please make sure it has an appropriate `as` value and it is preloaded intentionally. @ https://www.cabelas.com/l/used-centerfire-pistol#sortCriteria=%40offerprice%20ascending&f-action=Revolver&firstResult=36:0
[16227263ms] [WARNING] The resource https://assets.basspro.com/image/upload/b_rgb:FFFFFF,c_pad,dpr_1.0,f_auto,h_375,q_auto,w_600/c_pad,h_375,w_600/v1/ProductImages/UsedGuns/usedgun_102021463_main?pgw=1 was preloaded using link preload but not used within a few seconds from the window's load event. Please make sure it has an appropriate `as` value and it is preloaded intentionally. @ https://www.cabelas.com/l/used-centerfire-pistol#sortCriteria=%40offerprice%20ascending&f-action=Revolver&firstResult=36:0
[16227263ms] [WARNING] The resource https://assets.basspro.com/image/upload/b_rgb:FFFFFF,c_pad,dpr_1.0,f_auto,h_375,q_auto,w_600/c_pad,h_375,w_600/v1/ProductImages/UsedGuns/usedgun_102044626_main?pgw=1 was preloaded using link preload but not used within a few seconds from the window's load event. Please make sure it has an appropriate `as` value and it is preloaded intentionally. @ https://www.cabelas.com/l/used-centerfire-pistol#sortCriteria=%40offerprice%20ascending&f-action=Revolver&firstResult=36:0
[16227263ms] [WARNING] The resource https://assets.basspro.com/image/upload/b_rgb:FFFFFF,c_pad,dpr_1.0,f_auto,h_375,q_auto,w_600/c_pad,h_375,w_600/v1/ProductImages/UsedGuns/usedgun_102039082_main?pgw=1 was preloaded using link preload but not used within a few seconds from the window's load event. Please make sure it has an appropriate `as` value and it is preloaded intentionally. @ https://www.cabelas.com/l/used-centerfire-pistol#sortCriteria=%40offerprice%20ascending&f-action=Revolver&firstResult=36:0
[16287509ms] [WARNING] The resource https://assets.basspro.com/image/upload/b_rgb:FFFFFF,c_pad,dpr_1.0,f_auto,h_375,q_auto,w_600/c_pad,h_375,w_600/v1/ProductImages/UsedGuns/usedgun_102043796_main?pgw=1 was preloaded using link preload but not used within a few seconds from the window's load event. Please make sure it has an appropriate `as` value and it is preloaded intentionally. @ https://www.cabelas.com/l/used-centerfire-pistol#sortCriteria=%40offerprice%20ascending&f-action=Revolver&firstResult=36:0
[16287510ms] [WARNING] The resource https://assets.basspro.com/image/upload/b_rgb:FFFFFF,c_pad,dpr_1.0,f_auto,h_375,q_auto,w_600/c_pad,h_375,w_600/v1/ProductImages/UsedGuns/usedgun_102021463_main?pgw=1 was preloaded using link preload but not used within a few seconds from the window's load event. Please make sure it has an appropriate `as` value and it is preloaded intentionally. @ https://www.cabelas.com/l/used-centerfire-pistol#sortCriteria=%40offerprice%20ascending&f-action=Revolver&firstResult=36:0
[16287510ms] [WARNING] The resource https://assets.basspro.com/image/upload/b_rgb:FFFFFF,c_pad,dpr_1.0,f_auto,h_375,q_auto,w_600/c_pad,h_375,w_600/v1/ProductImages/UsedGuns/usedgun_102044626_main?pgw=1 was preloaded using link preload but not used within a few seconds from the window's load event. Please make sure it has an appropriate `as` value and it is preloaded intentionally. @ https://www.cabelas.com/l/used-centerfire-pistol#sortCriteria=%40offerprice%20ascending&f-action=Revolver&firstResult=36:0
[16287510ms] [WARNING] The resource https://assets.basspro.com/image/upload/b_rgb:FFFFFF,c_pad,dpr_1.0,f_auto,h_375,q_auto,w_600/c_pad,h_375,w_600/v1/ProductImages/UsedGuns/usedgun_102039082_main?pgw=1 was preloaded using link preload but not used within a few seconds from the window's load event. Please make sure it has an appropriate `as` value and it is preloaded intentionally. @ https://www.cabelas.com/l/used-centerfire-pistol#sortCriteria=%40offerprice%20ascending&f-action=Revolver&firstResult=36:0
[16347560ms] [WARNING] The resource https://assets.basspro.com/image/upload/b_rgb:FFFFFF,c_pad,dpr_1.0,f_auto,h_375,q_auto,w_600/c_pad,h_375,w_600/v1/ProductImages/UsedGuns/usedgun_102043796_main?pgw=1 was preloaded using link preload but not used within a few seconds from the window's load event. Please make sure it has an appropriate `as` value and it is preloaded intentionally. @ https://www.cabelas.com/l/used-centerfire-pistol#sortCriteria=%40offerprice%20ascending&f-action=Revolver&firstResult=36:0
[16347560ms] [WARNING] The resource https://assets.basspro.com/image/upload/b_rgb:FFFFFF,c_pad,dpr_1.0,f_auto,h_375,q_auto,w_600/c_pad,h_375,w_600/v1/ProductImages/UsedGuns/usedgun_102021463_main?pgw=1 was preloaded using link preload but not used within a few seconds from the window's load event. Please make sure it has an appropriate `as` value and it is preloaded intentionally. @ https://www.cabelas.com/l/used-centerfire-pistol#sortCriteria=%40offerprice%20ascending&f-action=Revolver&firstResult=36:0
[16347560ms] [WARNING] The resource https://assets.basspro.com/image/upload/b_rgb:FFFFFF,c_pad,dpr_1.0,f_auto,h_375,q_auto,w_600/c_pad,h_375,w_600/v1/ProductImages/UsedGuns/usedgun_102044626_main?pgw=1 was preloaded using link preload but not used within a few seconds from the window's load event. Please make sure it has an appropriate `as` value and it is preloaded intentionally. @ https://www.cabelas.com/l/used-centerfire-pistol#sortCriteria=%40offerprice%20ascending&f-action=Revolver&firstResult=36:0
[16347560ms] [WARNING] The resource https://assets.basspro.com/image/upload/b_rgb:FFFFFF,c_pad,dpr_1.0,f_auto,h_375,q_auto,w_600/c_pad,h_375,w_600/v1/ProductImages/UsedGuns/usedgun_102039082_main?pgw=1 was preloaded using link preload but not used within a few seconds from the window's load event. Please make sure it has an appropriate `as` value and it is preloaded intentionally. @ https://www.cabelas.com/l/used-centerfire-pistol#sortCriteria=%40offerprice%20ascending&f-action=Revolver&firstResult=36:0
[16382483ms] [WARNING] The resource https://assets.basspro.com/image/upload/b_rgb:FFFFFF,c_pad,dpr_1.0,f_auto,h_375,q_auto,w_600/c_pad,h_375,w_600/v1/ProductImages/UsedGuns/usedgun_102043796_main?pgw=1 was preloaded using link preload but not used within a few seconds from the window's load event. Please make sure it has an appropriate `as` value and it is preloaded intentionally. @ https://www.cabelas.com/l/used-centerfire-pistol#sortCriteria=%40offerprice%20ascending&f-action=Revolver&firstResult=36:0
[16382483ms] [WARNING] The resource https://assets.basspro.com/image/upload/b_rgb:FFFFFF,c_pad,dpr_1.0,f_auto,h_375,q_auto,w_600/c_pad,h_375,w_600/v1/ProductImages/UsedGuns/usedgun_102021463_main?pgw=1 was preloaded using link preload but not used within a few seconds from the window's load event. Please make sure it has an appropriate `as` value and it is preloaded intentionally. @ https://www.cabelas.com/l/used-centerfire-pistol#sortCriteria=%40offerprice%20ascending&f-action=Revolver&firstResult=36:0
[16382483ms] [WARNING] The resource https://assets.basspro.com/image/upload/b_rgb:FFFFFF,c_pad,dpr_1.0,f_auto,h_375,q_auto,w_600/c_pad,h_375,w_600/v1/ProductImages/UsedGuns/usedgun_102044626_main?pgw=1 was preloaded using link preload but not used within a few seconds from the window's load event. Please make sure it has an appropriate `as` value and it is preloaded intentionally. @ https://www.cabelas.com/l/used-centerfire-pistol#sortCriteria=%40offerprice%20ascending&f-action=Revolver&firstResult=36:0
[16382483ms] [WARNING] The resource https://assets.basspro.com/image/upload/b_rgb:FFFFFF,c_pad,dpr_1.0,f_auto,h_375,q_auto,w_600/c_pad,h_375,w_600/v1/ProductImages/UsedGuns/usedgun_102039082_main?pgw=1 was preloaded using link preload but not used within a few seconds from the window's load event. Please make sure it has an appropriate `as` value and it is preloaded intentionally. @ https://www.cabelas.com/l/used-centerfire-pistol#sortCriteria=%40offerprice%20ascending&f-action=Revolver&firstResult=36:0
[16406627ms] [WARNING] The resource https://assets.basspro.com/image/upload/b_rgb:FFFFFF,c_pad,dpr_1.0,f_auto,h_375,q_auto,w_600/c_pad,h_375,w_600/v1/ProductImages/UsedGuns/usedgun_102043796_main?pgw=1 was preloaded using link preload but not used within a few seconds from the window's load event. Please make sure it has an appropriate `as` value and it is preloaded intentionally. @ https://www.cabelas.com/l/used-centerfire-pistol#sortCriteria=%40offerprice%20ascending&f-action=Revolver&firstResult=36:0
[16406627ms] [WARNING] The resource https://assets.basspro.com/image/upload/b_rgb:FFFFFF,c_pad,dpr_1.0,f_auto,h_375,q_auto,w_600/c_pad,h_375,w_600/v1/ProductImages/UsedGuns/usedgun_102021463_main?pgw=1 was preloaded using link preload but not used within a few seconds from the window's load event. Please make sure it has an appropriate `as` value and it is preloaded intentionally. @ https://www.cabelas.com/l/used-centerfire-pistol#sortCriteria=%40offerprice%20ascending&f-action=Revolver&firstResult=36:0
[16406627ms] [WARNING] The resource https://assets.basspro.com/image/upload/b_rgb:FFFFFF,c_pad,dpr_1.0,f_auto,h_375,q_auto,w_600/c_pad,h_375,w_600/v1/ProductImages/UsedGuns/usedgun_102044626_main?pgw=1 was preloaded using link preload but not used within a few seconds from the window's load event. Please make sure it has an appropriate `as` value and it is preloaded intentionally. @ https://www.cabelas.com/l/used-centerfire-pistol#sortCriteria=%40offerprice%20ascending&f-action=Revolver&firstResult=36:0
[16406627ms] [WARNING] The resource https://assets.basspro.com/image/upload/b_rgb:FFFFFF,c_pad,dpr_1.0,f_auto,h_375,q_auto,w_600/c_pad,h_375,w_600/v1/ProductImages/UsedGuns/usedgun_102039082_main?pgw=1 was preloaded using link preload but not used within a few seconds from the window's load event. Please make sure it has an appropriate `as` value and it is preloaded intentionally. @ https://www.cabelas.com/l/used-centerfire-pistol#sortCriteria=%40offerprice%20ascending&f-action=Revolver&firstResult=36:0
[16465788ms] [WARNING] The resource https://assets.basspro.com/image/upload/b_rgb:FFFFFF,c_pad,dpr_1.0,f_auto,h_375,q_auto,w_600/c_pad,h_375,w_600/v1/ProductImages/UsedGuns/usedgun_102043796_main?pgw=1 was preloaded using link preload but not used within a few seconds from the window's load event. Please make sure it has an appropriate `as` value and it is preloaded intentionally. @ https://www.cabelas.com/l/used-centerfire-pistol#sortCriteria=%40offerprice%20ascending&f-action=Revolver&firstResult=36:0
[16465788ms] [WARNING] The resource https://assets.basspro.com/image/upload/b_rgb:FFFFFF,c_pad,dpr_1.0,f_auto,h_375,q_auto,w_600/c_pad,h_375,w_600/v1/ProductImages/UsedGuns/usedgun_102021463_main?pgw=1 was preloaded using link preload but not used within a few seconds from the window's load event. Please make sure it has an appropriate `as` value and it is preloaded intentionally. @ https://www.cabelas.com/l/used-centerfire-pistol#sortCriteria=%40offerprice%20ascending&f-action=Revolver&firstResult=36:0
[16465788ms] [WARNING] The resource https://assets.basspro.com/image/upload/b_rgb:FFFFFF,c_pad,dpr_1.0,f_auto,h_375,q_auto,w_600/c_pad,h_375,w_600/v1/ProductImages/UsedGuns/usedgun_102044626_main?pgw=1 was preloaded using link preload but not used within a few seconds from the window's load event. Please make sure it has an appropriate `as` value and it is preloaded intentionally. @ https://www.cabelas.com/l/used-centerfire-pistol#sortCriteria=%40offerprice%20ascending&f-action=Revolver&firstResult=36:0
[16465788ms] [WARNING] The resource https://assets.basspro.com/image/upload/b_rgb:FFFFFF,c_pad,dpr_1.0,f_auto,h_375,q_auto,w_600/c_pad,h_375,w_600/v1/ProductImages/UsedGuns/usedgun_102039082_main?pgw=1 was preloaded using link preload but not used within a few seconds from the window's load event. Please make sure it has an appropriate `as` value and it is preloaded intentionally. @ https://www.cabelas.com/l/used-centerfire-pistol#sortCriteria=%40offerprice%20ascending&f-action=Revolver&firstResult=36:0
[16524929ms] [WARNING] The resource https://assets.basspro.com/image/upload/b_rgb:FFFFFF,c_pad,dpr_1.0,f_auto,h_375,q_auto,w_600/c_pad,h_375,w_600/v1/ProductImages/UsedGuns/usedgun_102043796_main?pgw=1 was preloaded using link preload but not used within a few seconds from the window's load event. Please make sure it has an appropriate `as` value and it is preloaded intentionally. @ https://www.cabelas.com/l/used-centerfire-pistol#sortCriteria=%40offerprice%20ascending&f-action=Revolver&firstResult=36:0
[16524929ms] [WARNING] The resource https://assets.basspro.com/image/upload/b_rgb:FFFFFF,c_pad,dpr_1.0,f_auto,h_375,q_auto,w_600/c_pad,h_375,w_600/v1/ProductImages/UsedGuns/usedgun_102021463_main?pgw=1 was preloaded using link preload but not used within a few seconds from the window's load event. Please make sure it has an appropriate `as` value and it is preloaded intentionally. @ https://www.cabelas.com/l/used-centerfire-pistol#sortCriteria=%40offerprice%20ascending&f-action=Revolver&firstResult=36:0
[16524930ms] [WARNING] The resource https://assets.basspro.com/image/upload/b_rgb:FFFFFF,c_pad,dpr_1.0,f_auto,h_375,q_auto,w_600/c_pad,h_375,w_600/v1/ProductImages/UsedGuns/usedgun_102044626_main?pgw=1 was preloaded using link preload but not used within a few seconds from the window's load event. Please make sure it has an appropriate `as` value and it is preloaded intentionally. @ https://www.cabelas.com/l/used-centerfire-pistol#sortCriteria=%40offerprice%20ascending&f-action=Revolver&firstResult=36:0
[16524930ms] [WARNING] The resource https://assets.basspro.com/image/upload/b_rgb:FFFFFF,c_pad,dpr_1.0,f_auto,h_375,q_auto,w_600/c_pad,h_375,w_600/v1/ProductImages/UsedGuns/usedgun_102039082_main?pgw=1 was preloaded using link preload but not used within a few seconds from the window's load event. Please make sure it has an appropriate `as` value and it is preloaded intentionally. @ https://www.cabelas.com/l/used-centerfire-pistol#sortCriteria=%40offerprice%20ascending&f-action=Revolver&firstResult=36:0
[16562519ms] [WARNING] The resource https://assets.basspro.com/image/upload/b_rgb:FFFFFF,c_pad,dpr_1.0,f_auto,h_375,q_auto,w_600/c_pad,h_375,w_600/v1/ProductImages/UsedGuns/usedgun_102043796_main?pgw=1 was preloaded using link preload but not used within a few seconds from the window's load event. Please make sure it has an appropriate `as` value and it is preloaded intentionally. @ https://www.cabelas.com/l/used-centerfire-pistol#sortCriteria=%40offerprice%20ascending&f-action=Revolver&firstResult=36:0
[16562519ms] [WARNING] The resource https://assets.basspro.com/image/upload/b_rgb:FFFFFF,c_pad,dpr_1.0,f_auto,h_375,q_auto,w_600/c_pad,h_375,w_600/v1/ProductImages/UsedGuns/usedgun_102021463_main?pgw=1 was preloaded using link preload but not used within a few seconds from the window's load event. Please make sure it has an appropriate `as` value and it is preloaded intentionally. @ https://www.cabelas.com/l/used-centerfire-pistol#sortCriteria=%40offerprice%20ascending&f-action=Revolver&firstResult=36:0
[16562519ms] [WARNING] The resource https://assets.basspro.com/image/upload/b_rgb:FFFFFF,c_pad,dpr_1.0,f_auto,h_375,q_auto,w_600/c_pad,h_375,w_600/v1/ProductImages/UsedGuns/usedgun_102044626_main?pgw=1 was preloaded using link preload but not used within a few seconds from the window's load event. Please make sure it has an appropriate `as` value and it is preloaded intentionally. @ https://www.cabelas.com/l/used-centerfire-pistol#sortCriteria=%40offerprice%20ascending&f-action=Revolver&firstResult=36:0
[16562519ms] [WARNING] The resource https://assets.basspro.com/image/upload/b_rgb:FFFFFF,c_pad,dpr_1.0,f_auto,h_375,q_auto,w_600/c_pad,h_375,w_600/v1/ProductImages/UsedGuns/usedgun_102039082_main?pgw=1 was preloaded using link preload but not used within a few seconds from the window's load event. Please make sure it has an appropriate `as` value and it is preloaded intentionally. @ https://www.cabelas.com/l/used-centerfire-pistol#sortCriteria=%40offerprice%20ascending&f-action=Revolver&firstResult=36:0
[16584065ms] [WARNING] The resource https://assets.basspro.com/image/upload/b_rgb:FFFFFF,c_pad,dpr_1.0,f_auto,h_375,q_auto,w_600/c_pad,h_375,w_600/v1/ProductImages/UsedGuns/usedgun_102043796_main?pgw=1 was preloaded using link preload but not used within a few seconds from the window's load event. Please make sure it has an appropriate `as` value and it is preloaded intentionally. @ https://www.cabelas.com/l/used-centerfire-pistol#sortCriteria=%40offerprice%20ascending&f-action=Revolver&firstResult=36:0
[16584065ms] [WARNING] The resource https://assets.basspro.com/image/upload/b_rgb:FFFFFF,c_pad,dpr_1.0,f_auto,h_375,q_auto,w_600/c_pad,h_375,w_600/v1/ProductImages/UsedGuns/usedgun_102021463_main?pgw=1 was preloaded using link preload but not used within a few seconds from the window's load event. Please make sure it has an appropriate `as` value and it is preloaded intentionally. @ https://www.cabelas.com/l/used-centerfire-pistol#sortCriteria=%40offerprice%20ascending&f-action=Revolver&firstResult=36:0
[16584065ms] [WARNING] The resource https://assets.basspro.com/image/upload/b_rgb:FFFFFF,c_pad,dpr_1.0,f_auto,h_375,q_auto,w_600/c_pad,h_375,w_600/v1/ProductImages/UsedGuns/usedgun_102044626_main?pgw=1 was preloaded using link preload but not used within a few seconds from the window's load event. Please make sure it has an appropriate `as` value and it is preloaded intentionally. @ https://www.cabelas.com/l/used-centerfire-pistol#sortCriteria=%40offerprice%20ascending&f-action=Revolver&firstResult=36:0
[16584065ms] [WARNING] The resource https://assets.basspro.com/image/upload/b_rgb:FFFFFF,c_pad,dpr_1.0,f_auto,h_375,q_auto,w_600/c_pad,h_375,w_600/v1/ProductImages/UsedGuns/usedgun_102039082_main?pgw=1 was preloaded using link preload but not used within a few seconds from the window's load event. Please make sure it has an appropriate `as` value and it is preloaded intentionally. @ https://www.cabelas.com/l/used-centerfire-pistol#sortCriteria=%40offerprice%20ascending&f-action=Revolver&firstResult=36:0
[16627391ms] [WARNING] The resource https://assets.basspro.com/image/upload/b_rgb:FFFFFF,c_pad,dpr_1.0,f_auto,h_375,q_auto,w_600/c_pad,h_375,w_600/v1/ProductImages/UsedGuns/usedgun_102043796_main?pgw=1 was preloaded using link preload but not used within a few seconds from the window's load event. Please make sure it has an appropriate `as` value and it is preloaded intentionally. @ https://www.cabelas.com/l/used-centerfire-pistol#sortCriteria=%40offerprice%20ascending&f-action=Revolver&firstResult=36:0
[16627391ms] [WARNING] The resource https://assets.basspro.com/image/upload/b_rgb:FFFFFF,c_pad,dpr_1.0,f_auto,h_375,q_auto,w_600/c_pad,h_375,w_600/v1/ProductImages/UsedGuns/usedgun_102021463_main?pgw=1 was preloaded using link preload but not used within a few seconds from the window's load event. Please make sure it has an appropriate `as` value and it is preloaded intentionally. @ https://www.cabelas.com/l/used-centerfire-pistol#sortCriteria=%40offerprice%20ascending&f-action=Revolver&firstResult=36:0
[16627391ms] [WARNING] The resource https://assets.basspro.com/image/upload/b_rgb:FFFFFF,c_pad,dpr_1.0,f_auto,h_375,q_auto,w_600/c_pad,h_375,w_600/v1/ProductImages/UsedGuns/usedgun_102044626_main?pgw=1 was preloaded using link preload but not used within a few seconds from the window's load event. Please make sure it has an appropriate `as` value and it is preloaded intentionally. @ https://www.cabelas.com/l/used-centerfire-pistol#sortCriteria=%40offerprice%20ascending&f-action=Revolver&firstResult=36:0
[16627392ms] [WARNING] The resource https://assets.basspro.com/image/upload/b_rgb:FFFFFF,c_pad,dpr_1.0,f_auto,h_375,q_auto,w_600/c_pad,h_375,w_600/v1/ProductImages/UsedGuns/usedgun_102039082_main?pgw=1 was preloaded using link preload but not used within a few seconds from the window's load event. Please make sure it has an appropriate `as` value and it is preloaded intentionally. @ https://www.cabelas.com/l/used-centerfire-pistol#sortCriteria=%40offerprice%20ascending&f-action=Revolver&firstResult=36:0
[16644200ms] [WARNING] The resource https://assets.basspro.com/image/upload/b_rgb:FFFFFF,c_pad,dpr_1.0,f_auto,h_375,q_auto,w_600/c_pad,h_375,w_600/v1/ProductImages/UsedGuns/usedgun_102043796_main?pgw=1 was preloaded using link preload but not used within a few seconds from the window's load event. Please make sure it has an appropriate `as` value and it is preloaded intentionally. @ https://www.cabelas.com/l/used-centerfire-pistol#sortCriteria=%40offerprice%20ascending&f-action=Revolver&firstResult=36:0
[16644200ms] [WARNING] The resource https://assets.basspro.com/image/upload/b_rgb:FFFFFF,c_pad,dpr_1.0,f_auto,h_375,q_auto,w_600/c_pad,h_375,w_600/v1/ProductImages/UsedGuns/usedgun_102021463_main?pgw=1 was preloaded using link preload but not used within a few seconds from the window's load event. Please make sure it has an appropriate `as` value and it is preloaded intentionally. @ https://www.cabelas.com/l/used-centerfire-pistol#sortCriteria=%40offerprice%20ascending&f-action=Revolver&firstResult=36:0
[16644200ms] [WARNING] The resource https://assets.basspro.com/image/upload/b_rgb:FFFFFF,c_pad,dpr_1.0,f_auto,h_375,q_auto,w_600/c_pad,h_375,w_600/v1/ProductImages/UsedGuns/usedgun_102044626_main?pgw=1 was preloaded using link preload but not used within a few seconds from the window's load event. Please make sure it has an appropriate `as` value and it is preloaded intentionally. @ https://www.cabelas.com/l/used-centerfire-pistol#sortCriteria=%40offerprice%20ascending&f-action=Revolver&firstResult=36:0
[16644200ms] [WARNING] The resource https://assets.basspro.com/image/upload/b_rgb:FFFFFF,c_pad,dpr_1.0,f_auto,h_375,q_auto,w_600/c_pad,h_375,w_600/v1/ProductImages/UsedGuns/usedgun_102039082_main?pgw=1 was preloaded using link preload but not used within a few seconds from the window's load event. Please make sure it has an appropriate `as` value and it is preloaded intentionally. @ https://www.cabelas.com/l/used-centerfire-pistol#sortCriteria=%40offerprice%20ascending&f-action=Revolver&firstResult=36:0
[16656768ms] [WARNING] The resource https://assets.basspro.com/image/upload/b_rgb:FFFFFF,c_pad,dpr_1.0,f_auto,h_375,q_auto,w_600/c_pad,h_375,w_600/v1/ProductImages/UsedGuns/usedgun_102043796_main?pgw=1 was preloaded using link preload but not used within a few seconds from the window's load event. Please make sure it has an appropriate `as` value and it is preloaded intentionally. @ https://www.cabelas.com/l/used-centerfire-pistol#sortCriteria=%40offerprice%20ascending&f-action=Revolver&firstResult=36:0
[16656769ms] [WARNING] The resource https://assets.basspro.com/image/upload/b_rgb:FFFFFF,c_pad,dpr_1.0,f_auto,h_375,q_auto,w_600/c_pad,h_375,w_600/v1/ProductImages/UsedGuns/usedgun_102021463_main?pgw=1 was preloaded using link preload but not used within a few seconds from the window's load event. Please make sure it has an appropriate `as` value and it is preloaded intentionally. @ https://www.cabelas.com/l/used-centerfire-pistol#sortCriteria=%40offerprice%20ascending&f-action=Revolver&firstResult=36:0
[16656769ms] [WARNING] The resource https://assets.basspro.com/image/upload/b_rgb:FFFFFF,c_pad,dpr_1.0,f_auto,h_375,q_auto,w_600/c_pad,h_375,w_600/v1/ProductImages/UsedGuns/usedgun_102044626_main?pgw=1 was preloaded using link preload but not used within a few seconds from the window's load event. Please make sure it has an appropriate `as` value and it is preloaded intentionally. @ https://www.cabelas.com/l/used-centerfire-pistol#sortCriteria=%40offerprice%20ascending&f-action=Revolver&firstResult=36:0
[16656769ms] [WARNING] The resource https://assets.basspro.com/image/upload/b_rgb:FFFFFF,c_pad,dpr_1.0,f_auto,h_375,q_auto,w_600/c_pad,h_375,w_600/v1/ProductImages/UsedGuns/usedgun_102039082_main?pgw=1 was preloaded using link preload but not used within a few seconds from the window's load event. Please make sure it has an appropriate `as` value and it is preloaded intentionally. @ https://www.cabelas.com/l/used-centerfire-pistol#sortCriteria=%40offerprice%20ascending&f-action=Revolver&firstResult=36:0
[16672587ms] [WARNING] The resource https://assets.basspro.com/image/upload/b_rgb:FFFFFF,c_pad,dpr_1.0,f_auto,h_375,q_auto,w_600/c_pad,h_375,w_600/v1/ProductImages/UsedGuns/usedgun_102043796_main?pgw=1 was preloaded using link preload but not used within a few seconds from the window's load event. Please make sure it has an appropriate `as` value and it is preloaded intentionally. @ https://www.cabelas.com/l/used-centerfire-pistol#sortCriteria=%40offerprice%20ascending&f-action=Revolver&firstResult=36:0
[16672588ms] [WARNING] The resource https://assets.basspro.com/image/upload/b_rgb:FFFFFF,c_pad,dpr_1.0,f_auto,h_375,q_auto,w_600/c_pad,h_375,w_600/v1/ProductImages/UsedGuns/usedgun_102021463_main?pgw=1 was preloaded using link preload but not used within a few seconds from the window's load event. Please make sure it has an appropriate `as` value and it is preloaded intentionally. @ https://www.cabelas.com/l/used-centerfire-pistol#sortCriteria=%40offerprice%20ascending&f-action=Revolver&firstResult=36:0
[16672589ms] [WARNING] The resource https://assets.basspro.com/image/upload/b_rgb:FFFFFF,c_pad,dpr_1.0,f_auto,h_375,q_auto,w_600/c_pad,h_375,w_600/v1/ProductImages/UsedGuns/usedgun_102044626_main?pgw=1 was preloaded using link preload but not used within a few seconds from the window's load event. Please make sure it has an appropriate `as` value and it is preloaded intentionally. @ https://www.cabelas.com/l/used-centerfire-pistol#sortCriteria=%40offerprice%20ascending&f-action=Revolver&firstResult=36:0
[16672589ms] [WARNING] The resource https://assets.basspro.com/image/upload/b_rgb:FFFFFF,c_pad,dpr_1.0,f_auto,h_375,q_auto,w_600/c_pad,h_375,w_600/v1/ProductImages/UsedGuns/usedgun_102039082_main?pgw=1 was preloaded using link preload but not used within a few seconds from the window's load event. Please make sure it has an appropriate `as` value and it is preloaded intentionally. @ https://www.cabelas.com/l/used-centerfire-pistol#sortCriteria=%40offerprice%20ascending&f-action=Revolver&firstResult=36:0
[16676294ms] [WARNING] The resource https://assets.basspro.com/image/upload/b_rgb:FFFFFF,c_pad,dpr_1.0,f_auto,h_375,q_auto,w_600/c_pad,h_375,w_600/v1/ProductImages/UsedGuns/usedgun_102043796_main?pgw=1 was preloaded using link preload but not used within a few seconds from the window's load event. Please make sure it has an appropriate `as` value and it is preloaded intentionally. @ https://www.cabelas.com/l/used-centerfire-pistol#sortCriteria=%40offerprice%20ascending&f-action=Revolver&firstResult=36:0
[16676294ms] [WARNING] The resource https://assets.basspro.com/image/upload/b_rgb:FFFFFF,c_pad,dpr_1.0,f_auto,h_375,q_auto,w_600/c_pad,h_375,w_600/v1/ProductImages/UsedGuns/usedgun_102021463_main?pgw=1 was preloaded using link preload but not used within a few seconds from the window's load event. Please make sure it has an appropriate `as` value and it is preloaded intentionally. @ https://www.cabelas.com/l/used-centerfire-pistol#sortCriteria=%40offerprice%20ascending&f-action=Revolver&firstResult=36:0
[16676294ms] [WARNING] The resource https://assets.basspro.com/image/upload/b_rgb:FFFFFF,c_pad,dpr_1.0,f_auto,h_375,q_auto,w_600/c_pad,h_375,w_600/v1/ProductImages/UsedGuns/usedgun_102044626_main?pgw=1 was preloaded using link preload but not used within a few seconds from the window's load event. Please make sure it has an appropriate `as` value and it is preloaded intentionally. @ https://www.cabelas.com/l/used-centerfire-pistol#sortCriteria=%40offerprice%20ascending&f-action=Revolver&firstResult=36:0
[16676294ms] [WARNING] The resource https://assets.basspro.com/image/upload/b_rgb:FFFFFF,c_pad,dpr_1.0,f_auto,h_375,q_auto,w_600/c_pad,h_375,w_600/v1/ProductImages/UsedGuns/usedgun_102039082_main?pgw=1 was preloaded using link preload but not used within a few seconds from the window's load event. Please make sure it has an appropriate `as` value and it is preloaded intentionally. @ https://www.cabelas.com/l/used-centerfire-pistol#sortCriteria=%40offerprice%20ascending&f-action=Revolver&firstResult=36:0
[16707212ms] [WARNING] The resource https://assets.basspro.com/image/upload/b_rgb:FFFFFF,c_pad,dpr_1.0,f_auto,h_375,q_auto,w_600/c_pad,h_375,w_600/v1/ProductImages/UsedGuns/usedgun_102043796_main?pgw=1 was preloaded using link preload but not used within a few seconds from the window's load event. Please make sure it has an appropriate `as` value and it is preloaded intentionally. @ https://www.cabelas.com/l/used-centerfire-pistol#sortCriteria=%40offerprice%20ascending&f-action=Revolver&firstResult=36:0
[16707214ms] [WARNING] The resource https://assets.basspro.com/image/upload/b_rgb:FFFFFF,c_pad,dpr_1.0,f_auto,h_375,q_auto,w_600/c_pad,h_375,w_600/v1/ProductImages/UsedGuns/usedgun_102021463_main?pgw=1 was preloaded using link preload but not used within a few seconds from the window's load event. Please make sure it has an appropriate `as` value and it is preloaded intentionally. @ https://www.cabelas.com/l/used-centerfire-pistol#sortCriteria=%40offerprice%20ascending&f-action=Revolver&firstResult=36:0
[16707214ms] [WARNING] The resource https://assets.basspro.com/image/upload/b_rgb:FFFFFF,c_pad,dpr_1.0,f_auto,h_375,q_auto,w_600/c_pad,h_375,w_600/v1/ProductImages/UsedGuns/usedgun_102044626_main?pgw=1 was preloaded using link preload but not used within a few seconds from the window's load event. Please make sure it has an appropriate `as` value and it is preloaded intentionally. @ https://www.cabelas.com/l/used-centerfire-pistol#sortCriteria=%40offerprice%20ascending&f-action=Revolver&firstResult=36:0
[16707214ms] [WARNING] The resource https://assets.basspro.com/image/upload/b_rgb:FFFFFF,c_pad,dpr_1.0,f_auto,h_375,q_auto,w_600/c_pad,h_375,w_600/v1/ProductImages/UsedGuns/usedgun_102039082_main?pgw=1 was preloaded using link preload but not used within a few seconds from the window's load event. Please make sure it has an appropriate `as` value and it is preloaded intentionally. @ https://www.cabelas.com/l/used-centerfire-pistol#sortCriteria=%40offerprice%20ascending&f-action=Revolver&firstResult=36:0
[16738738ms] [WARNING] The resource https://assets.basspro.com/image/upload/b_rgb:FFFFFF,c_pad,dpr_1.0,f_auto,h_375,q_auto,w_600/c_pad,h_375,w_600/v1/ProductImages/UsedGuns/usedgun_102043796_main?pgw=1 was preloaded using link preload but not used within a few seconds from the window's load event. Please make sure it has an appropriate `as` value and it is preloaded intentionally. @ https://www.cabelas.com/l/used-centerfire-pistol#sortCriteria=%40offerprice%20ascending&f-action=Revolver&firstResult=36:0
[16738739ms] [WARNING] The resource https://assets.basspro.com/image/upload/b_rgb:FFFFFF,c_pad,dpr_1.0,f_auto,h_375,q_auto,w_600/c_pad,h_375,w_600/v1/ProductImages/UsedGuns/usedgun_102021463_main?pgw=1 was preloaded using link preload but not used within a few seconds from the window's load event. Please make sure it has an appropriate `as` value and it is preloaded intentionally. @ https://www.cabelas.com/l/used-centerfire-pistol#sortCriteria=%40offerprice%20ascending&f-action=Revolver&firstResult=36:0
[16738739ms] [WARNING] The resource https://assets.basspro.com/image/upload/b_rgb:FFFFFF,c_pad,dpr_1.0,f_auto,h_375,q_auto,w_600/c_pad,h_375,w_600/v1/ProductImages/UsedGuns/usedgun_102044626_main?pgw=1 was preloaded using link preload but not used within a few seconds from the window's load event. Please make sure it has an appropriate `as` value and it is preloaded intentionally. @ https://www.cabelas.com/l/used-centerfire-pistol#sortCriteria=%40offerprice%20ascending&f-action=Revolver&firstResult=36:0
[16738739ms] [WARNING] The resource https://assets.basspro.com/image/upload/b_rgb:FFFFFF,c_pad,dpr_1.0,f_auto,h_375,q_auto,w_600/c_pad,h_375,w_600/v1/ProductImages/UsedGuns/usedgun_102039082_main?pgw=1 was preloaded using link preload but not used within a few seconds from the window's load event. Please make sure it has an appropriate `as` value and it is preloaded intentionally. @ https://www.cabelas.com/l/used-centerfire-pistol#sortCriteria=%40offerprice%20ascending&f-action=Revolver&firstResult=36:0
[16742458ms] [WARNING] The resource https://assets.basspro.com/image/upload/b_rgb:FFFFFF,c_pad,dpr_1.0,f_auto,h_375,q_auto,w_600/c_pad,h_375,w_600/v1/ProductImages/UsedGuns/usedgun_102043796_main?pgw=1 was preloaded using link preload but not used within a few seconds from the window's load event. Please make sure it has an appropriate `as` value and it is preloaded intentionally. @ https://www.cabelas.com/l/used-centerfire-pistol#sortCriteria=%40offerprice%20ascending&f-action=Revolver&firstResult=36:0
[16742458ms] [WARNING] The resource https://assets.basspro.com/image/upload/b_rgb:FFFFFF,c_pad,dpr_1.0,f_auto,h_375,q_auto,w_600/c_pad,h_375,w_600/v1/ProductImages/UsedGuns/usedgun_102021463_main?pgw=1 was preloaded using link preload but not used within a few seconds from the window's load event. Please make sure it has an appropriate `as` value and it is preloaded intentionally. @ https://www.cabelas.com/l/used-centerfire-pistol#sortCriteria=%40offerprice%20ascending&f-action=Revolver&firstResult=36:0
[16742458ms] [WARNING] The resource https://assets.basspro.com/image/upload/b_rgb:FFFFFF,c_pad,dpr_1.0,f_auto,h_375,q_auto,w_600/c_pad,h_375,w_600/v1/ProductImages/UsedGuns/usedgun_102044626_main?pgw=1 was preloaded using link preload but not used within a few seconds from the window's load event. Please make sure it has an appropriate `as` value and it is preloaded intentionally. @ https://www.cabelas.com/l/used-centerfire-pistol#sortCriteria=%40offerprice%20ascending&f-action=Revolver&firstResult=36:0
[16742458ms] [WARNING] The resource https://assets.basspro.com/image/upload/b_rgb:FFFFFF,c_pad,dpr_1.0,f_auto,h_375,q_auto,w_600/c_pad,h_375,w_600/v1/ProductImages/UsedGuns/usedgun_102039082_main?pgw=1 was preloaded using link preload but not used within a few seconds from the window's load event. Please make sure it has an appropriate `as` value and it is preloaded intentionally. @ https://www.cabelas.com/l/used-centerfire-pistol#sortCriteria=%40offerprice%20ascending&f-action=Revolver&firstResult=36:0
[16766707ms] [WARNING] The resource https://assets.basspro.com/image/upload/b_rgb:FFFFFF,c_pad,dpr_1.0,f_auto,h_375,q_auto,w_600/c_pad,h_375,w_600/v1/ProductImages/UsedGuns/usedgun_102043796_main?pgw=1 was preloaded using link preload but not used within a few seconds from the window's load event. Please make sure it has an appropriate `as` value and it is preloaded intentionally. @ https://www.cabelas.com/l/used-centerfire-pistol#sortCriteria=%40offerprice%20ascending&f-action=Revolver&firstResult=36:0
[16766707ms] [WARNING] The resource https://assets.basspro.com/image/upload/b_rgb:FFFFFF,c_pad,dpr_1.0,f_auto,h_375,q_auto,w_600/c_pad,h_375,w_600/v1/ProductImages/UsedGuns/usedgun_102021463_main?pgw=1 was preloaded using link preload but not used within a few seconds from the window's load event. Please make sure it has an appropriate `as` value and it is preloaded intentionally. @ https://www.cabelas.com/l/used-centerfire-pistol#sortCriteria=%40offerprice%20ascending&f-action=Revolver&firstResult=36:0
[16766707ms] [WARNING] The resource https://assets.basspro.com/image/upload/b_rgb:FFFFFF,c_pad,dpr_1.0,f_auto,h_375,q_auto,w_600/c_pad,h_375,w_600/v1/ProductImages/UsedGuns/usedgun_102044626_main?pgw=1 was preloaded using link preload but not used within a few seconds from the window's load event. Please make sure it has an appropriate `as` value and it is preloaded intentionally. @ https://www.cabelas.com/l/used-centerfire-pistol#sortCriteria=%40offerprice%20ascending&f-action=Revolver&firstResult=36:0
[16766707ms] [WARNING] The resource https://assets.basspro.com/image/upload/b_rgb:FFFFFF,c_pad,dpr_1.0,f_auto,h_375,q_auto,w_600/c_pad,h_375,w_600/v1/ProductImages/UsedGuns/usedgun_102039082_main?pgw=1 was preloaded using link preload but not used within a few seconds from the window's load event. Please make sure it has an appropriate `as` value and it is preloaded intentionally. @ https://www.cabelas.com/l/used-centerfire-pistol#sortCriteria=%40offerprice%20ascending&f-action=Revolver&firstResult=36:0
[16798258ms] [WARNING] The resource https://assets.basspro.com/image/upload/b_rgb:FFFFFF,c_pad,dpr_1.0,f_auto,h_375,q_auto,w_600/c_pad,h_375,w_600/v1/ProductImages/UsedGuns/usedgun_102043796_main?pgw=1 was preloaded using link preload but not used within a few seconds from the window's load event. Please make sure it has an appropriate `as` value and it is preloaded intentionally. @ https://www.cabelas.com/l/used-centerfire-pistol#sortCriteria=%40offerprice%20ascending&f-action=Revolver&firstResult=36:0
[16798258ms] [WARNING] The resource https://assets.basspro.com/image/upload/b_rgb:FFFFFF,c_pad,dpr_1.0,f_auto,h_375,q_auto,w_600/c_pad,h_375,w_600/v1/ProductImages/UsedGuns/usedgun_102021463_main?pgw=1 was preloaded using link preload but not used within a few seconds from the window's load event. Please make sure it has an appropriate `as` value and it is preloaded intentionally. @ https://www.cabelas.com/l/used-centerfire-pistol#sortCriteria=%40offerprice%20ascending&f-action=Revolver&firstResult=36:0
[16798258ms] [WARNING] The resource https://assets.basspro.com/image/upload/b_rgb:FFFFFF,c_pad,dpr_1.0,f_auto,h_375,q_auto,w_600/c_pad,h_375,w_600/v1/ProductImages/UsedGuns/usedgun_102044626_main?pgw=1 was preloaded using link preload but not used within a few seconds from the window's load event. Please make sure it has an appropriate `as` value and it is preloaded intentionally. @ https://www.cabelas.com/l/used-centerfire-pistol#sortCriteria=%40offerprice%20ascending&f-action=Revolver&firstResult=36:0
[16798258ms] [WARNING] The resource https://assets.basspro.com/image/upload/b_rgb:FFFFFF,c_pad,dpr_1.0,f_auto,h_375,q_auto,w_600/c_pad,h_375,w_600/v1/ProductImages/UsedGuns/usedgun_102039082_main?pgw=1 was preloaded using link preload but not used within a few seconds from the window's load event. Please make sure it has an appropriate `as` value and it is preloaded intentionally. @ https://www.cabelas.com/l/used-centerfire-pistol#sortCriteria=%40offerprice%20ascending&f-action=Revolver&firstResult=36:0
[16826239ms] [WARNING] The resource https://assets.basspro.com/image/upload/b_rgb:FFFFFF,c_pad,dpr_1.0,f_auto,h_375,q_auto,w_600/c_pad,h_375,w_600/v1/ProductImages/UsedGuns/usedgun_102043796_main?pgw=1 was preloaded using link preload but not used within a few seconds from the window's load event. Please make sure it has an appropriate `as` value and it is preloaded intentionally. @ https://www.cabelas.com/l/used-centerfire-pistol#sortCriteria=%40offerprice%20ascending&f-action=Revolver&firstResult=36:0
[16826240ms] [WARNING] The resource https://assets.basspro.com/image/upload/b_rgb:FFFFFF,c_pad,dpr_1.0,f_auto,h_375,q_auto,w_600/c_pad,h_375,w_600/v1/ProductImages/UsedGuns/usedgun_102021463_main?pgw=1 was preloaded using link preload but not used within a few seconds from the window's load event. Please make sure it has an appropriate `as` value and it is preloaded intentionally. @ https://www.cabelas.com/l/used-centerfire-pistol#sortCriteria=%40offerprice%20ascending&f-action=Revolver&firstResult=36:0
[16826240ms] [WARNING] The resource https://assets.basspro.com/image/upload/b_rgb:FFFFFF,c_pad,dpr_1.0,f_auto,h_375,q_auto,w_600/c_pad,h_375,w_600/v1/ProductImages/UsedGuns/usedgun_102044626_main?pgw=1 was preloaded using link preload but not used within a few seconds from the window's load event. Please make sure it has an appropriate `as` value and it is preloaded intentionally. @ https://www.cabelas.com/l/used-centerfire-pistol#sortCriteria=%40offerprice%20ascending&f-action=Revolver&firstResult=36:0
[16826240ms] [WARNING] The resource https://assets.basspro.com/image/upload/b_rgb:FFFFFF,c_pad,dpr_1.0,f_auto,h_375,q_auto,w_600/c_pad,h_375,w_600/v1/ProductImages/UsedGuns/usedgun_102039082_main?pgw=1 was preloaded using link preload but not used within a few seconds from the window's load event. Please make sure it has an appropriate `as` value and it is preloaded intentionally. @ https://www.cabelas.com/l/used-centerfire-pistol#sortCriteria=%40offerprice%20ascending&f-action=Revolver&firstResult=36:0
[16857806ms] [WARNING] The resource https://assets.basspro.com/image/upload/b_rgb:FFFFFF,c_pad,dpr_1.0,f_auto,h_375,q_auto,w_600/c_pad,h_375,w_600/v1/ProductImages/UsedGuns/usedgun_102043796_main?pgw=1 was preloaded using link preload but not used within a few seconds from the window's load event. Please make sure it has an appropriate `as` value and it is preloaded intentionally. @ https://www.cabelas.com/l/used-centerfire-pistol#sortCriteria=%40offerprice%20ascending&f-action=Revolver&firstResult=36:0
[16857806ms] [WARNING] The resource https://assets.basspro.com/image/upload/b_rgb:FFFFFF,c_pad,dpr_1.0,f_auto,h_375,q_auto,w_600/c_pad,h_375,w_600/v1/ProductImages/UsedGuns/usedgun_102021463_main?pgw=1 was preloaded using link preload but not used within a few seconds from the window's load event. Please make sure it has an appropriate `as` value and it is preloaded intentionally. @ https://www.cabelas.com/l/used-centerfire-pistol#sortCriteria=%40offerprice%20ascending&f-action=Revolver&firstResult=36:0
[16857806ms] [WARNING] The resource https://assets.basspro.com/image/upload/b_rgb:FFFFFF,c_pad,dpr_1.0,f_auto,h_375,q_auto,w_600/c_pad,h_375,w_600/v1/ProductImages/UsedGuns/usedgun_102044626_main?pgw=1 was preloaded using link preload but not used within a few seconds from the window's load event. Please make sure it has an appropriate `as` value and it is preloaded intentionally. @ https://www.cabelas.com/l/used-centerfire-pistol#sortCriteria=%40offerprice%20ascending&f-action=Revolver&firstResult=36:0
[16857806ms] [WARNING] The resource https://assets.basspro.com/image/upload/b_rgb:FFFFFF,c_pad,dpr_1.0,f_auto,h_375,q_auto,w_600/c_pad,h_375,w_600/v1/ProductImages/UsedGuns/usedgun_102039082_main?pgw=1 was preloaded using link preload but not used within a few seconds from the window's load event. Please make sure it has an appropriate `as` value and it is preloaded intentionally. @ https://www.cabelas.com/l/used-centerfire-pistol#sortCriteria=%40offerprice%20ascending&f-action=Revolver&firstResult=36:0
[16885766ms] [WARNING] The resource https://assets.basspro.com/image/upload/b_rgb:FFFFFF,c_pad,dpr_1.0,f_auto,h_375,q_auto,w_600/c_pad,h_375,w_600/v1/ProductImages/UsedGuns/usedgun_102043796_main?pgw=1 was preloaded using link preload but not used within a few seconds from the window's load event. Please make sure it has an appropriate `as` value and it is preloaded intentionally. @ https://www.cabelas.com/l/used-centerfire-pistol#sortCriteria=%40offerprice%20ascending&f-action=Revolver&firstResult=36:0
[16885766ms] [WARNING] The resource https://assets.basspro.com/image/upload/b_rgb:FFFFFF,c_pad,dpr_1.0,f_auto,h_375,q_auto,w_600/c_pad,h_375,w_600/v1/ProductImages/UsedGuns/usedgun_102021463_main?pgw=1 was preloaded using link preload but not used within a few seconds from the window's load event. Please make sure it has an appropriate `as` value and it is preloaded intentionally. @ https://www.cabelas.com/l/used-centerfire-pistol#sortCriteria=%40offerprice%20ascending&f-action=Revolver&firstResult=36:0
[16885766ms] [WARNING] The resource https://assets.basspro.com/image/upload/b_rgb:FFFFFF,c_pad,dpr_1.0,f_auto,h_375,q_auto,w_600/c_pad,h_375,w_600/v1/ProductImages/UsedGuns/usedgun_102044626_main?pgw=1 was preloaded using link preload but not used within a few seconds from the window's load event. Please make sure it has an appropriate `as` value and it is preloaded intentionally. @ https://www.cabelas.com/l/used-centerfire-pistol#sortCriteria=%40offerprice%20ascending&f-action=Revolver&firstResult=36:0
[16885766ms] [WARNING] The resource https://assets.basspro.com/image/upload/b_rgb:FFFFFF,c_pad,dpr_1.0,f_auto,h_375,q_auto,w_600/c_pad,h_375,w_600/v1/ProductImages/UsedGuns/usedgun_102039082_main?pgw=1 was preloaded using link preload but not used within a few seconds from the window's load event. Please make sure it has an appropriate `as` value and it is preloaded intentionally. @ https://www.cabelas.com/l/used-centerfire-pistol#sortCriteria=%40offerprice%20ascending&f-action=Revolver&firstResult=36:0
[16917337ms] [WARNING] The resource https://assets.basspro.com/image/upload/b_rgb:FFFFFF,c_pad,dpr_1.0,f_auto,h_375,q_auto,w_600/c_pad,h_375,w_600/v1/ProductImages/UsedGuns/usedgun_102043796_main?pgw=1 was preloaded using link preload but not used within a few seconds from the window's load event. Please make sure it has an appropriate `as` value and it is preloaded intentionally. @ https://www.cabelas.com/l/used-centerfire-pistol#sortCriteria=%40offerprice%20ascending&f-action=Revolver&firstResult=36:0
[16917337ms] [WARNING] The resource https://assets.basspro.com/image/upload/b_rgb:FFFFFF,c_pad,dpr_1.0,f_auto,h_375,q_auto,w_600/c_pad,h_375,w_600/v1/ProductImages/UsedGuns/usedgun_102021463_main?pgw=1 was preloaded using link preload but not used within a few seconds from the window's load event. Please make sure it has an appropriate `as` value and it is preloaded intentionally. @ https://www.cabelas.com/l/used-centerfire-pistol#sortCriteria=%40offerprice%20ascending&f-action=Revolver&firstResult=36:0
[16917337ms] [WARNING] The resource https://assets.basspro.com/image/upload/b_rgb:FFFFFF,c_pad,dpr_1.0,f_auto,h_375,q_auto,w_600/c_pad,h_375,w_600/v1/ProductImages/UsedGuns/usedgun_102044626_main?pgw=1 was preloaded using link preload but not used within a few seconds from the window's load event. Please make sure it has an appropriate `as` value and it is preloaded intentionally. @ https://www.cabelas.com/l/used-centerfire-pistol#sortCriteria=%40offerprice%20ascending&f-action=Revolver&firstResult=36:0
[16917338ms] [WARNING] The resource https://assets.basspro.com/image/upload/b_rgb:FFFFFF,c_pad,dpr_1.0,f_auto,h_375,q_auto,w_600/c_pad,h_375,w_600/v1/ProductImages/UsedGuns/usedgun_102039082_main?pgw=1 was preloaded using link preload but not used within a few seconds from the window's load event. Please make sure it has an appropriate `as` value and it is preloaded intentionally. @ https://www.cabelas.com/l/used-centerfire-pistol#sortCriteria=%40offerprice%20ascending&f-action=Revolver&firstResult=36:0
[16922487ms] [WARNING] The resource https://assets.basspro.com/image/upload/b_rgb:FFFFFF,c_pad,dpr_1.0,f_auto,h_375,q_auto,w_600/c_pad,h_375,w_600/v1/ProductImages/UsedGuns/usedgun_102043796_main?pgw=1 was preloaded using link preload but not used within a few seconds from the window's load event. Please make sure it has an appropriate `as` value and it is preloaded intentionally. @ https://www.cabelas.com/l/used-centerfire-pistol#sortCriteria=%40offerprice%20ascending&f-action=Revolver&firstResult=36:0
[16922488ms] [WARNING] The resource https://assets.basspro.com/image/upload/b_rgb:FFFFFF,c_pad,dpr_1.0,f_auto,h_375,q_auto,w_600/c_pad,h_375,w_600/v1/ProductImages/UsedGuns/usedgun_102021463_main?pgw=1 was preloaded using link preload but not used within a few seconds from the window's load event. Please make sure it has an appropriate `as` value and it is preloaded intentionally. @ https://www.cabelas.com/l/used-centerfire-pistol#sortCriteria=%40offerprice%20ascending&f-action=Revolver&firstResult=36:0
[16922488ms] [WARNING] The resource https://assets.basspro.com/image/upload/b_rgb:FFFFFF,c_pad,dpr_1.0,f_auto,h_375,q_auto,w_600/c_pad,h_375,w_600/v1/ProductImages/UsedGuns/usedgun_102044626_main?pgw=1 was preloaded using link preload but not used within a few seconds from the window's load event. Please make sure it has an appropriate `as` value and it is preloaded intentionally. @ https://www.cabelas.com/l/used-centerfire-pistol#sortCriteria=%40offerprice%20ascending&f-action=Revolver&firstResult=36:0
[16922488ms] [WARNING] The resource https://assets.basspro.com/image/upload/b_rgb:FFFFFF,c_pad,dpr_1.0,f_auto,h_375,q_auto,w_600/c_pad,h_375,w_600/v1/ProductImages/UsedGuns/usedgun_102039082_main?pgw=1 was preloaded using link preload but not used within a few seconds from the window's load event. Please make sure it has an appropriate `as` value and it is preloaded intentionally. @ https://www.cabelas.com/l/used-centerfire-pistol#sortCriteria=%40offerprice%20ascending&f-action=Revolver&firstResult=36:0
[16945377ms] [WARNING] The resource https://assets.basspro.com/image/upload/b_rgb:FFFFFF,c_pad,dpr_1.0,f_auto,h_375,q_auto,w_600/c_pad,h_375,w_600/v1/ProductImages/UsedGuns/usedgun_102043796_main?pgw=1 was preloaded using link preload but not used within a few seconds from the window's load event. Please make sure it has an appropriate `as` value and it is preloaded intentionally. @ https://www.cabelas.com/l/used-centerfire-pistol#sortCriteria=%40offerprice%20ascending&f-action=Revolver&firstResult=36:0
[16945377ms] [WARNING] The resource https://assets.basspro.com/image/upload/b_rgb:FFFFFF,c_pad,dpr_1.0,f_auto,h_375,q_auto,w_600/c_pad,h_375,w_600/v1/ProductImages/UsedGuns/usedgun_102021463_main?pgw=1 was preloaded using link preload but not used within a few seconds from the window's load event. Please make sure it has an appropriate `as` value and it is preloaded intentionally. @ https://www.cabelas.com/l/used-centerfire-pistol#sortCriteria=%40offerprice%20ascending&f-action=Revolver&firstResult=36:0
[16945377ms] [WARNING] The resource https://assets.basspro.com/image/upload/b_rgb:FFFFFF,c_pad,dpr_1.0,f_auto,h_375,q_auto,w_600/c_pad,h_375,w_600/v1/ProductImages/UsedGuns/usedgun_102044626_main?pgw=1 was preloaded using link preload but not used within a few seconds from the window's load event. Please make sure it has an appropriate `as` value and it is preloaded intentionally. @ https://www.cabelas.com/l/used-centerfire-pistol#sortCriteria=%40offerprice%20ascending&f-action=Revolver&firstResult=36:0
[16945377ms] [WARNING] The resource https://assets.basspro.com/image/upload/b_rgb:FFFFFF,c_pad,dpr_1.0,f_auto,h_375,q_auto,w_600/c_pad,h_375,w_600/v1/ProductImages/UsedGuns/usedgun_102039082_main?pgw=1 was preloaded using link preload but not used within a few seconds from the window's load event. Please make sure it has an appropriate `as` value and it is preloaded intentionally. @ https://www.cabelas.com/l/used-centerfire-pistol#sortCriteria=%40offerprice%20ascending&f-action=Revolver&firstResult=36:0
[16976861ms] [WARNING] The resource https://assets.basspro.com/image/upload/b_rgb:FFFFFF,c_pad,dpr_1.0,f_auto,h_375,q_auto,w_600/c_pad,h_375,w_600/v1/ProductImages/UsedGuns/usedgun_102043796_main?pgw=1 was preloaded using link preload but not used within a few seconds from the window's load event. Please make sure it has an appropriate `as` value and it is preloaded intentionally. @ https://www.cabelas.com/l/used-centerfire-pistol#sortCriteria=%40offerprice%20ascending&f-action=Revolver&firstResult=36:0
[16976861ms] [WARNING] The resource https://assets.basspro.com/image/upload/b_rgb:FFFFFF,c_pad,dpr_1.0,f_auto,h_375,q_auto,w_600/c_pad,h_375,w_600/v1/ProductImages/UsedGuns/usedgun_102021463_main?pgw=1 was preloaded using link preload but not used within a few seconds from the window's load event. Please make sure it has an appropriate `as` value and it is preloaded intentionally. @ https://www.cabelas.com/l/used-centerfire-pistol#sortCriteria=%40offerprice%20ascending&f-action=Revolver&firstResult=36:0
[16976861ms] [WARNING] The resource https://assets.basspro.com/image/upload/b_rgb:FFFFFF,c_pad,dpr_1.0,f_auto,h_375,q_auto,w_600/c_pad,h_375,w_600/v1/ProductImages/UsedGuns/usedgun_102044626_main?pgw=1 was preloaded using link preload but not used within a few seconds from the window's load event. Please make sure it has an appropriate `as` value and it is preloaded intentionally. @ https://www.cabelas.com/l/used-centerfire-pistol#sortCriteria=%40offerprice%20ascending&f-action=Revolver&firstResult=36:0
[16976861ms] [WARNING] The resource https://assets.basspro.com/image/upload/b_rgb:FFFFFF,c_pad,dpr_1.0,f_auto,h_375,q_auto,w_600/c_pad,h_375,w_600/v1/ProductImages/UsedGuns/usedgun_102039082_main?pgw=1 was preloaded using link preload but not used within a few seconds from the window's load event. Please make sure it has an appropriate `as` value and it is preloaded intentionally. @ https://www.cabelas.com/l/used-centerfire-pistol#sortCriteria=%40offerprice%20ascending&f-action=Revolver&firstResult=36:0
[17004830ms] [WARNING] The resource https://assets.basspro.com/image/upload/b_rgb:FFFFFF,c_pad,dpr_1.0,f_auto,h_375,q_auto,w_600/c_pad,h_375,w_600/v1/ProductImages/UsedGuns/usedgun_102043796_main?pgw=1 was preloaded using link preload but not used within a few seconds from the window's load event. Please make sure it has an appropriate `as` value and it is preloaded intentionally. @ https://www.cabelas.com/l/used-centerfire-pistol#sortCriteria=%40offerprice%20ascending&f-action=Revolver&firstResult=36:0
[17004830ms] [WARNING] The resource https://assets.basspro.com/image/upload/b_rgb:FFFFFF,c_pad,dpr_1.0,f_auto,h_375,q_auto,w_600/c_pad,h_375,w_600/v1/ProductImages/UsedGuns/usedgun_102021463_main?pgw=1 was preloaded using link preload but not used within a few seconds from the window's load event. Please make sure it has an appropriate `as` value and it is preloaded intentionally. @ https://www.cabelas.com/l/used-centerfire-pistol#sortCriteria=%40offerprice%20ascending&f-action=Revolver&firstResult=36:0
[17004830ms] [WARNING] The resource https://assets.basspro.com/image/upload/b_rgb:FFFFFF,c_pad,dpr_1.0,f_auto,h_375,q_auto,w_600/c_pad,h_375,w_600/v1/ProductImages/UsedGuns/usedgun_102044626_main?pgw=1 was preloaded using link preload but not used within a few seconds from the window's load event. Please make sure it has an appropriate `as` value and it is preloaded intentionally. @ https://www.cabelas.com/l/used-centerfire-pistol#sortCriteria=%40offerprice%20ascending&f-action=Revolver&firstResult=36:0
[17004830ms] [WARNING] The resource https://assets.basspro.com/image/upload/b_rgb:FFFFFF,c_pad,dpr_1.0,f_auto,h_375,q_auto,w_600/c_pad,h_375,w_600/v1/ProductImages/UsedGuns/usedgun_102039082_main?pgw=1 was preloaded using link preload but not used within a few seconds from the window's load event. Please make sure it has an appropriate `as` value and it is preloaded intentionally. @ https://www.cabelas.com/l/used-centerfire-pistol#sortCriteria=%40offerprice%20ascending&f-action=Revolver&firstResult=36:0
[17036418ms] [WARNING] The resource https://assets.basspro.com/image/upload/b_rgb:FFFFFF,c_pad,dpr_1.0,f_auto,h_375,q_auto,w_600/c_pad,h_375,w_600/v1/ProductImages/UsedGuns/usedgun_102043796_main?pgw=1 was preloaded using link preload but not used within a few seconds from the window's load event. Please make sure it has an appropriate `as` value and it is preloaded intentionally. @ https://www.cabelas.com/l/used-centerfire-pistol#sortCriteria=%40offerprice%20ascending&f-action=Revolver&firstResult=36:0
[17036418ms] [WARNING] The resource https://assets.basspro.com/image/upload/b_rgb:FFFFFF,c_pad,dpr_1.0,f_auto,h_375,q_auto,w_600/c_pad,h_375,w_600/v1/ProductImages/UsedGuns/usedgun_102021463_main?pgw=1 was preloaded using link preload but not used within a few seconds from the window's load event. Please make sure it has an appropriate `as` value and it is preloaded intentionally. @ https://www.cabelas.com/l/used-centerfire-pistol#sortCriteria=%40offerprice%20ascending&f-action=Revolver&firstResult=36:0
[17036418ms] [WARNING] The resource https://assets.basspro.com/image/upload/b_rgb:FFFFFF,c_pad,dpr_1.0,f_auto,h_375,q_auto,w_600/c_pad,h_375,w_600/v1/ProductImages/UsedGuns/usedgun_102044626_main?pgw=1 was preloaded using link preload but not used within a few seconds from the window's load event. Please make sure it has an appropriate `as` value and it is preloaded intentionally. @ https://www.cabelas.com/l/used-centerfire-pistol#sortCriteria=%40offerprice%20ascending&f-action=Revolver&firstResult=36:0
[17036419ms] [WARNING] The resource https://assets.basspro.com/image/upload/b_rgb:FFFFFF,c_pad,dpr_1.0,f_auto,h_375,q_auto,w_600/c_pad,h_375,w_600/v1/ProductImages/UsedGuns/usedgun_102039082_main?pgw=1 was preloaded using link preload but not used within a few seconds from the window's load event. Please make sure it has an appropriate `as` value and it is preloaded intentionally. @ https://www.cabelas.com/l/used-centerfire-pistol#sortCriteria=%40offerprice%20ascending&f-action=Revolver&firstResult=36:0
[17064524ms] [WARNING] The resource https://assets.basspro.com/image/upload/b_rgb:FFFFFF,c_pad,dpr_1.0,f_auto,h_375,q_auto,w_600/c_pad,h_375,w_600/v1/ProductImages/UsedGuns/usedgun_102043796_main?pgw=1 was preloaded using link preload but not used within a few seconds from the window's load event. Please make sure it has an appropriate `as` value and it is preloaded intentionally. @ https://www.cabelas.com/l/used-centerfire-pistol#sortCriteria=%40offerprice%20ascending&f-action=Revolver&firstResult=36:0
[17064524ms] [WARNING] The resource https://assets.basspro.com/image/upload/b_rgb:FFFFFF,c_pad,dpr_1.0,f_auto,h_375,q_auto,w_600/c_pad,h_375,w_600/v1/ProductImages/UsedGuns/usedgun_102021463_main?pgw=1 was preloaded using link preload but not used within a few seconds from the window's load event. Please make sure it has an appropriate `as` value and it is preloaded intentionally. @ https://www.cabelas.com/l/used-centerfire-pistol#sortCriteria=%40offerprice%20ascending&f-action=Revolver&firstResult=36:0
[17064524ms] [WARNING] The resource https://assets.basspro.com/image/upload/b_rgb:FFFFFF,c_pad,dpr_1.0,f_auto,h_375,q_auto,w_600/c_pad,h_375,w_600/v1/ProductImages/UsedGuns/usedgun_102044626_main?pgw=1 was preloaded using link preload but not used within a few seconds from the window's load event. Please make sure it has an appropriate `as` value and it is preloaded intentionally. @ https://www.cabelas.com/l/used-centerfire-pistol#sortCriteria=%40offerprice%20ascending&f-action=Revolver&firstResult=36:0
[17064524ms] [WARNING] The resource https://assets.basspro.com/image/upload/b_rgb:FFFFFF,c_pad,dpr_1.0,f_auto,h_375,q_auto,w_600/c_pad,h_375,w_600/v1/ProductImages/UsedGuns/usedgun_102039082_main?pgw=1 was preloaded using link preload but not used within a few seconds from the window's load event. Please make sure it has an appropriate `as` value and it is preloaded intentionally. @ https://www.cabelas.com/l/used-centerfire-pistol#sortCriteria=%40offerprice%20ascending&f-action=Revolver&firstResult=36:0
[17067883ms] [WARNING] The resource https://assets.basspro.com/image/upload/b_rgb:FFFFFF,c_pad,dpr_1.0,f_auto,h_375,q_auto,w_600/c_pad,h_375,w_600/v1/ProductImages/UsedGuns/usedgun_102043796_main?pgw=1 was preloaded using link preload but not used within a few seconds from the window's load event. Please make sure it has an appropriate `as` value and it is preloaded intentionally. @ https://www.cabelas.com/l/used-centerfire-pistol#sortCriteria=%40offerprice%20ascending&f-action=Revolver&firstResult=36:0
[17067883ms] [WARNING] The resource https://assets.basspro.com/image/upload/b_rgb:FFFFFF,c_pad,dpr_1.0,f_auto,h_375,q_auto,w_600/c_pad,h_375,w_600/v1/ProductImages/UsedGuns/usedgun_102021463_main?pgw=1 was preloaded using link preload but not used within a few seconds from the window's load event. Please make sure it has an appropriate `as` value and it is preloaded intentionally. @ https://www.cabelas.com/l/used-centerfire-pistol#sortCriteria=%40offerprice%20ascending&f-action=Revolver&firstResult=36:0
[17067883ms] [WARNING] The resource https://assets.basspro.com/image/upload/b_rgb:FFFFFF,c_pad,dpr_1.0,f_auto,h_375,q_auto,w_600/c_pad,h_375,w_600/v1/ProductImages/UsedGuns/usedgun_102044626_main?pgw=1 was preloaded using link preload but not used within a few seconds from the window's load event. Please make sure it has an appropriate `as` value and it is preloaded intentionally. @ https://www.cabelas.com/l/used-centerfire-pistol#sortCriteria=%40offerprice%20ascending&f-action=Revolver&firstResult=36:0
[17067883ms] [WARNING] The resource https://assets.basspro.com/image/upload/b_rgb:FFFFFF,c_pad,dpr_1.0,f_auto,h_375,q_auto,w_600/c_pad,h_375,w_600/v1/ProductImages/UsedGuns/usedgun_102039082_main?pgw=1 was preloaded using link preload but not used within a few seconds from the window's load event. Please make sure it has an appropriate `as` value and it is preloaded intentionally. @ https://www.cabelas.com/l/used-centerfire-pistol#sortCriteria=%40offerprice%20ascending&f-action=Revolver&firstResult=36:0
[17099441ms] [WARNING] The resource https://assets.basspro.com/image/upload/b_rgb:FFFFFF,c_pad,dpr_1.0,f_auto,h_375,q_auto,w_600/c_pad,h_375,w_600/v1/ProductImages/UsedGuns/usedgun_102043796_main?pgw=1 was preloaded using link preload but not used within a few seconds from the window's load event. Please make sure it has an appropriate `as` value and it is preloaded intentionally. @ https://www.cabelas.com/l/used-centerfire-pistol#sortCriteria=%40offerprice%20ascending&f-action=Revolver&firstResult=36:0
[17099441ms] [WARNING] The resource https://assets.basspro.com/image/upload/b_rgb:FFFFFF,c_pad,dpr_1.0,f_auto,h_375,q_auto,w_600/c_pad,h_375,w_600/v1/ProductImages/UsedGuns/usedgun_102021463_main?pgw=1 was preloaded using link preload but not used within a few seconds from the window's load event. Please make sure it has an appropriate `as` value and it is preloaded intentionally. @ https://www.cabelas.com/l/used-centerfire-pistol#sortCriteria=%40offerprice%20ascending&f-action=Revolver&firstResult=36:0
[17099441ms] [WARNING] The resource https://assets.basspro.com/image/upload/b_rgb:FFFFFF,c_pad,dpr_1.0,f_auto,h_375,q_auto,w_600/c_pad,h_375,w_600/v1/ProductImages/UsedGuns/usedgun_102044626_main?pgw=1 was preloaded using link preload but not used within a few seconds from the window's load event. Please make sure it has an appropriate `as` value and it is preloaded intentionally. @ https://www.cabelas.com/l/used-centerfire-pistol#sortCriteria=%40offerprice%20ascending&f-action=Revolver&firstResult=36:0
[17099441ms] [WARNING] The resource https://assets.basspro.com/image/upload/b_rgb:FFFFFF,c_pad,dpr_1.0,f_auto,h_375,q_auto,w_600/c_pad,h_375,w_600/v1/ProductImages/UsedGuns/usedgun_102039082_main?pgw=1 was preloaded using link preload but not used within a few seconds from the window's load event. Please make sure it has an appropriate `as` value and it is preloaded intentionally. @ https://www.cabelas.com/l/used-centerfire-pistol#sortCriteria=%40offerprice%20ascending&f-action=Revolver&firstResult=36:0
[17102443ms] [WARNING] The resource https://assets.basspro.com/image/upload/b_rgb:FFFFFF,c_pad,dpr_1.0,f_auto,h_375,q_auto,w_600/c_pad,h_375,w_600/v1/ProductImages/UsedGuns/usedgun_102043796_main?pgw=1 was preloaded using link preload but not used within a few seconds from the window's load event. Please make sure it has an appropriate `as` value and it is preloaded intentionally. @ https://www.cabelas.com/l/used-centerfire-pistol#sortCriteria=%40offerprice%20ascending&f-action=Revolver&firstResult=36:0
[17102443ms] [WARNING] The resource https://assets.basspro.com/image/upload/b_rgb:FFFFFF,c_pad,dpr_1.0,f_auto,h_375,q_auto,w_600/c_pad,h_375,w_600/v1/ProductImages/UsedGuns/usedgun_102021463_main?pgw=1 was preloaded using link preload but not used within a few seconds from the window's load event. Please make sure it has an appropriate `as` value and it is preloaded intentionally. @ https://www.cabelas.com/l/used-centerfire-pistol#sortCriteria=%40offerprice%20ascending&f-action=Revolver&firstResult=36:0
[17102443ms] [WARNING] The resource https://assets.basspro.com/image/upload/b_rgb:FFFFFF,c_pad,dpr_1.0,f_auto,h_375,q_auto,w_600/c_pad,h_375,w_600/v1/ProductImages/UsedGuns/usedgun_102044626_main?pgw=1 was preloaded using link preload but not used within a few seconds from the window's load event. Please make sure it has an appropriate `as` value and it is preloaded intentionally. @ https://www.cabelas.com/l/used-centerfire-pistol#sortCriteria=%40offerprice%20ascending&f-action=Revolver&firstResult=36:0
[17102443ms] [WARNING] The resource https://assets.basspro.com/image/upload/b_rgb:FFFFFF,c_pad,dpr_1.0,f_auto,h_375,q_auto,w_600/c_pad,h_375,w_600/v1/ProductImages/UsedGuns/usedgun_102039082_main?pgw=1 was preloaded using link preload but not used within a few seconds from the window's load event. Please make sure it has an appropriate `as` value and it is preloaded intentionally. @ https://www.cabelas.com/l/used-centerfire-pistol#sortCriteria=%40offerprice%20ascending&f-action=Revolver&firstResult=36:0
[17123906ms] [WARNING] The resource https://assets.basspro.com/image/upload/b_rgb:FFFFFF,c_pad,dpr_1.0,f_auto,h_375,q_auto,w_600/c_pad,h_375,w_600/v1/ProductImages/UsedGuns/usedgun_102043796_main?pgw=1 was preloaded using link preload but not used within a few seconds from the window's load event. Please make sure it has an appropriate `as` value and it is preloaded intentionally. @ https://www.cabelas.com/l/used-centerfire-pistol#sortCriteria=%40offerprice%20ascending&f-action=Revolver&firstResult=36:0
[17123906ms] [WARNING] The resource https://assets.basspro.com/image/upload/b_rgb:FFFFFF,c_pad,dpr_1.0,f_auto,h_375,q_auto,w_600/c_pad,h_375,w_600/v1/ProductImages/UsedGuns/usedgun_102021463_main?pgw=1 was preloaded using link preload but not used within a few seconds from the window's load event. Please make sure it has an appropriate `as` value and it is preloaded intentionally. @ https://www.cabelas.com/l/used-centerfire-pistol#sortCriteria=%40offerprice%20ascending&f-action=Revolver&firstResult=36:0
[17123906ms] [WARNING] The resource https://assets.basspro.com/image/upload/b_rgb:FFFFFF,c_pad,dpr_1.0,f_auto,h_375,q_auto,w_600/c_pad,h_375,w_600/v1/ProductImages/UsedGuns/usedgun_102044626_main?pgw=1 was preloaded using link preload but not used within a few seconds from the window's load event. Please make sure it has an appropriate `as` value and it is preloaded intentionally. @ https://www.cabelas.com/l/used-centerfire-pistol#sortCriteria=%40offerprice%20ascending&f-action=Revolver&firstResult=36:0
[17123906ms] [WARNING] The resource https://assets.basspro.com/image/upload/b_rgb:FFFFFF,c_pad,dpr_1.0,f_auto,h_375,q_auto,w_600/c_pad,h_375,w_600/v1/ProductImages/UsedGuns/usedgun_102039082_main?pgw=1 was preloaded using link preload but not used within a few seconds from the window's load event. Please make sure it has an appropriate `as` value and it is preloaded intentionally. @ https://www.cabelas.com/l/used-centerfire-pistol#sortCriteria=%40offerprice%20ascending&f-action=Revolver&firstResult=36:0
[17155473ms] [WARNING] The resource https://assets.basspro.com/image/upload/b_rgb:FFFFFF,c_pad,dpr_1.0,f_auto,h_375,q_auto,w_600/c_pad,h_375,w_600/v1/ProductImages/UsedGuns/usedgun_102043796_main?pgw=1 was preloaded using link preload but not used within a few seconds from the window's load event. Please make sure it has an appropriate `as` value and it is preloaded intentionally. @ https://www.cabelas.com/l/used-centerfire-pistol#sortCriteria=%40offerprice%20ascending&f-action=Revolver&firstResult=36:0
[17155473ms] [WARNING] The resource https://assets.basspro.com/image/upload/b_rgb:FFFFFF,c_pad,dpr_1.0,f_auto,h_375,q_auto,w_600/c_pad,h_375,w_600/v1/ProductImages/UsedGuns/usedgun_102021463_main?pgw=1 was preloaded using link preload but not used within a few seconds from the window's load event. Please make sure it has an appropriate `as` value and it is preloaded intentionally. @ https://www.cabelas.com/l/used-centerfire-pistol#sortCriteria=%40offerprice%20ascending&f-action=Revolver&firstResult=36:0
[17155473ms] [WARNING] The resource https://assets.basspro.com/image/upload/b_rgb:FFFFFF,c_pad,dpr_1.0,f_auto,h_375,q_auto,w_600/c_pad,h_375,w_600/v1/ProductImages/UsedGuns/usedgun_102044626_main?pgw=1 was preloaded using link preload but not used within a few seconds from the window's load event. Please make sure it has an appropriate `as` value and it is preloaded intentionally. @ https://www.cabelas.com/l/used-centerfire-pistol#sortCriteria=%40offerprice%20ascending&f-action=Revolver&firstResult=36:0
[17155473ms] [WARNING] The resource https://assets.basspro.com/image/upload/b_rgb:FFFFFF,c_pad,dpr_1.0,f_auto,h_375,q_auto,w_600/c_pad,h_375,w_600/v1/ProductImages/UsedGuns/usedgun_102039082_main?pgw=1 was preloaded using link preload but not used within a few seconds from the window's load event. Please make sure it has an appropriate `as` value and it is preloaded intentionally. @ https://www.cabelas.com/l/used-centerfire-pistol#sortCriteria=%40offerprice%20ascending&f-action=Revolver&firstResult=36:0
[17183483ms] [WARNING] The resource https://assets.basspro.com/image/upload/b_rgb:FFFFFF,c_pad,dpr_1.0,f_auto,h_375,q_auto,w_600/c_pad,h_375,w_600/v1/ProductImages/UsedGuns/usedgun_102043796_main?pgw=1 was preloaded using link preload but not used within a few seconds from the window's load event. Please make sure it has an appropriate `as` value and it is preloaded intentionally. @ https://www.cabelas.com/l/used-centerfire-pistol#sortCriteria=%40offerprice%20ascending&f-action=Revolver&firstResult=36:0
[17183483ms] [WARNING] The resource https://assets.basspro.com/image/upload/b_rgb:FFFFFF,c_pad,dpr_1.0,f_auto,h_375,q_auto,w_600/c_pad,h_375,w_600/v1/ProductImages/UsedGuns/usedgun_102021463_main?pgw=1 was preloaded using link preload but not used within a few seconds from the window's load event. Please make sure it has an appropriate `as` value and it is preloaded intentionally. @ https://www.cabelas.com/l/used-centerfire-pistol#sortCriteria=%40offerprice%20ascending&f-action=Revolver&firstResult=36:0
[17183483ms] [WARNING] The resource https://assets.basspro.com/image/upload/b_rgb:FFFFFF,c_pad,dpr_1.0,f_auto,h_375,q_auto,w_600/c_pad,h_375,w_600/v1/ProductImages/UsedGuns/usedgun_102044626_main?pgw=1 was preloaded using link preload but not used within a few seconds from the window's load event. Please make sure it has an appropriate `as` value and it is preloaded intentionally. @ https://www.cabelas.com/l/used-centerfire-pistol#sortCriteria=%40offerprice%20ascending&f-action=Revolver&firstResult=36:0
[17183483ms] [WARNING] The resource https://assets.basspro.com/image/upload/b_rgb:FFFFFF,c_pad,dpr_1.0,f_auto,h_375,q_auto,w_600/c_pad,h_375,w_600/v1/ProductImages/UsedGuns/usedgun_102039082_main?pgw=1 was preloaded using link preload but not used within a few seconds from the window's load event. Please make sure it has an appropriate `as` value and it is preloaded intentionally. @ https://www.cabelas.com/l/used-centerfire-pistol#sortCriteria=%40offerprice%20ascending&f-action=Revolver&firstResult=36:0
[17215041ms] [WARNING] The resource https://assets.basspro.com/image/upload/b_rgb:FFFFFF,c_pad,dpr_1.0,f_auto,h_375,q_auto,w_600/c_pad,h_375,w_600/v1/ProductImages/UsedGuns/usedgun_102043796_main?pgw=1 was preloaded using link preload but not used within a few seconds from the window's load event. Please make sure it has an appropriate `as` value and it is preloaded intentionally. @ https://www.cabelas.com/l/used-centerfire-pistol#sortCriteria=%40offerprice%20ascending&f-action=Revolver&firstResult=36:0
[17215041ms] [WARNING] The resource https://assets.basspro.com/image/upload/b_rgb:FFFFFF,c_pad,dpr_1.0,f_auto,h_375,q_auto,w_600/c_pad,h_375,w_600/v1/ProductImages/UsedGuns/usedgun_102021463_main?pgw=1 was preloaded using link preload but not used within a few seconds from the window's load event. Please make sure it has an appropriate `as` value and it is preloaded intentionally. @ https://www.cabelas.com/l/used-centerfire-pistol#sortCriteria=%40offerprice%20ascending&f-action=Revolver&firstResult=36:0
[17215041ms] [WARNING] The resource https://assets.basspro.com/image/upload/b_rgb:FFFFFF,c_pad,dpr_1.0,f_auto,h_375,q_auto,w_600/c_pad,h_375,w_600/v1/ProductImages/UsedGuns/usedgun_102044626_main?pgw=1 was preloaded using link preload but not used within a few seconds from the window's load event. Please make sure it has an appropriate `as` value and it is preloaded intentionally. @ https://www.cabelas.com/l/used-centerfire-pistol#sortCriteria=%40offerprice%20ascending&f-action=Revolver&firstResult=36:0
[17215041ms] [WARNING] The resource https://assets.basspro.com/image/upload/b_rgb:FFFFFF,c_pad,dpr_1.0,f_auto,h_375,q_auto,w_600/c_pad,h_375,w_600/v1/ProductImages/UsedGuns/usedgun_102039082_main?pgw=1 was preloaded using link preload but not used within a few seconds from the window's load event. Please make sure it has an appropriate `as` value and it is preloaded intentionally. @ https://www.cabelas.com/l/used-centerfire-pistol#sortCriteria=%40offerprice%20ascending&f-action=Revolver&firstResult=36:0
[17242994ms] [WARNING] The resource https://assets.basspro.com/image/upload/b_rgb:FFFFFF,c_pad,dpr_1.0,f_auto,h_375,q_auto,w_600/c_pad,h_375,w_600/v1/ProductImages/UsedGuns/usedgun_102043796_main?pgw=1 was preloaded using link preload but not used within a few seconds from the window's load event. Please make sure it has an appropriate `as` value and it is preloaded intentionally. @ https://www.cabelas.com/l/used-centerfire-pistol#sortCriteria=%40offerprice%20ascending&f-action=Revolver&firstResult=36:0
[17242994ms] [WARNING] The resource https://assets.basspro.com/image/upload/b_rgb:FFFFFF,c_pad,dpr_1.0,f_auto,h_375,q_auto,w_600/c_pad,h_375,w_600/v1/ProductImages/UsedGuns/usedgun_102021463_main?pgw=1 was preloaded using link preload but not used within a few seconds from the window's load event. Please make sure it has an appropriate `as` value and it is preloaded intentionally. @ https://www.cabelas.com/l/used-centerfire-pistol#sortCriteria=%40offerprice%20ascending&f-action=Revolver&firstResult=36:0
[17242994ms] [WARNING] The resource https://assets.basspro.com/image/upload/b_rgb:FFFFFF,c_pad,dpr_1.0,f_auto,h_375,q_auto,w_600/c_pad,h_375,w_600/v1/ProductImages/UsedGuns/usedgun_102044626_main?pgw=1 was preloaded using link preload but not used within a few seconds from the window's load event. Please make sure it has an appropriate `as` value and it is preloaded intentionally. @ https://www.cabelas.com/l/used-centerfire-pistol#sortCriteria=%40offerprice%20ascending&f-action=Revolver&firstResult=36:0
[17242994ms] [WARNING] The resource https://assets.basspro.com/image/upload/b_rgb:FFFFFF,c_pad,dpr_1.0,f_auto,h_375,q_auto,w_600/c_pad,h_375,w_600/v1/ProductImages/UsedGuns/usedgun_102039082_main?pgw=1 was preloaded using link preload but not used within a few seconds from the window's load event. Please make sure it has an appropriate `as` value and it is preloaded intentionally. @ https://www.cabelas.com/l/used-centerfire-pistol#sortCriteria=%40offerprice%20ascending&f-action=Revolver&firstResult=36:0
[17274547ms] [WARNING] The resource https://assets.basspro.com/image/upload/b_rgb:FFFFFF,c_pad,dpr_1.0,f_auto,h_375,q_auto,w_600/c_pad,h_375,w_600/v1/ProductImages/UsedGuns/usedgun_102043796_main?pgw=1 was preloaded using link preload but not used within a few seconds from the window's load event. Please make sure it has an appropriate `as` value and it is preloaded intentionally. @ https://www.cabelas.com/l/used-centerfire-pistol#sortCriteria=%40offerprice%20ascending&f-action=Revolver&firstResult=36:0
[17274549ms] [WARNING] The resource https://assets.basspro.com/image/upload/b_rgb:FFFFFF,c_pad,dpr_1.0,f_auto,h_375,q_auto,w_600/c_pad,h_375,w_600/v1/ProductImages/UsedGuns/usedgun_102021463_main?pgw=1 was preloaded using link preload but not used within a few seconds from the window's load event. Please make sure it has an appropriate `as` value and it is preloaded intentionally. @ https://www.cabelas.com/l/used-centerfire-pistol#sortCriteria=%40offerprice%20ascending&f-action=Revolver&firstResult=36:0
[17274549ms] [WARNING] The resource https://assets.basspro.com/image/upload/b_rgb:FFFFFF,c_pad,dpr_1.0,f_auto,h_375,q_auto,w_600/c_pad,h_375,w_600/v1/ProductImages/UsedGuns/usedgun_102044626_main?pgw=1 was preloaded using link preload but not used within a few seconds from the window's load event. Please make sure it has an appropriate `as` value and it is preloaded intentionally. @ https://www.cabelas.com/l/used-centerfire-pistol#sortCriteria=%40offerprice%20ascending&f-action=Revolver&firstResult=36:0
[17274550ms] [WARNING] The resource https://assets.basspro.com/image/upload/b_rgb:FFFFFF,c_pad,dpr_1.0,f_auto,h_375,q_auto,w_600/c_pad,h_375,w_600/v1/ProductImages/UsedGuns/usedgun_102039082_main?pgw=1 was preloaded using link preload but not used within a few seconds from the window's load event. Please make sure it has an appropriate `as` value and it is preloaded intentionally. @ https://www.cabelas.com/l/used-centerfire-pistol#sortCriteria=%40offerprice%20ascending&f-action=Revolver&firstResult=36:0
[17282466ms] [WARNING] The resource https://assets.basspro.com/image/upload/b_rgb:FFFFFF,c_pad,dpr_1.0,f_auto,h_375,q_auto,w_600/c_pad,h_375,w_600/v1/ProductImages/UsedGuns/usedgun_102043796_main?pgw=1 was preloaded using link preload but not used within a few seconds from the window's load event. Please make sure it has an appropriate `as` value and it is preloaded intentionally. @ https://www.cabelas.com/l/used-centerfire-pistol#sortCriteria=%40offerprice%20ascending&f-action=Revolver&firstResult=36:0
[17282466ms] [WARNING] The resource https://assets.basspro.com/image/upload/b_rgb:FFFFFF,c_pad,dpr_1.0,f_auto,h_375,q_auto,w_600/c_pad,h_375,w_600/v1/ProductImages/UsedGuns/usedgun_102021463_main?pgw=1 was preloaded using link preload but not used within a few seconds from the window's load event. Please make sure it has an appropriate `as` value and it is preloaded intentionally. @ https://www.cabelas.com/l/used-centerfire-pistol#sortCriteria=%40offerprice%20ascending&f-action=Revolver&firstResult=36:0
[17282466ms] [WARNING] The resource https://assets.basspro.com/image/upload/b_rgb:FFFFFF,c_pad,dpr_1.0,f_auto,h_375,q_auto,w_600/c_pad,h_375,w_600/v1/ProductImages/UsedGuns/usedgun_102044626_main?pgw=1 was preloaded using link preload but not used within a few seconds from the window's load event. Please make sure it has an appropriate `as` value and it is preloaded intentionally. @ https://www.cabelas.com/l/used-centerfire-pistol#sortCriteria=%40offerprice%20ascending&f-action=Revolver&firstResult=36:0
[17282466ms] [WARNING] The resource https://assets.basspro.com/image/upload/b_rgb:FFFFFF,c_pad,dpr_1.0,f_auto,h_375,q_auto,w_600/c_pad,h_375,w_600/v1/ProductImages/UsedGuns/usedgun_102039082_main?pgw=1 was preloaded using link preload but not used within a few seconds from the window's load event. Please make sure it has an appropriate `as` value and it is preloaded intentionally. @ https://www.cabelas.com/l/used-centerfire-pistol#sortCriteria=%40offerprice%20ascending&f-action=Revolver&firstResult=36:0
[17302517ms] [WARNING] The resource https://assets.basspro.com/image/upload/b_rgb:FFFFFF,c_pad,dpr_1.0,f_auto,h_375,q_auto,w_600/c_pad,h_375,w_600/v1/ProductImages/UsedGuns/usedgun_102043796_main?pgw=1 was preloaded using link preload but not used within a few seconds from the window's load event. Please make sure it has an appropriate `as` value and it is preloaded intentionally. @ https://www.cabelas.com/l/used-centerfire-pistol#sortCriteria=%40offerprice%20ascending&f-action=Revolver&firstResult=36:0
[17302517ms] [WARNING] The resource https://assets.basspro.com/image/upload/b_rgb:FFFFFF,c_pad,dpr_1.0,f_auto,h_375,q_auto,w_600/c_pad,h_375,w_600/v1/ProductImages/UsedGuns/usedgun_102021463_main?pgw=1 was preloaded using link preload but not used within a few seconds from the window's load event. Please make sure it has an appropriate `as` value and it is preloaded intentionally. @ https://www.cabelas.com/l/used-centerfire-pistol#sortCriteria=%40offerprice%20ascending&f-action=Revolver&firstResult=36:0
[17302518ms] [WARNING] The resource https://assets.basspro.com/image/upload/b_rgb:FFFFFF,c_pad,dpr_1.0,f_auto,h_375,q_auto,w_600/c_pad,h_375,w_600/v1/ProductImages/UsedGuns/usedgun_102044626_main?pgw=1 was preloaded using link preload but not used within a few seconds from the window's load event. Please make sure it has an appropriate `as` value and it is preloaded intentionally. @ https://www.cabelas.com/l/used-centerfire-pistol#sortCriteria=%40offerprice%20ascending&f-action=Revolver&firstResult=36:0
[17302518ms] [WARNING] The resource https://assets.basspro.com/image/upload/b_rgb:FFFFFF,c_pad,dpr_1.0,f_auto,h_375,q_auto,w_600/c_pad,h_375,w_600/v1/ProductImages/UsedGuns/usedgun_102039082_main?pgw=1 was preloaded using link preload but not used within a few seconds from the window's load event. Please make sure it has an appropriate `as` value and it is preloaded intentionally. @ https://www.cabelas.com/l/used-centerfire-pistol#sortCriteria=%40offerprice%20ascending&f-action=Revolver&firstResult=36:0
[17334115ms] [WARNING] The resource https://assets.basspro.com/image/upload/b_rgb:FFFFFF,c_pad,dpr_1.0,f_auto,h_375,q_auto,w_600/c_pad,h_375,w_600/v1/ProductImages/UsedGuns/usedgun_102043796_main?pgw=1 was preloaded using link preload but not used within a few seconds from the window's load event. Please make sure it has an appropriate `as` value and it is preloaded intentionally. @ https://www.cabelas.com/l/used-centerfire-pistol#sortCriteria=%40offerprice%20ascending&f-action=Revolver&firstResult=36:0
[17334115ms] [WARNING] The resource https://assets.basspro.com/image/upload/b_rgb:FFFFFF,c_pad,dpr_1.0,f_auto,h_375,q_auto,w_600/c_pad,h_375,w_600/v1/ProductImages/UsedGuns/usedgun_102021463_main?pgw=1 was preloaded using link preload but not used within a few seconds from the window's load event. Please make sure it has an appropriate `as` value and it is preloaded intentionally. @ https://www.cabelas.com/l/used-centerfire-pistol#sortCriteria=%40offerprice%20ascending&f-action=Revolver&firstResult=36:0
[17334115ms] [WARNING] The resource https://assets.basspro.com/image/upload/b_rgb:FFFFFF,c_pad,dpr_1.0,f_auto,h_375,q_auto,w_600/c_pad,h_375,w_600/v1/ProductImages/UsedGuns/usedgun_102044626_main?pgw=1 was preloaded using link preload but not used within a few seconds from the window's load event. Please make sure it has an appropriate `as` value and it is preloaded intentionally. @ https://www.cabelas.com/l/used-centerfire-pistol#sortCriteria=%40offerprice%20ascending&f-action=Revolver&firstResult=36:0
[17334115ms] [WARNING] The resource https://assets.basspro.com/image/upload/b_rgb:FFFFFF,c_pad,dpr_1.0,f_auto,h_375,q_auto,w_600/c_pad,h_375,w_600/v1/ProductImages/UsedGuns/usedgun_102039082_main?pgw=1 was preloaded using link preload but not used within a few seconds from the window's load event. Please make sure it has an appropriate `as` value and it is preloaded intentionally. @ https://www.cabelas.com/l/used-centerfire-pistol#sortCriteria=%40offerprice%20ascending&f-action=Revolver&firstResult=36:0
[17362464ms] [WARNING] The resource https://assets.basspro.com/image/upload/b_rgb:FFFFFF,c_pad,dpr_1.0,f_auto,h_375,q_auto,w_600/c_pad,h_375,w_600/v1/ProductImages/UsedGuns/usedgun_102043796_main?pgw=1 was preloaded using link preload but not used within a few seconds from the window's load event. Please make sure it has an appropriate `as` value and it is preloaded intentionally. @ https://www.cabelas.com/l/used-centerfire-pistol#sortCriteria=%40offerprice%20ascending&f-action=Revolver&firstResult=36:0
[17362464ms] [WARNING] The resource https://assets.basspro.com/image/upload/b_rgb:FFFFFF,c_pad,dpr_1.0,f_auto,h_375,q_auto,w_600/c_pad,h_375,w_600/v1/ProductImages/UsedGuns/usedgun_102021463_main?pgw=1 was preloaded using link preload but not used within a few seconds from the window's load event. Please make sure it has an appropriate `as` value and it is preloaded intentionally. @ https://www.cabelas.com/l/used-centerfire-pistol#sortCriteria=%40offerprice%20ascending&f-action=Revolver&firstResult=36:0
[17362464ms] [WARNING] The resource https://assets.basspro.com/image/upload/b_rgb:FFFFFF,c_pad,dpr_1.0,f_auto,h_375,q_auto,w_600/c_pad,h_375,w_600/v1/ProductImages/UsedGuns/usedgun_102044626_main?pgw=1 was preloaded using link preload but not used within a few seconds from the window's load event. Please make sure it has an appropriate `as` value and it is preloaded intentionally. @ https://www.cabelas.com/l/used-centerfire-pistol#sortCriteria=%40offerprice%20ascending&f-action=Revolver&firstResult=36:0
[17362464ms] [WARNING] The resource https://assets.basspro.com/image/upload/b_rgb:FFFFFF,c_pad,dpr_1.0,f_auto,h_375,q_auto,w_600/c_pad,h_375,w_600/v1/ProductImages/UsedGuns/usedgun_102039082_main?pgw=1 was preloaded using link preload but not used within a few seconds from the window's load event. Please make sure it has an appropriate `as` value and it is preloaded intentionally. @ https://www.cabelas.com/l/used-centerfire-pistol#sortCriteria=%40offerprice%20ascending&f-action=Revolver&firstResult=36:0
[17365549ms] [WARNING] The resource https://assets.basspro.com/image/upload/b_rgb:FFFFFF,c_pad,dpr_1.0,f_auto,h_375,q_auto,w_600/c_pad,h_375,w_600/v1/ProductImages/UsedGuns/usedgun_102043796_main?pgw=1 was preloaded using link preload but not used within a few seconds from the window's load event. Please make sure it has an appropriate `as` value and it is preloaded intentionally. @ https://www.cabelas.com/l/used-centerfire-pistol#sortCriteria=%40offerprice%20ascending&f-action=Revolver&firstResult=36:0
[17365549ms] [WARNING] The resource https://assets.basspro.com/image/upload/b_rgb:FFFFFF,c_pad,dpr_1.0,f_auto,h_375,q_auto,w_600/c_pad,h_375,w_600/v1/ProductImages/UsedGuns/usedgun_102021463_main?pgw=1 was preloaded using link preload but not used within a few seconds from the window's load event. Please make sure it has an appropriate `as` value and it is preloaded intentionally. @ https://www.cabelas.com/l/used-centerfire-pistol#sortCriteria=%40offerprice%20ascending&f-action=Revolver&firstResult=36:0
[17365549ms] [WARNING] The resource https://assets.basspro.com/image/upload/b_rgb:FFFFFF,c_pad,dpr_1.0,f_auto,h_375,q_auto,w_600/c_pad,h_375,w_600/v1/ProductImages/UsedGuns/usedgun_102044626_main?pgw=1 was preloaded using link preload but not used within a few seconds from the window's load event. Please make sure it has an appropriate `as` value and it is preloaded intentionally. @ https://www.cabelas.com/l/used-centerfire-pistol#sortCriteria=%40offerprice%20ascending&f-action=Revolver&firstResult=36:0
[17365549ms] [WARNING] The resource https://assets.basspro.com/image/upload/b_rgb:FFFFFF,c_pad,dpr_1.0,f_auto,h_375,q_auto,w_600/c_pad,h_375,w_600/v1/ProductImages/UsedGuns/usedgun_102039082_main?pgw=1 was preloaded using link preload but not used within a few seconds from the window's load event. Please make sure it has an appropriate `as` value and it is preloaded intentionally. @ https://www.cabelas.com/l/used-centerfire-pistol#sortCriteria=%40offerprice%20ascending&f-action=Revolver&firstResult=36:0
[17397115ms] [WARNING] The resource https://assets.basspro.com/image/upload/b_rgb:FFFFFF,c_pad,dpr_1.0,f_auto,h_375,q_auto,w_600/c_pad,h_375,w_600/v1/ProductImages/UsedGuns/usedgun_102043796_main?pgw=1 was preloaded using link preload but not used within a few seconds from the window's load event. Please make sure it has an appropriate `as` value and it is preloaded intentionally. @ https://www.cabelas.com/l/used-centerfire-pistol#sortCriteria=%40offerprice%20ascending&f-action=Revolver&firstResult=36:0
[17397115ms] [WARNING] The resource https://assets.basspro.com/image/upload/b_rgb:FFFFFF,c_pad,dpr_1.0,f_auto,h_375,q_auto,w_600/c_pad,h_375,w_600/v1/ProductImages/UsedGuns/usedgun_102021463_main?pgw=1 was preloaded using link preload but not used within a few seconds from the window's load event. Please make sure it has an appropriate `as` value and it is preloaded intentionally. @ https://www.cabelas.com/l/used-centerfire-pistol#sortCriteria=%40offerprice%20ascending&f-action=Revolver&firstResult=36:0
[17397115ms] [WARNING] The resource https://assets.basspro.com/image/upload/b_rgb:FFFFFF,c_pad,dpr_1.0,f_auto,h_375,q_auto,w_600/c_pad,h_375,w_600/v1/ProductImages/UsedGuns/usedgun_102044626_main?pgw=1 was preloaded using link preload but not used within a few seconds from the window's load event. Please make sure it has an appropriate `as` value and it is preloaded intentionally. @ https://www.cabelas.com/l/used-centerfire-pistol#sortCriteria=%40offerprice%20ascending&f-action=Revolver&firstResult=36:0
[17397115ms] [WARNING] The resource https://assets.basspro.com/image/upload/b_rgb:FFFFFF,c_pad,dpr_1.0,f_auto,h_375,q_auto,w_600/c_pad,h_375,w_600/v1/ProductImages/UsedGuns/usedgun_102039082_main?pgw=1 was preloaded using link preload but not used within a few seconds from the window's load event. Please make sure it has an appropriate `as` value and it is preloaded intentionally. @ https://www.cabelas.com/l/used-centerfire-pistol#sortCriteria=%40offerprice%20ascending&f-action=Revolver&firstResult=36:0
[17421579ms] [WARNING] The resource https://assets.basspro.com/image/upload/b_rgb:FFFFFF,c_pad,dpr_1.0,f_auto,h_375,q_auto,w_600/c_pad,h_375,w_600/v1/ProductImages/UsedGuns/usedgun_102043796_main?pgw=1 was preloaded using link preload but not used within a few seconds from the window's load event. Please make sure it has an appropriate `as` value and it is preloaded intentionally. @ https://www.cabelas.com/l/used-centerfire-pistol#sortCriteria=%40offerprice%20ascending&f-action=Revolver&firstResult=36:0
[17421579ms] [WARNING] The resource https://assets.basspro.com/image/upload/b_rgb:FFFFFF,c_pad,dpr_1.0,f_auto,h_375,q_auto,w_600/c_pad,h_375,w_600/v1/ProductImages/UsedGuns/usedgun_102021463_main?pgw=1 was preloaded using link preload but not used within a few seconds from the window's load event. Please make sure it has an appropriate `as` value and it is preloaded intentionally. @ https://www.cabelas.com/l/used-centerfire-pistol#sortCriteria=%40offerprice%20ascending&f-action=Revolver&firstResult=36:0
[17421579ms] [WARNING] The resource https://assets.basspro.com/image/upload/b_rgb:FFFFFF,c_pad,dpr_1.0,f_auto,h_375,q_auto,w_600/c_pad,h_375,w_600/v1/ProductImages/UsedGuns/usedgun_102044626_main?pgw=1 was preloaded using link preload but not used within a few seconds from the window's load event. Please make sure it has an appropriate `as` value and it is preloaded intentionally. @ https://www.cabelas.com/l/used-centerfire-pistol#sortCriteria=%40offerprice%20ascending&f-action=Revolver&firstResult=36:0
[17421579ms] [WARNING] The resource https://assets.basspro.com/image/upload/b_rgb:FFFFFF,c_pad,dpr_1.0,f_auto,h_375,q_auto,w_600/c_pad,h_375,w_600/v1/ProductImages/UsedGuns/usedgun_102039082_main?pgw=1 was preloaded using link preload but not used within a few seconds from the window's load event. Please make sure it has an appropriate `as` value and it is preloaded intentionally. @ https://www.cabelas.com/l/used-centerfire-pistol#sortCriteria=%40offerprice%20ascending&f-action=Revolver&firstResult=36:0
[17453133ms] [WARNING] The resource https://assets.basspro.com/image/upload/b_rgb:FFFFFF,c_pad,dpr_1.0,f_auto,h_375,q_auto,w_600/c_pad,h_375,w_600/v1/ProductImages/UsedGuns/usedgun_102043796_main?pgw=1 was preloaded using link preload but not used within a few seconds from the window's load event. Please make sure it has an appropriate `as` value and it is preloaded intentionally. @ https://www.cabelas.com/l/used-centerfire-pistol#sortCriteria=%40offerprice%20ascending&f-action=Revolver&firstResult=36:0
[17453134ms] [WARNING] The resource https://assets.basspro.com/image/upload/b_rgb:FFFFFF,c_pad,dpr_1.0,f_auto,h_375,q_auto,w_600/c_pad,h_375,w_600/v1/ProductImages/UsedGuns/usedgun_102021463_main?pgw=1 was preloaded using link preload but not used within a few seconds from the window's load event. Please make sure it has an appropriate `as` value and it is preloaded intentionally. @ https://www.cabelas.com/l/used-centerfire-pistol#sortCriteria=%40offerprice%20ascending&f-action=Revolver&firstResult=36:0
[17453134ms] [WARNING] The resource https://assets.basspro.com/image/upload/b_rgb:FFFFFF,c_pad,dpr_1.0,f_auto,h_375,q_auto,w_600/c_pad,h_375,w_600/v1/ProductImages/UsedGuns/usedgun_102044626_main?pgw=1 was preloaded using link preload but not used within a few seconds from the window's load event. Please make sure it has an appropriate `as` value and it is preloaded intentionally. @ https://www.cabelas.com/l/used-centerfire-pistol#sortCriteria=%40offerprice%20ascending&f-action=Revolver&firstResult=36:0
[17453134ms] [WARNING] The resource https://assets.basspro.com/image/upload/b_rgb:FFFFFF,c_pad,dpr_1.0,f_auto,h_375,q_auto,w_600/c_pad,h_375,w_600/v1/ProductImages/UsedGuns/usedgun_102039082_main?pgw=1 was preloaded using link preload but not used within a few seconds from the window's load event. Please make sure it has an appropriate `as` value and it is preloaded intentionally. @ https://www.cabelas.com/l/used-centerfire-pistol#sortCriteria=%40offerprice%20ascending&f-action=Revolver&firstResult=36:0
[17462461ms] [WARNING] The resource https://assets.basspro.com/image/upload/b_rgb:FFFFFF,c_pad,dpr_1.0,f_auto,h_375,q_auto,w_600/c_pad,h_375,w_600/v1/ProductImages/UsedGuns/usedgun_102043796_main?pgw=1 was preloaded using link preload but not used within a few seconds from the window's load event. Please make sure it has an appropriate `as` value and it is preloaded intentionally. @ https://www.cabelas.com/l/used-centerfire-pistol#sortCriteria=%40offerprice%20ascending&f-action=Revolver&firstResult=36:0
[17462461ms] [WARNING] The resource https://assets.basspro.com/image/upload/b_rgb:FFFFFF,c_pad,dpr_1.0,f_auto,h_375,q_auto,w_600/c_pad,h_375,w_600/v1/ProductImages/UsedGuns/usedgun_102021463_main?pgw=1 was preloaded using link preload but not used within a few seconds from the window's load event. Please make sure it has an appropriate `as` value and it is preloaded intentionally. @ https://www.cabelas.com/l/used-centerfire-pistol#sortCriteria=%40offerprice%20ascending&f-action=Revolver&firstResult=36:0
[17462461ms] [WARNING] The resource https://assets.basspro.com/image/upload/b_rgb:FFFFFF,c_pad,dpr_1.0,f_auto,h_375,q_auto,w_600/c_pad,h_375,w_600/v1/ProductImages/UsedGuns/usedgun_102044626_main?pgw=1 was preloaded using link preload but not used within a few seconds from the window's load event. Please make sure it has an appropriate `as` value and it is preloaded intentionally. @ https://www.cabelas.com/l/used-centerfire-pistol#sortCriteria=%40offerprice%20ascending&f-action=Revolver&firstResult=36:0
[17462461ms] [WARNING] The resource https://assets.basspro.com/image/upload/b_rgb:FFFFFF,c_pad,dpr_1.0,f_auto,h_375,q_auto,w_600/c_pad,h_375,w_600/v1/ProductImages/UsedGuns/usedgun_102039082_main?pgw=1 was preloaded using link preload but not used within a few seconds from the window's load event. Please make sure it has an appropriate `as` value and it is preloaded intentionally. @ https://www.cabelas.com/l/used-centerfire-pistol#sortCriteria=%40offerprice%20ascending&f-action=Revolver&firstResult=36:0
[17481107ms] [WARNING] The resource https://assets.basspro.com/image/upload/b_rgb:FFFFFF,c_pad,dpr_1.0,f_auto,h_375,q_auto,w_600/c_pad,h_375,w_600/v1/ProductImages/UsedGuns/usedgun_102043796_main?pgw=1 was preloaded using link preload but not used within a few seconds from the window's load event. Please make sure it has an appropriate `as` value and it is preloaded intentionally. @ https://www.cabelas.com/l/used-centerfire-pistol#sortCriteria=%40offerprice%20ascending&f-action=Revolver&firstResult=36:0
[17481107ms] [WARNING] The resource https://assets.basspro.com/image/upload/b_rgb:FFFFFF,c_pad,dpr_1.0,f_auto,h_375,q_auto,w_600/c_pad,h_375,w_600/v1/ProductImages/UsedGuns/usedgun_102021463_main?pgw=1 was preloaded using link preload but not used within a few seconds from the window's load event. Please make sure it has an appropriate `as` value and it is preloaded intentionally. @ https://www.cabelas.com/l/used-centerfire-pistol#sortCriteria=%40offerprice%20ascending&f-action=Revolver&firstResult=36:0
[17481107ms] [WARNING] The resource https://assets.basspro.com/image/upload/b_rgb:FFFFFF,c_pad,dpr_1.0,f_auto,h_375,q_auto,w_600/c_pad,h_375,w_600/v1/ProductImages/UsedGuns/usedgun_102044626_main?pgw=1 was preloaded using link preload but not used within a few seconds from the window's load event. Please make sure it has an appropriate `as` value and it is preloaded intentionally. @ https://www.cabelas.com/l/used-centerfire-pistol#sortCriteria=%40offerprice%20ascending&f-action=Revolver&firstResult=36:0
[17481107ms] [WARNING] The resource https://assets.basspro.com/image/upload/b_rgb:FFFFFF,c_pad,dpr_1.0,f_auto,h_375,q_auto,w_600/c_pad,h_375,w_600/v1/ProductImages/UsedGuns/usedgun_102039082_main?pgw=1 was preloaded using link preload but not used within a few seconds from the window's load event. Please make sure it has an appropriate `as` value and it is preloaded intentionally. @ https://www.cabelas.com/l/used-centerfire-pistol#sortCriteria=%40offerprice%20ascending&f-action=Revolver&firstResult=36:0
[17512698ms] [WARNING] The resource https://assets.basspro.com/image/upload/b_rgb:FFFFFF,c_pad,dpr_1.0,f_auto,h_375,q_auto,w_600/c_pad,h_375,w_600/v1/ProductImages/UsedGuns/usedgun_102043796_main?pgw=1 was preloaded using link preload but not used within a few seconds from the window's load event. Please make sure it has an appropriate `as` value and it is preloaded intentionally. @ https://www.cabelas.com/l/used-centerfire-pistol#sortCriteria=%40offerprice%20ascending&f-action=Revolver&firstResult=36:0
[17512698ms] [WARNING] The resource https://assets.basspro.com/image/upload/b_rgb:FFFFFF,c_pad,dpr_1.0,f_auto,h_375,q_auto,w_600/c_pad,h_375,w_600/v1/ProductImages/UsedGuns/usedgun_102021463_main?pgw=1 was preloaded using link preload but not used within a few seconds from the window's load event. Please make sure it has an appropriate `as` value and it is preloaded intentionally. @ https://www.cabelas.com/l/used-centerfire-pistol#sortCriteria=%40offerprice%20ascending&f-action=Revolver&firstResult=36:0
[17512698ms] [WARNING] The resource https://assets.basspro.com/image/upload/b_rgb:FFFFFF,c_pad,dpr_1.0,f_auto,h_375,q_auto,w_600/c_pad,h_375,w_600/v1/ProductImages/UsedGuns/usedgun_102044626_main?pgw=1 was preloaded using link preload but not used within a few seconds from the window's load event. Please make sure it has an appropriate `as` value and it is preloaded intentionally. @ https://www.cabelas.com/l/used-centerfire-pistol#sortCriteria=%40offerprice%20ascending&f-action=Revolver&firstResult=36:0
[17512698ms] [WARNING] The resource https://assets.basspro.com/image/upload/b_rgb:FFFFFF,c_pad,dpr_1.0,f_auto,h_375,q_auto,w_600/c_pad,h_375,w_600/v1/ProductImages/UsedGuns/usedgun_102039082_main?pgw=1 was preloaded using link preload but not used within a few seconds from the window's load event. Please make sure it has an appropriate `as` value and it is preloaded intentionally. @ https://www.cabelas.com/l/used-centerfire-pistol#sortCriteria=%40offerprice%20ascending&f-action=Revolver&firstResult=36:0
[17540654ms] [WARNING] The resource https://assets.basspro.com/image/upload/b_rgb:FFFFFF,c_pad,dpr_1.0,f_auto,h_375,q_auto,w_600/c_pad,h_375,w_600/v1/ProductImages/UsedGuns/usedgun_102043796_main?pgw=1 was preloaded using link preload but not used within a few seconds from the window's load event. Please make sure it has an appropriate `as` value and it is preloaded intentionally. @ https://www.cabelas.com/l/used-centerfire-pistol#sortCriteria=%40offerprice%20ascending&f-action=Revolver&firstResult=36:0
[17540654ms] [WARNING] The resource https://assets.basspro.com/image/upload/b_rgb:FFFFFF,c_pad,dpr_1.0,f_auto,h_375,q_auto,w_600/c_pad,h_375,w_600/v1/ProductImages/UsedGuns/usedgun_102021463_main?pgw=1 was preloaded using link preload but not used within a few seconds from the window's load event. Please make sure it has an appropriate `as` value and it is preloaded intentionally. @ https://www.cabelas.com/l/used-centerfire-pistol#sortCriteria=%40offerprice%20ascending&f-action=Revolver&firstResult=36:0
[17540654ms] [WARNING] The resource https://assets.basspro.com/image/upload/b_rgb:FFFFFF,c_pad,dpr_1.0,f_auto,h_375,q_auto,w_600/c_pad,h_375,w_600/v1/ProductImages/UsedGuns/usedgun_102044626_main?pgw=1 was preloaded using link preload but not used within a few seconds from the window's load event. Please make sure it has an appropriate `as` value and it is preloaded intentionally. @ https://www.cabelas.com/l/used-centerfire-pistol#sortCriteria=%40offerprice%20ascending&f-action=Revolver&firstResult=36:0
[17540654ms] [WARNING] The resource https://assets.basspro.com/image/upload/b_rgb:FFFFFF,c_pad,dpr_1.0,f_auto,h_375,q_auto,w_600/c_pad,h_375,w_600/v1/ProductImages/UsedGuns/usedgun_102039082_main?pgw=1 was preloaded using link preload but not used within a few seconds from the window's load event. Please make sure it has an appropriate `as` value and it is preloaded intentionally. @ https://www.cabelas.com/l/used-centerfire-pistol#sortCriteria=%40offerprice%20ascending&f-action=Revolver&firstResult=36:0
[17572224ms] [WARNING] The resource https://assets.basspro.com/image/upload/b_rgb:FFFFFF,c_pad,dpr_1.0,f_auto,h_375,q_auto,w_600/c_pad,h_375,w_600/v1/ProductImages/UsedGuns/usedgun_102043796_main?pgw=1 was preloaded using link preload but not used within a few seconds from the window's load event. Please make sure it has an appropriate `as` value and it is preloaded intentionally. @ https://www.cabelas.com/l/used-centerfire-pistol#sortCriteria=%40offerprice%20ascending&f-action=Revolver&firstResult=36:0
[17572224ms] [WARNING] The resource https://assets.basspro.com/image/upload/b_rgb:FFFFFF,c_pad,dpr_1.0,f_auto,h_375,q_auto,w_600/c_pad,h_375,w_600/v1/ProductImages/UsedGuns/usedgun_102021463_main?pgw=1 was preloaded using link preload but not used within a few seconds from the window's load event. Please make sure it has an appropriate `as` value and it is preloaded intentionally. @ https://www.cabelas.com/l/used-centerfire-pistol#sortCriteria=%40offerprice%20ascending&f-action=Revolver&firstResult=36:0
[17572224ms] [WARNING] The resource https://assets.basspro.com/image/upload/b_rgb:FFFFFF,c_pad,dpr_1.0,f_auto,h_375,q_auto,w_600/c_pad,h_375,w_600/v1/ProductImages/UsedGuns/usedgun_102044626_main?pgw=1 was preloaded using link preload but not used within a few seconds from the window's load event. Please make sure it has an appropriate `as` value and it is preloaded intentionally. @ https://www.cabelas.com/l/used-centerfire-pistol#sortCriteria=%40offerprice%20ascending&f-action=Revolver&firstResult=36:0
[17572224ms] [WARNING] The resource https://assets.basspro.com/image/upload/b_rgb:FFFFFF,c_pad,dpr_1.0,f_auto,h_375,q_auto,w_600/c_pad,h_375,w_600/v1/ProductImages/UsedGuns/usedgun_102039082_main?pgw=1 was preloaded using link preload but not used within a few seconds from the window's load event. Please make sure it has an appropriate `as` value and it is preloaded intentionally. @ https://www.cabelas.com/l/used-centerfire-pistol#sortCriteria=%40offerprice%20ascending&f-action=Revolver&firstResult=36:0
[17600187ms] [WARNING] The resource https://assets.basspro.com/image/upload/b_rgb:FFFFFF,c_pad,dpr_1.0,f_auto,h_375,q_auto,w_600/c_pad,h_375,w_600/v1/ProductImages/UsedGuns/usedgun_102043796_main?pgw=1 was preloaded using link preload but not used within a few seconds from the window's load event. Please make sure it has an appropriate `as` value and it is preloaded intentionally. @ https://www.cabelas.com/l/used-centerfire-pistol#sortCriteria=%40offerprice%20ascending&f-action=Revolver&firstResult=36:0
[17600188ms] [WARNING] The resource https://assets.basspro.com/image/upload/b_rgb:FFFFFF,c_pad,dpr_1.0,f_auto,h_375,q_auto,w_600/c_pad,h_375,w_600/v1/ProductImages/UsedGuns/usedgun_102021463_main?pgw=1 was preloaded using link preload but not used within a few seconds from the window's load event. Please make sure it has an appropriate `as` value and it is preloaded intentionally. @ https://www.cabelas.com/l/used-centerfire-pistol#sortCriteria=%40offerprice%20ascending&f-action=Revolver&firstResult=36:0
[17600188ms] [WARNING] The resource https://assets.basspro.com/image/upload/b_rgb:FFFFFF,c_pad,dpr_1.0,f_auto,h_375,q_auto,w_600/c_pad,h_375,w_600/v1/ProductImages/UsedGuns/usedgun_102044626_main?pgw=1 was preloaded using link preload but not used within a few seconds from the window's load event. Please make sure it has an appropriate `as` value and it is preloaded intentionally. @ https://www.cabelas.com/l/used-centerfire-pistol#sortCriteria=%40offerprice%20ascending&f-action=Revolver&firstResult=36:0
[17600188ms] [WARNING] The resource https://assets.basspro.com/image/upload/b_rgb:FFFFFF,c_pad,dpr_1.0,f_auto,h_375,q_auto,w_600/c_pad,h_375,w_600/v1/ProductImages/UsedGuns/usedgun_102039082_main?pgw=1 was preloaded using link preload but not used within a few seconds from the window's load event. Please make sure it has an appropriate `as` value and it is preloaded intentionally. @ https://www.cabelas.com/l/used-centerfire-pistol#sortCriteria=%40offerprice%20ascending&f-action=Revolver&firstResult=36:0
[17631738ms] [WARNING] The resource https://assets.basspro.com/image/upload/b_rgb:FFFFFF,c_pad,dpr_1.0,f_auto,h_375,q_auto,w_600/c_pad,h_375,w_600/v1/ProductImages/UsedGuns/usedgun_102043796_main?pgw=1 was preloaded using link preload but not used within a few seconds from the window's load event. Please make sure it has an appropriate `as` value and it is preloaded intentionally. @ https://www.cabelas.com/l/used-centerfire-pistol#sortCriteria=%40offerprice%20ascending&f-action=Revolver&firstResult=36:0
[17631738ms] [WARNING] The resource https://assets.basspro.com/image/upload/b_rgb:FFFFFF,c_pad,dpr_1.0,f_auto,h_375,q_auto,w_600/c_pad,h_375,w_600/v1/ProductImages/UsedGuns/usedgun_102021463_main?pgw=1 was preloaded using link preload but not used within a few seconds from the window's load event. Please make sure it has an appropriate `as` value and it is preloaded intentionally. @ https://www.cabelas.com/l/used-centerfire-pistol#sortCriteria=%40offerprice%20ascending&f-action=Revolver&firstResult=36:0
[17631738ms] [WARNING] The resource https://assets.basspro.com/image/upload/b_rgb:FFFFFF,c_pad,dpr_1.0,f_auto,h_375,q_auto,w_600/c_pad,h_375,w_600/v1/ProductImages/UsedGuns/usedgun_102044626_main?pgw=1 was preloaded using link preload but not used within a few seconds from the window's load event. Please make sure it has an appropriate `as` value and it is preloaded intentionally. @ https://www.cabelas.com/l/used-centerfire-pistol#sortCriteria=%40offerprice%20ascending&f-action=Revolver&firstResult=36:0
[17631738ms] [WARNING] The resource https://assets.basspro.com/image/upload/b_rgb:FFFFFF,c_pad,dpr_1.0,f_auto,h_375,q_auto,w_600/c_pad,h_375,w_600/v1/ProductImages/UsedGuns/usedgun_102039082_main?pgw=1 was preloaded using link preload but not used within a few seconds from the window's load event. Please make sure it has an appropriate `as` value and it is preloaded intentionally. @ https://www.cabelas.com/l/used-centerfire-pistol#sortCriteria=%40offerprice%20ascending&f-action=Revolver&firstResult=36:0
[17642454ms] [WARNING] The resource https://assets.basspro.com/image/upload/b_rgb:FFFFFF,c_pad,dpr_1.0,f_auto,h_375,q_auto,w_600/c_pad,h_375,w_600/v1/ProductImages/UsedGuns/usedgun_102043796_main?pgw=1 was preloaded using link preload but not used within a few seconds from the window's load event. Please make sure it has an appropriate `as` value and it is preloaded intentionally. @ https://www.cabelas.com/l/used-centerfire-pistol#sortCriteria=%40offerprice%20ascending&f-action=Revolver&firstResult=36:0
[17642454ms] [WARNING] The resource https://assets.basspro.com/image/upload/b_rgb:FFFFFF,c_pad,dpr_1.0,f_auto,h_375,q_auto,w_600/c_pad,h_375,w_600/v1/ProductImages/UsedGuns/usedgun_102021463_main?pgw=1 was preloaded using link preload but not used within a few seconds from the window's load event. Please make sure it has an appropriate `as` value and it is preloaded intentionally. @ https://www.cabelas.com/l/used-centerfire-pistol#sortCriteria=%40offerprice%20ascending&f-action=Revolver&firstResult=36:0
[17642454ms] [WARNING] The resource https://assets.basspro.com/image/upload/b_rgb:FFFFFF,c_pad,dpr_1.0,f_auto,h_375,q_auto,w_600/c_pad,h_375,w_600/v1/ProductImages/UsedGuns/usedgun_102044626_main?pgw=1 was preloaded using link preload but not used within a few seconds from the window's load event. Please make sure it has an appropriate `as` value and it is preloaded intentionally. @ https://www.cabelas.com/l/used-centerfire-pistol#sortCriteria=%40offerprice%20ascending&f-action=Revolver&firstResult=36:0
[17642454ms] [WARNING] The resource https://assets.basspro.com/image/upload/b_rgb:FFFFFF,c_pad,dpr_1.0,f_auto,h_375,q_auto,w_600/c_pad,h_375,w_600/v1/ProductImages/UsedGuns/usedgun_102039082_main?pgw=1 was preloaded using link preload but not used within a few seconds from the window's load event. Please make sure it has an appropriate `as` value and it is preloaded intentionally. @ https://www.cabelas.com/l/used-centerfire-pistol#sortCriteria=%40offerprice%20ascending&f-action=Revolver&firstResult=36:0
[17663220ms] [WARNING] The resource https://assets.basspro.com/image/upload/b_rgb:FFFFFF,c_pad,dpr_1.0,f_auto,h_375,q_auto,w_600/c_pad,h_375,w_600/v1/ProductImages/UsedGuns/usedgun_102043796_main?pgw=1 was preloaded using link preload but not used within a few seconds from the window's load event. Please make sure it has an appropriate `as` value and it is preloaded intentionally. @ https://www.cabelas.com/l/used-centerfire-pistol#sortCriteria=%40offerprice%20ascending&f-action=Revolver&firstResult=36:0
[17663220ms] [WARNING] The resource https://assets.basspro.com/image/upload/b_rgb:FFFFFF,c_pad,dpr_1.0,f_auto,h_375,q_auto,w_600/c_pad,h_375,w_600/v1/ProductImages/UsedGuns/usedgun_102021463_main?pgw=1 was preloaded using link preload but not used within a few seconds from the window's load event. Please make sure it has an appropriate `as` value and it is preloaded intentionally. @ https://www.cabelas.com/l/used-centerfire-pistol#sortCriteria=%40offerprice%20ascending&f-action=Revolver&firstResult=36:0
[17663220ms] [WARNING] The resource https://assets.basspro.com/image/upload/b_rgb:FFFFFF,c_pad,dpr_1.0,f_auto,h_375,q_auto,w_600/c_pad,h_375,w_600/v1/ProductImages/UsedGuns/usedgun_102044626_main?pgw=1 was preloaded using link preload but not used within a few seconds from the window's load event. Please make sure it has an appropriate `as` value and it is preloaded intentionally. @ https://www.cabelas.com/l/used-centerfire-pistol#sortCriteria=%40offerprice%20ascending&f-action=Revolver&firstResult=36:0
[17663220ms] [WARNING] The resource https://assets.basspro.com/image/upload/b_rgb:FFFFFF,c_pad,dpr_1.0,f_auto,h_375,q_auto,w_600/c_pad,h_375,w_600/v1/ProductImages/UsedGuns/usedgun_102039082_main?pgw=1 was preloaded using link preload but not used within a few seconds from the window's load event. Please make sure it has an appropriate `as` value and it is preloaded intentionally. @ https://www.cabelas.com/l/used-centerfire-pistol#sortCriteria=%40offerprice%20ascending&f-action=Revolver&firstResult=36:0
[17694771ms] [WARNING] The resource https://assets.basspro.com/image/upload/b_rgb:FFFFFF,c_pad,dpr_1.0,f_auto,h_375,q_auto,w_600/c_pad,h_375,w_600/v1/ProductImages/UsedGuns/usedgun_102043796_main?pgw=1 was preloaded using link preload but not used within a few seconds from the window's load event. Please make sure it has an appropriate `as` value and it is preloaded intentionally. @ https://www.cabelas.com/l/used-centerfire-pistol#sortCriteria=%40offerprice%20ascending&f-action=Revolver&firstResult=36:0
[17694772ms] [WARNING] The resource https://assets.basspro.com/image/upload/b_rgb:FFFFFF,c_pad,dpr_1.0,f_auto,h_375,q_auto,w_600/c_pad,h_375,w_600/v1/ProductImages/UsedGuns/usedgun_102021463_main?pgw=1 was preloaded using link preload but not used within a few seconds from the window's load event. Please make sure it has an appropriate `as` value and it is preloaded intentionally. @ https://www.cabelas.com/l/used-centerfire-pistol#sortCriteria=%40offerprice%20ascending&f-action=Revolver&firstResult=36:0
[17694772ms] [WARNING] The resource https://assets.basspro.com/image/upload/b_rgb:FFFFFF,c_pad,dpr_1.0,f_auto,h_375,q_auto,w_600/c_pad,h_375,w_600/v1/ProductImages/UsedGuns/usedgun_102044626_main?pgw=1 was preloaded using link preload but not used within a few seconds from the window's load event. Please make sure it has an appropriate `as` value and it is preloaded intentionally. @ https://www.cabelas.com/l/used-centerfire-pistol#sortCriteria=%40offerprice%20ascending&f-action=Revolver&firstResult=36:0
[17694772ms] [WARNING] The resource https://assets.basspro.com/image/upload/b_rgb:FFFFFF,c_pad,dpr_1.0,f_auto,h_375,q_auto,w_600/c_pad,h_375,w_600/v1/ProductImages/UsedGuns/usedgun_102039082_main?pgw=1 was preloaded using link preload but not used within a few seconds from the window's load event. Please make sure it has an appropriate `as` value and it is preloaded intentionally. @ https://www.cabelas.com/l/used-centerfire-pistol#sortCriteria=%40offerprice%20ascending&f-action=Revolver&firstResult=36:0
[17722741ms] [WARNING] The resource https://assets.basspro.com/image/upload/b_rgb:FFFFFF,c_pad,dpr_1.0,f_auto,h_375,q_auto,w_600/c_pad,h_375,w_600/v1/ProductImages/UsedGuns/usedgun_102043796_main?pgw=1 was preloaded using link preload but not used within a few seconds from the window's load event. Please make sure it has an appropriate `as` value and it is preloaded intentionally. @ https://www.cabelas.com/l/used-centerfire-pistol#sortCriteria=%40offerprice%20ascending&f-action=Revolver&firstResult=36:0
[17722741ms] [WARNING] The resource https://assets.basspro.com/image/upload/b_rgb:FFFFFF,c_pad,dpr_1.0,f_auto,h_375,q_auto,w_600/c_pad,h_375,w_600/v1/ProductImages/UsedGuns/usedgun_102021463_main?pgw=1 was preloaded using link preload but not used within a few seconds from the window's load event. Please make sure it has an appropriate `as` value and it is preloaded intentionally. @ https://www.cabelas.com/l/used-centerfire-pistol#sortCriteria=%40offerprice%20ascending&f-action=Revolver&firstResult=36:0
[17722741ms] [WARNING] The resource https://assets.basspro.com/image/upload/b_rgb:FFFFFF,c_pad,dpr_1.0,f_auto,h_375,q_auto,w_600/c_pad,h_375,w_600/v1/ProductImages/UsedGuns/usedgun_102044626_main?pgw=1 was preloaded using link preload but not used within a few seconds from the window's load event. Please make sure it has an appropriate `as` value and it is preloaded intentionally. @ https://www.cabelas.com/l/used-centerfire-pistol#sortCriteria=%40offerprice%20ascending&f-action=Revolver&firstResult=36:0
[17722741ms] [WARNING] The resource https://assets.basspro.com/image/upload/b_rgb:FFFFFF,c_pad,dpr_1.0,f_auto,h_375,q_auto,w_600/c_pad,h_375,w_600/v1/ProductImages/UsedGuns/usedgun_102039082_main?pgw=1 was preloaded using link preload but not used within a few seconds from the window's load event. Please make sure it has an appropriate `as` value and it is preloaded intentionally. @ https://www.cabelas.com/l/used-centerfire-pistol#sortCriteria=%40offerprice%20ascending&f-action=Revolver&firstResult=36:0
[17754304ms] [WARNING] The resource https://assets.basspro.com/image/upload/b_rgb:FFFFFF,c_pad,dpr_1.0,f_auto,h_375,q_auto,w_600/c_pad,h_375,w_600/v1/ProductImages/UsedGuns/usedgun_102043796_main?pgw=1 was preloaded using link preload but not used within a few seconds from the window's load event. Please make sure it has an appropriate `as` value and it is preloaded intentionally. @ https://www.cabelas.com/l/used-centerfire-pistol#sortCriteria=%40offerprice%20ascending&f-action=Revolver&firstResult=36:0
[17754304ms] [WARNING] The resource https://assets.basspro.com/image/upload/b_rgb:FFFFFF,c_pad,dpr_1.0,f_auto,h_375,q_auto,w_600/c_pad,h_375,w_600/v1/ProductImages/UsedGuns/usedgun_102021463_main?pgw=1 was preloaded using link preload but not used within a few seconds from the window's load event. Please make sure it has an appropriate `as` value and it is preloaded intentionally. @ https://www.cabelas.com/l/used-centerfire-pistol#sortCriteria=%40offerprice%20ascending&f-action=Revolver&firstResult=36:0
[17754304ms] [WARNING] The resource https://assets.basspro.com/image/upload/b_rgb:FFFFFF,c_pad,dpr_1.0,f_auto,h_375,q_auto,w_600/c_pad,h_375,w_600/v1/ProductImages/UsedGuns/usedgun_102044626_main?pgw=1 was preloaded using link preload but not used within a few seconds from the window's load event. Please make sure it has an appropriate `as` value and it is preloaded intentionally. @ https://www.cabelas.com/l/used-centerfire-pistol#sortCriteria=%40offerprice%20ascending&f-action=Revolver&firstResult=36:0
[17754304ms] [WARNING] The resource https://assets.basspro.com/image/upload/b_rgb:FFFFFF,c_pad,dpr_1.0,f_auto,h_375,q_auto,w_600/c_pad,h_375,w_600/v1/ProductImages/UsedGuns/usedgun_102039082_main?pgw=1 was preloaded using link preload but not used within a few seconds from the window's load event. Please make sure it has an appropriate `as` value and it is preloaded intentionally. @ https://www.cabelas.com/l/used-centerfire-pistol#sortCriteria=%40offerprice%20ascending&f-action=Revolver&firstResult=36:0
[17782273ms] [WARNING] The resource https://assets.basspro.com/image/upload/b_rgb:FFFFFF,c_pad,dpr_1.0,f_auto,h_375,q_auto,w_600/c_pad,h_375,w_600/v1/ProductImages/UsedGuns/usedgun_102043796_main?pgw=1 was preloaded using link preload but not used within a few seconds from the window's load event. Please make sure it has an appropriate `as` value and it is preloaded intentionally. @ https://www.cabelas.com/l/used-centerfire-pistol#sortCriteria=%40offerprice%20ascending&f-action=Revolver&firstResult=36:0
[17782273ms] [WARNING] The resource https://assets.basspro.com/image/upload/b_rgb:FFFFFF,c_pad,dpr_1.0,f_auto,h_375,q_auto,w_600/c_pad,h_375,w_600/v1/ProductImages/UsedGuns/usedgun_102021463_main?pgw=1 was preloaded using link preload but not used within a few seconds from the window's load event. Please make sure it has an appropriate `as` value and it is preloaded intentionally. @ https://www.cabelas.com/l/used-centerfire-pistol#sortCriteria=%40offerprice%20ascending&f-action=Revolver&firstResult=36:0
[17782273ms] [WARNING] The resource https://assets.basspro.com/image/upload/b_rgb:FFFFFF,c_pad,dpr_1.0,f_auto,h_375,q_auto,w_600/c_pad,h_375,w_600/v1/ProductImages/UsedGuns/usedgun_102044626_main?pgw=1 was preloaded using link preload but not used within a few seconds from the window's load event. Please make sure it has an appropriate `as` value and it is preloaded intentionally. @ https://www.cabelas.com/l/used-centerfire-pistol#sortCriteria=%40offerprice%20ascending&f-action=Revolver&firstResult=36:0
[17782273ms] [WARNING] The resource https://assets.basspro.com/image/upload/b_rgb:FFFFFF,c_pad,dpr_1.0,f_auto,h_375,q_auto,w_600/c_pad,h_375,w_600/v1/ProductImages/UsedGuns/usedgun_102039082_main?pgw=1 was preloaded using link preload but not used within a few seconds from the window's load event. Please make sure it has an appropriate `as` value and it is preloaded intentionally. @ https://www.cabelas.com/l/used-centerfire-pistol#sortCriteria=%40offerprice%20ascending&f-action=Revolver&firstResult=36:0
[17813981ms] [WARNING] The resource https://assets.basspro.com/image/upload/b_rgb:FFFFFF,c_pad,dpr_1.0,f_auto,h_375,q_auto,w_600/c_pad,h_375,w_600/v1/ProductImages/UsedGuns/usedgun_102043796_main?pgw=1 was preloaded using link preload but not used within a few seconds from the window's load event. Please make sure it has an appropriate `as` value and it is preloaded intentionally. @ https://www.cabelas.com/l/used-centerfire-pistol#sortCriteria=%40offerprice%20ascending&f-action=Revolver&firstResult=36:0
[17813981ms] [WARNING] The resource https://assets.basspro.com/image/upload/b_rgb:FFFFFF,c_pad,dpr_1.0,f_auto,h_375,q_auto,w_600/c_pad,h_375,w_600/v1/ProductImages/UsedGuns/usedgun_102021463_main?pgw=1 was preloaded using link preload but not used within a few seconds from the window's load event. Please make sure it has an appropriate `as` value and it is preloaded intentionally. @ https://www.cabelas.com/l/used-centerfire-pistol#sortCriteria=%40offerprice%20ascending&f-action=Revolver&firstResult=36:0
[17813981ms] [WARNING] The resource https://assets.basspro.com/image/upload/b_rgb:FFFFFF,c_pad,dpr_1.0,f_auto,h_375,q_auto,w_600/c_pad,h_375,w_600/v1/ProductImages/UsedGuns/usedgun_102044626_main?pgw=1 was preloaded using link preload but not used within a few seconds from the window's load event. Please make sure it has an appropriate `as` value and it is preloaded intentionally. @ https://www.cabelas.com/l/used-centerfire-pistol#sortCriteria=%40offerprice%20ascending&f-action=Revolver&firstResult=36:0
[17813981ms] [WARNING] The resource https://assets.basspro.com/image/upload/b_rgb:FFFFFF,c_pad,dpr_1.0,f_auto,h_375,q_auto,w_600/c_pad,h_375,w_600/v1/ProductImages/UsedGuns/usedgun_102039082_main?pgw=1 was preloaded using link preload but not used within a few seconds from the window's load event. Please make sure it has an appropriate `as` value and it is preloaded intentionally. @ https://www.cabelas.com/l/used-centerfire-pistol#sortCriteria=%40offerprice%20ascending&f-action=Revolver&firstResult=36:0
[17822446ms] [WARNING] The resource https://assets.basspro.com/image/upload/b_rgb:FFFFFF,c_pad,dpr_1.0,f_auto,h_375,q_auto,w_600/c_pad,h_375,w_600/v1/ProductImages/UsedGuns/usedgun_102043796_main?pgw=1 was preloaded using link preload but not used within a few seconds from the window's load event. Please make sure it has an appropriate `as` value and it is preloaded intentionally. @ https://www.cabelas.com/l/used-centerfire-pistol#sortCriteria=%40offerprice%20ascending&f-action=Revolver&firstResult=36:0
[17822446ms] [WARNING] The resource https://assets.basspro.com/image/upload/b_rgb:FFFFFF,c_pad,dpr_1.0,f_auto,h_375,q_auto,w_600/c_pad,h_375,w_600/v1/ProductImages/UsedGuns/usedgun_102021463_main?pgw=1 was preloaded using link preload but not used within a few seconds from the window's load event. Please make sure it has an appropriate `as` value and it is preloaded intentionally. @ https://www.cabelas.com/l/used-centerfire-pistol#sortCriteria=%40offerprice%20ascending&f-action=Revolver&firstResult=36:0
[17822446ms] [WARNING] The resource https://assets.basspro.com/image/upload/b_rgb:FFFFFF,c_pad,dpr_1.0,f_auto,h_375,q_auto,w_600/c_pad,h_375,w_600/v1/ProductImages/UsedGuns/usedgun_102044626_main?pgw=1 was preloaded using link preload but not used within a few seconds from the window's load event. Please make sure it has an appropriate `as` value and it is preloaded intentionally. @ https://www.cabelas.com/l/used-centerfire-pistol#sortCriteria=%40offerprice%20ascending&f-action=Revolver&firstResult=36:0
[17822446ms] [WARNING] The resource https://assets.basspro.com/image/upload/b_rgb:FFFFFF,c_pad,dpr_1.0,f_auto,h_375,q_auto,w_600/c_pad,h_375,w_600/v1/ProductImages/UsedGuns/usedgun_102039082_main?pgw=1 was preloaded using link preload but not used within a few seconds from the window's load event. Please make sure it has an appropriate `as` value and it is preloaded intentionally. @ https://www.cabelas.com/l/used-centerfire-pistol#sortCriteria=%40offerprice%20ascending&f-action=Revolver&firstResult=36:0
[17838765ms] [WARNING] The resource https://assets.basspro.com/image/upload/b_rgb:FFFFFF,c_pad,dpr_1.0,f_auto,h_375,q_auto,w_600/c_pad,h_375,w_600/v1/ProductImages/UsedGuns/usedgun_102043796_main?pgw=1 was preloaded using link preload but not used within a few seconds from the window's load event. Please make sure it has an appropriate `as` value and it is preloaded intentionally. @ https://www.cabelas.com/l/used-centerfire-pistol#sortCriteria=%40offerprice%20ascending&f-action=Revolver&firstResult=36:0
[17838765ms] [WARNING] The resource https://assets.basspro.com/image/upload/b_rgb:FFFFFF,c_pad,dpr_1.0,f_auto,h_375,q_auto,w_600/c_pad,h_375,w_600/v1/ProductImages/UsedGuns/usedgun_102021463_main?pgw=1 was preloaded using link preload but not used within a few seconds from the window's load event. Please make sure it has an appropriate `as` value and it is preloaded intentionally. @ https://www.cabelas.com/l/used-centerfire-pistol#sortCriteria=%40offerprice%20ascending&f-action=Revolver&firstResult=36:0
[17838765ms] [WARNING] The resource https://assets.basspro.com/image/upload/b_rgb:FFFFFF,c_pad,dpr_1.0,f_auto,h_375,q_auto,w_600/c_pad,h_375,w_600/v1/ProductImages/UsedGuns/usedgun_102044626_main?pgw=1 was preloaded using link preload but not used within a few seconds from the window's load event. Please make sure it has an appropriate `as` value and it is preloaded intentionally. @ https://www.cabelas.com/l/used-centerfire-pistol#sortCriteria=%40offerprice%20ascending&f-action=Revolver&firstResult=36:0
[17838765ms] [WARNING] The resource https://assets.basspro.com/image/upload/b_rgb:FFFFFF,c_pad,dpr_1.0,f_auto,h_375,q_auto,w_600/c_pad,h_375,w_600/v1/ProductImages/UsedGuns/usedgun_102039082_main?pgw=1 was preloaded using link preload but not used within a few seconds from the window's load event. Please make sure it has an appropriate `as` value and it is preloaded intentionally. @ https://www.cabelas.com/l/used-centerfire-pistol#sortCriteria=%40offerprice%20ascending&f-action=Revolver&firstResult=36:0
[17841810ms] [WARNING] The resource https://assets.basspro.com/image/upload/b_rgb:FFFFFF,c_pad,dpr_1.0,f_auto,h_375,q_auto,w_600/c_pad,h_375,w_600/v1/ProductImages/UsedGuns/usedgun_102043796_main?pgw=1 was preloaded using link preload but not used within a few seconds from the window's load event. Please make sure it has an appropriate `as` value and it is preloaded intentionally. @ https://www.cabelas.com/l/used-centerfire-pistol#sortCriteria=%40offerprice%20ascending&f-action=Revolver&firstResult=36:0
[17841810ms] [WARNING] The resource https://assets.basspro.com/image/upload/b_rgb:FFFFFF,c_pad,dpr_1.0,f_auto,h_375,q_auto,w_600/c_pad,h_375,w_600/v1/ProductImages/UsedGuns/usedgun_102021463_main?pgw=1 was preloaded using link preload but not used within a few seconds from the window's load event. Please make sure it has an appropriate `as` value and it is preloaded intentionally. @ https://www.cabelas.com/l/used-centerfire-pistol#sortCriteria=%40offerprice%20ascending&f-action=Revolver&firstResult=36:0
[17841810ms] [WARNING] The resource https://assets.basspro.com/image/upload/b_rgb:FFFFFF,c_pad,dpr_1.0,f_auto,h_375,q_auto,w_600/c_pad,h_375,w_600/v1/ProductImages/UsedGuns/usedgun_102044626_main?pgw=1 was preloaded using link preload but not used within a few seconds from the window's load event. Please make sure it has an appropriate `as` value and it is preloaded intentionally. @ https://www.cabelas.com/l/used-centerfire-pistol#sortCriteria=%40offerprice%20ascending&f-action=Revolver&firstResult=36:0
[17841810ms] [WARNING] The resource https://assets.basspro.com/image/upload/b_rgb:FFFFFF,c_pad,dpr_1.0,f_auto,h_375,q_auto,w_600/c_pad,h_375,w_600/v1/ProductImages/UsedGuns/usedgun_102039082_main?pgw=1 was preloaded using link preload but not used within a few seconds from the window's load event. Please make sure it has an appropriate `as` value and it is preloaded intentionally. @ https://www.cabelas.com/l/used-centerfire-pistol#sortCriteria=%40offerprice%20ascending&f-action=Revolver&firstResult=36:0
[17873438ms] [WARNING] The resource https://assets.basspro.com/image/upload/b_rgb:FFFFFF,c_pad,dpr_1.0,f_auto,h_375,q_auto,w_600/c_pad,h_375,w_600/v1/ProductImages/UsedGuns/usedgun_102043796_main?pgw=1 was preloaded using link preload but not used within a few seconds from the window's load event. Please make sure it has an appropriate `as` value and it is preloaded intentionally. @ https://www.cabelas.com/l/used-centerfire-pistol#sortCriteria=%40offerprice%20ascending&f-action=Revolver&firstResult=36:0
[17873438ms] [WARNING] The resource https://assets.basspro.com/image/upload/b_rgb:FFFFFF,c_pad,dpr_1.0,f_auto,h_375,q_auto,w_600/c_pad,h_375,w_600/v1/ProductImages/UsedGuns/usedgun_102021463_main?pgw=1 was preloaded using link preload but not used within a few seconds from the window's load event. Please make sure it has an appropriate `as` value and it is preloaded intentionally. @ https://www.cabelas.com/l/used-centerfire-pistol#sortCriteria=%40offerprice%20ascending&f-action=Revolver&firstResult=36:0
[17873438ms] [WARNING] The resource https://assets.basspro.com/image/upload/b_rgb:FFFFFF,c_pad,dpr_1.0,f_auto,h_375,q_auto,w_600/c_pad,h_375,w_600/v1/ProductImages/UsedGuns/usedgun_102044626_main?pgw=1 was preloaded using link preload but not used within a few seconds from the window's load event. Please make sure it has an appropriate `as` value and it is preloaded intentionally. @ https://www.cabelas.com/l/used-centerfire-pistol#sortCriteria=%40offerprice%20ascending&f-action=Revolver&firstResult=36:0
[17873438ms] [WARNING] The resource https://assets.basspro.com/image/upload/b_rgb:FFFFFF,c_pad,dpr_1.0,f_auto,h_375,q_auto,w_600/c_pad,h_375,w_600/v1/ProductImages/UsedGuns/usedgun_102039082_main?pgw=1 was preloaded using link preload but not used within a few seconds from the window's load event. Please make sure it has an appropriate `as` value and it is preloaded intentionally. @ https://www.cabelas.com/l/used-centerfire-pistol#sortCriteria=%40offerprice%20ascending&f-action=Revolver&firstResult=36:0
